{"type": "FeatureCollection", "features": [{"type": "Feature", "properties": {"grid_id": "06067_5km_0001", "county": "Sacramento County", "county_short": "Sacramento", "geoid": "06067", "grid_km": 5.0, "center_lat": 38.113165, "center_lon": -121.665924, "row_index": 0, "col_index": 0, "is_mock": 1, "shape_model": "county_boundary_clipped_grid", "month": "2020-08", "monthly_fire_probability_pct": 1.33, "risk_score": 0.2344, "risk_level": "low", "mock_ndvi": 0.3496, "mock_avgtempF": 87.12, "mock_humid": 39.07, "mock_wind": 4.93, "county_avgtempF": 86.84, "county_humid": 39.71, "county_wind": 4.77, "county_precip": 0.0, "county_sunHour": 11.52}, "geometry": {"type": "Polygon", "coordinates": [[[-121.660307, 38.09833], [-121.672359, 38.096926], [-121.680406, 38.092265], [-121.685151, 38.09951], [-121.682265, 38.115403], [-121.689919, 38.114589], [-121.695932, 38.105538], [-121.706528, 38.111741], [-121.692095, 38.133126], [-121.6917308159358, 38.13462355874955], [-121.64917563780325, 38.13462355874955], [-121.64917563780325, 38.09431281340838], [-121.660307, 38.09833]]]}}, {"type": "Feature", "properties": {"grid_id": "06067_5km_0002", "county": "Sacramento County", "county_short": "Sacramento", "geoid": "06067", "grid_km": 5.0, "center_lat": 38.121669, "center_lon": -121.620499, "row_index": 0, "col_index": 1, "is_mock": 1, "shape_model": "county_boundary_clipped_grid", "month": "2020-08", "monthly_fire_probability_pct": 1.33, "risk_score": 0.2321, "risk_level": "low", "mock_ndvi": 0.3467, "mock_avgtempF": 87.01, "mock_humid": 39.33, "mock_wind": 4.87, "county_avgtempF": 86.84, "county_humid": 39.71, "county_wind": 4.77, "county_precip": 0.0, "county_sunHour": 11.52}, "geometry": {"type": "Polygon", "coordinates": [[[-121.603555, 38.108714], [-121.630168, 38.101703], [-121.636416, 38.089708], [-121.64917563780325, 38.09431281340838], [-121.64917563780325, 38.13462355874955], [-121.5918232756065, 38.13462355874955], [-121.5918232756065, 38.10354013316064], [-121.603555, 38.108714]]]}}, {"type": "Feature", "properties": {"grid_id": "06067_5km_0003", "county": "Sacramento County", "county_short": "Sacramento", "geoid": "06067", "grid_km": 5.0, "center_lat": 38.115618, "center_lon": -121.587126, "row_index": 0, "col_index": 2, "is_mock": 1, "shape_model": "county_boundary_clipped_grid", "month": "2020-08", "monthly_fire_probability_pct": 1.33, "risk_score": 0.2312, "risk_level": "low", "mock_ndvi": 0.3456, "mock_avgtempF": 86.96, "mock_humid": 39.43, "mock_wind": 4.84, "county_avgtempF": 86.84, "county_humid": 39.71, "county_wind": 4.77, "county_precip": 0.0, "county_sunHour": 11.52}, "geometry": {"type": "Polygon", "coordinates": [[[-121.576344, 38.129054], [-121.584074, 38.120228], [-121.580783, 38.111009], [-121.565751, 38.105279], [-121.569958, 38.096824], [-121.574129, 38.100784], [-121.590984, 38.10317], [-121.5918232756065, 38.10354013316064], [-121.5918232756065, 38.13462355874955], [-121.56579814233591, 38.13462355874955], [-121.576344, 38.129054]]]}}, {"type": "Feature", "properties": {"grid_id": "06067_5km_0004", "county": "Sacramento County", "county_short": "Sacramento", "geoid": "06067", "grid_km": 5.0, "center_lat": 38.147136, "center_lon": -121.668932, "row_index": 1, "col_index": 0, "is_mock": 1, "shape_model": "county_boundary_clipped_grid", "month": "2020-08", "monthly_fire_probability_pct": 1.33, "risk_score": 0.2323, "risk_level": "low", "mock_ndvi": 0.3469, "mock_avgtempF": 87.01, "mock_humid": 39.32, "mock_wind": 4.87, "county_avgtempF": 86.84, "county_humid": 39.71, "county_wind": 4.77, "county_precip": 0.0, "county_sunHour": 11.52}, "geometry": {"type": "Polygon", "coordinates": [[[-121.685645, 38.159649], [-121.68033, 38.162812], [-121.66473173299713, 38.179539117499104], [-121.64917563780325, 38.179539117499104], [-121.64917563780325, 38.13462355874955], [-121.6917308159358, 38.13462355874955], [-121.685645, 38.159649]]]}}, {"type": "Feature", "properties": {"grid_id": "06067_5km_0005", "county": "Sacramento County", "county_short": "Sacramento", "geoid": "06067", "grid_km": 5.0, "center_lat": 38.157081, "center_lon": -121.620499, "row_index": 1, "col_index": 1, "is_mock": 1, "shape_model": "county_boundary_clipped_grid", "month": "2020-08", "monthly_fire_probability_pct": 1.33, "risk_score": 0.2298, "risk_level": "low", "mock_ndvi": 0.3438, "mock_avgtempF": 86.89, "mock_humid": 39.6, "mock_wind": 4.8, "county_avgtempF": 86.84, "county_humid": 39.71, "county_wind": 4.77, "county_precip": 0.0, "county_sunHour": 11.52}, "geometry": {"type": "Polygon", "coordinates": [[[-121.64917563780325, 38.13462355874955], [-121.64917563780325, 38.179539117499104], [-121.5918232756065, 38.179539117499104], [-121.5918232756065, 38.13462355874955], [-121.64917563780325, 38.13462355874955]]]}}, {"type": "Feature", "properties": {"grid_id": "06067_5km_0006", "county": "Sacramento County", "county_short": "Sacramento", "geoid": "06067", "grid_km": 5.0, "center_lat": 38.15487, "center_lon": -121.564027, "row_index": 1, "col_index": 2, "is_mock": 1, "shape_model": "county_boundary_clipped_grid", "month": "2020-08", "monthly_fire_probability_pct": 1.33, "risk_score": 0.2277, "risk_level": "low", "mock_ndvi": 0.3411, "mock_avgtempF": 86.78, "mock_humid": 39.83, "mock_wind": 4.8, "county_avgtempF": 86.84, "county_humid": 39.71, "county_wind": 4.77, "county_precip": 0.0, "county_sunHour": 11.52}, "geometry": {"type": "Polygon", "coordinates": [[[-121.536151, 38.158158], [-121.53631, 38.151581], [-121.559176, 38.143886], [-121.557288, 38.139118], [-121.56579814233591, 38.13462355874955], [-121.5918232756065, 38.13462355874955], [-121.5918232756065, 38.179539117499104], [-121.53447091340975, 38.179539117499104], [-121.53447091340975, 38.16014214077392], [-121.536151, 38.158158]]]}}, {"type": "Feature", "properties": {"grid_id": "06067_5km_0007", "county": "Sacramento County", "county_short": "Sacramento", "geoid": "06067", "grid_km": 5.0, "center_lat": 38.165774, "center_lon": -121.532087, "row_index": 1, "col_index": 3, "is_mock": 1, "shape_model": "county_boundary_clipped_grid", "month": "2020-08", "monthly_fire_probability_pct": 1.33, "risk_score": 0.2257, "risk_level": "low", "mock_ndvi": 0.3386, "mock_avgtempF": 86.68, "mock_humid": 40.06, "mock_wind": 4.86, "county_avgtempF": 86.84, "county_humid": 39.71, "county_wind": 4.77, "county_precip": 0.0, "county_sunHour": 11.52}, "geometry": {"type": "Polygon", "coordinates": [[[-121.524934, 38.171405], [-121.53447091340975, 38.16014214077392], [-121.53447091340975, 38.179539117499104], [-121.52478210890833, 38.179539117499104], [-121.524934, 38.171405]]]}}, {"type": "Feature", "properties": {"grid_id": "06067_5km_0008", "county": "Sacramento County", "county_short": "Sacramento", "geoid": "06067", "grid_km": 5.0, "center_lat": 38.183852, "center_lon": -121.65247, "row_index": 2, "col_index": 0, "is_mock": 1, "shape_model": "county_boundary_clipped_grid", "month": "2020-08", "monthly_fire_probability_pct": 1.33, "risk_score": 0.2292, "risk_level": "low", "mock_ndvi": 0.3431, "mock_avgtempF": 86.86, "mock_humid": 39.66, "mock_wind": 4.79, "county_avgtempF": 86.84, "county_humid": 39.71, "county_wind": 4.77, "county_precip": 0.0, "county_sunHour": 11.52}, "geometry": {"type": "Polygon", "coordinates": [[[-121.662353, 38.18209], [-121.64917563780325, 38.18561406696037], [-121.64917563780325, 38.179539117499104], [-121.66473173299713, 38.179539117499104], [-121.662353, 38.18209]]]}}, {"type": "Feature", "properties": {"grid_id": "06067_5km_0009", "county": "Sacramento County", "county_short": "Sacramento", "geoid": "06067", "grid_km": 5.0, "center_lat": 38.200246, "center_lon": -121.602065, "row_index": 2, "col_index": 1, "is_mock": 1, "shape_model": "county_boundary_clipped_grid", "month": "2020-08", "monthly_fire_probability_pct": 1.33, "risk_score": 0.2262, "risk_level": "low", "mock_ndvi": 0.3393, "mock_avgtempF": 86.71, "mock_humid": 40.0, "mock_wind": 4.84, "county_avgtempF": 86.84, "county_humid": 39.71, "county_wind": 4.77, "county_precip": 0.0, "county_sunHour": 11.52}, "geometry": {"type": "Polygon", "coordinates": [[[-121.645833, 38.186508], [-121.631876, 38.194369], [-121.625782, 38.193289], [-121.621355, 38.193578], [-121.615413, 38.195696], [-121.613503, 38.197538], [-121.61111, 38.202954], [-121.602443, 38.22041], [-121.60238615016516, 38.224454676248655], [-121.5918232756065, 38.224454676248655], [-121.5918232756065, 38.179539117499104], [-121.64917563780325, 38.179539117499104], [-121.64917563780325, 38.18561406696037], [-121.645833, 38.186508]]]}}, {"type": "Feature", "properties": {"grid_id": "06067_5km_0010", "county": "Sacramento County", "county_short": "Sacramento", "geoid": "06067", "grid_km": 5.0, "center_lat": 38.201997, "center_lon": -121.563147, "row_index": 2, "col_index": 2, "is_mock": 1, "shape_model": "county_boundary_clipped_grid", "month": "2020-08", "monthly_fire_probability_pct": 1.33, "risk_score": 0.2245, "risk_level": "low", "mock_ndvi": 0.3372, "mock_avgtempF": 86.63, "mock_humid": 40.18, "mock_wind": 4.89, "county_avgtempF": 86.84, "county_humid": 39.71, "county_wind": 4.77, "county_precip": 0.0, "county_sunHour": 11.52}, "geometry": {"type": "Polygon", "coordinates": [[[-121.5918232756065, 38.179539117499104], [-121.5918232756065, 38.224454676248655], [-121.53447091340975, 38.224454676248655], [-121.53447091340975, 38.179539117499104], [-121.5918232756065, 38.179539117499104]]]}}, {"type": "Feature", "properties": {"grid_id": "06067_5km_0011", "county": "Sacramento County", "county_short": "Sacramento", "geoid": "06067", "grid_km": 5.0, "center_lat": 38.19838, "center_lon": -121.529695, "row_index": 2, "col_index": 3, "is_mock": 1, "shape_model": "county_boundary_clipped_grid", "month": "2020-08", "monthly_fire_probability_pct": 1.33, "risk_score": 0.2234, "risk_level": "low", "mock_ndvi": 0.3359, "mock_avgtempF": 86.57, "mock_humid": 40.31, "mock_wind": 4.92, "county_avgtempF": 86.84, "county_humid": 39.71, "county_wind": 4.77, "county_precip": 0.0, "county_sunHour": 11.52}, "geometry": {"type": "Polygon", "coordinates": [[[-121.507487, 38.222563], [-121.504303, 38.212579], [-121.509935, 38.20458], [-121.520688, 38.202932], [-121.529152, 38.193828], [-121.524695, 38.184204], [-121.52478210890833, 38.179539117499104], [-121.53447091340975, 38.179539117499104], [-121.53447091340975, 38.224454676248655], [-121.50165073417179, 38.224454676248655], [-121.507487, 38.222563]]]}}, {"type": "Feature", "properties": {"grid_id": "06067_5km_0012", "county": "Sacramento County", "county_short": "Sacramento", "geoid": "06067", "grid_km": 5.0, "center_lat": 38.23844, "center_lon": -121.597006, "row_index": 3, "col_index": 1, "is_mock": 1, "shape_model": "county_boundary_clipped_grid", "month": "2020-08", "monthly_fire_probability_pct": 1.33, "risk_score": 0.2238, "risk_level": "low", "mock_ndvi": 0.3363, "mock_avgtempF": 86.59, "mock_humid": 40.27, "mock_wind": 4.91, "county_avgtempF": 86.84, "county_humid": 39.71, "county_wind": 4.77, "county_precip": 0.0, "county_sunHour": 11.52}, "geometry": {"type": "Polygon", "coordinates": [[[-121.601993, 38.252426], [-121.6039263892624, 38.269370234998206], [-121.5918232756065, 38.269370234998206], [-121.5918232756065, 38.224454676248655], [-121.60238615016516, 38.224454676248655], [-121.601993, 38.252426]]]}}, {"type": "Feature", "properties": {"grid_id": "06067_5km_0013", "county": "Sacramento County", "county_short": "Sacramento", "geoid": "06067", "grid_km": 5.0, "center_lat": 38.246912, "center_lon": -121.563147, "row_index": 3, "col_index": 2, "is_mock": 1, "shape_model": "county_boundary_clipped_grid", "month": "2020-08", "monthly_fire_probability_pct": 1.33, "risk_score": 0.222, "risk_level": "low", "mock_ndvi": 0.334, "mock_avgtempF": 86.5, "mock_humid": 40.47, "mock_wind": 4.96, "county_avgtempF": 86.84, "county_humid": 39.71, "county_wind": 4.77, "county_precip": 0.0, "county_sunHour": 11.52}, "geometry": {"type": "Polygon", "coordinates": [[[-121.5918232756065, 38.224454676248655], [-121.5918232756065, 38.269370234998206], [-121.53447091340975, 38.269370234998206], [-121.53447091340975, 38.224454676248655], [-121.5918232756065, 38.224454676248655]]]}}, {"type": "Feature", "properties": {"grid_id": "06067_5km_0014", "county": "Sacramento County", "county_short": "Sacramento", "geoid": "06067", "grid_km": 5.0, "center_lat": 38.249873, "center_lon": -121.506898, "row_index": 3, "col_index": 3, "is_mock": 1, "shape_model": "county_boundary_clipped_grid", "month": "2020-08", "monthly_fire_probability_pct": 1.33, "risk_score": 0.2196, "risk_level": "low", "mock_ndvi": 0.3311, "mock_avgtempF": 86.38, "mock_humid": 40.74, "mock_wind": 5.03, "county_avgtempF": 86.84, "county_humid": 39.71, "county_wind": 4.77, "county_precip": 0.0, "county_sunHour": 11.52}, "geometry": {"type": "Polygon", "coordinates": [[[-121.48007, 38.253576], [-121.478581, 38.246169], [-121.486613, 38.240458], [-121.491669, 38.22769], [-121.50165073417179, 38.224454676248655], [-121.53447091340975, 38.224454676248655], [-121.53447091340975, 38.269370234998206], [-121.477118551213, 38.269370234998206], [-121.477118551213, 38.25577190323487], [-121.48007, 38.253576]]]}}, {"type": "Feature", "properties": {"grid_id": "06067_5km_0015", "county": "Sacramento County", "county_short": "Sacramento", "geoid": "06067", "grid_km": 5.0, "center_lat": 38.25407, "center_lon": -121.424651, "row_index": 3, "col_index": 4, "is_mock": 1, "shape_model": "county_boundary_clipped_grid", "month": "2020-08", "monthly_fire_probability_pct": 1.33, "risk_score": 0.2245, "risk_level": "low", "mock_ndvi": 0.3235, "mock_avgtempF": 86.43, "mock_humid": 40.29, "mock_wind": 5.32, "county_avgtempF": 86.84, "county_humid": 39.71, "county_wind": 4.77, "county_precip": 0.0, "county_sunHour": 11.52}, "geometry": {"type": "Polygon", "coordinates": [[[-121.420517, 38.237242], [-121.428182, 38.253103], [-121.430891, 38.255038], [-121.456, 38.257564], [-121.459017, 38.25756], [-121.471683, 38.259816], [-121.477118551213, 38.25577190323487], [-121.477118551213, 38.269370234998206], [-121.41976618901624, 38.269370234998206], [-121.41976618901624, 38.23690827223456], [-121.420517, 38.237242]]]}}, {"type": "Feature", "properties": {"grid_id": "06067_5km_0016", "county": "Sacramento County", "county_short": "Sacramento", "geoid": "06067", "grid_km": 5.0, "center_lat": 38.253139, "center_lon": -121.39109, "row_index": 3, "col_index": 5, "is_mock": 1, "shape_model": "county_boundary_clipped_grid", "month": "2020-08", "monthly_fire_probability_pct": 1.33, "risk_score": 0.2249, "risk_level": "low", "mock_ndvi": 0.3218, "mock_avgtempF": 86.42, "mock_humid": 40.26, "mock_wind": 5.37, "county_avgtempF": 86.84, "county_humid": 39.71, "county_wind": 4.77, "county_precip": 0.0, "county_sunHour": 11.52}, "geometry": {"type": "Polygon", "coordinates": [[[-121.372102, 38.229939], [-121.389672, 38.23301], [-121.398431, 38.227425], [-121.41976618901624, 38.23690827223456], [-121.41976618901624, 38.269370234998206], [-121.36241382681949, 38.269370234998206], [-121.36241382681949, 38.23054631831878], [-121.372102, 38.229939]]]}}, {"type": "Feature", "properties": {"grid_id": "06067_5km_0017", "county": "Sacramento County", "county_short": "Sacramento", "geoid": "06067", "grid_km": 5.0, "center_lat": 38.253265, "center_lon": -121.333738, "row_index": 3, "col_index": 6, "is_mock": 1, "shape_model": "county_boundary_clipped_grid", "month": "2020-08", "monthly_fire_probability_pct": 1.33, "risk_score": 0.2248, "risk_level": "low", "mock_ndvi": 0.32, "mock_avgtempF": 86.39, "mock_humid": 40.28, "mock_wind": 5.43, "county_avgtempF": 86.84, "county_humid": 39.71, "county_wind": 4.77, "county_precip": 0.0, "county_sunHour": 11.52}, "geometry": {"type": "Polygon", "coordinates": [[[-121.315661, 38.236039], [-121.343742, 38.228374], [-121.345416, 38.228139], [-121.354682, 38.231031], [-121.36241382681949, 38.23054631831878], [-121.36241382681949, 38.269370234998206], [-121.30506146462274, 38.269370234998206], [-121.30506146462274, 38.23716037828876], [-121.315661, 38.236039]]]}}, {"type": "Feature", "properties": {"grid_id": "06067_5km_0018", "county": "Sacramento County", "county_short": "Sacramento", "geoid": "06067", "grid_km": 5.0, "center_lat": 38.260821, "center_lon": -121.276385, "row_index": 3, "col_index": 7, "is_mock": 1, "shape_model": "county_boundary_clipped_grid", "month": "2020-08", "monthly_fire_probability_pct": 1.33, "risk_score": 0.2253, "risk_level": "low", "mock_ndvi": 0.3183, "mock_avgtempF": 86.38, "mock_humid": 40.24, "mock_wind": 5.49, "county_avgtempF": 86.84, "county_humid": 39.71, "county_wind": 4.77, "county_precip": 0.0, "county_sunHour": 11.52}, "geometry": {"type": "Polygon", "coordinates": [[[-121.26838, 38.252271], [-121.282285, 38.249829], [-121.296662, 38.238049], [-121.30506146462274, 38.23716037828876], [-121.30506146462274, 38.269370234998206], [-121.24770910242599, 38.269370234998206], [-121.24770910242599, 38.245220913427715], [-121.26838, 38.252271]]]}}, {"type": "Feature", "properties": {"grid_id": "06067_5km_0019", "county": "Sacramento County", "county_short": "Sacramento", "geoid": "06067", "grid_km": 5.0, "center_lat": 38.2619, "center_lon": -121.219033, "row_index": 3, "col_index": 8, "is_mock": 1, "shape_model": "county_boundary_clipped_grid", "month": "2020-08", "monthly_fire_probability_pct": 1.33, "risk_score": 0.2222, "risk_level": "low", "mock_ndvi": 0.3201, "mock_avgtempF": 86.31, "mock_humid": 40.55, "mock_wind": 5.39, "county_avgtempF": 86.84, "county_humid": 39.71, "county_wind": 4.77, "county_precip": 0.0, "county_sunHour": 11.52}, "geometry": {"type": "Polygon", "coordinates": [[[-121.195752, 38.254187], [-121.203407, 38.248754], [-121.22925, 38.247525], [-121.245698, 38.244535], [-121.24770910242599, 38.245220913427715], [-121.24770910242599, 38.269370234998206], [-121.19035674022923, 38.269370234998206], [-121.19035674022923, 38.254429956830855], [-121.195752, 38.254187]]]}}, {"type": "Feature", "properties": {"grid_id": "06067_5km_0020", "county": "Sacramento County", "county_short": "Sacramento", "geoid": "06067", "grid_km": 5.0, "center_lat": 38.260386, "center_lon": -121.178414, "row_index": 3, "col_index": 9, "is_mock": 1, "shape_model": "county_boundary_clipped_grid", "month": "2020-08", "monthly_fire_probability_pct": 1.33, "risk_score": 0.2183, "risk_level": "low", "mock_ndvi": 0.3231, "mock_avgtempF": 86.23, "mock_humid": 40.93, "mock_wind": 5.26, "county_avgtempF": 86.84, "county_humid": 39.71, "county_wind": 4.77, "county_precip": 0.0, "county_sunHour": 11.52}, "geometry": {"type": "Polygon", "coordinates": [[[-121.159865, 38.265564], [-121.173079, 38.255208], [-121.19035674022923, 38.254429956830855], [-121.19035674022923, 38.269370234998206], [-121.14415998346486, 38.269370234998206], [-121.159865, 38.265564]]]}}, {"type": "Feature", "properties": {"grid_id": "06067_5km_0021", "county": "Sacramento County", "county_short": "Sacramento", "geoid": "06067", "grid_km": 5.0, "center_lat": 38.290736, "center_lon": -121.598589, "row_index": 4, "col_index": 1, "is_mock": 1, "shape_model": "county_boundary_clipped_grid", "month": "2020-08", "monthly_fire_probability_pct": 1.33, "risk_score": 0.2214, "risk_level": "low", "mock_ndvi": 0.3334, "mock_avgtempF": 86.47, "mock_humid": 40.53, "mock_wind": 4.98, "county_avgtempF": 86.84, "county_humid": 39.71, "county_wind": 4.77, "county_precip": 0.0, "county_sunHour": 11.52}, "geometry": {"type": "Polygon", "coordinates": [[[-121.60401, 38.270103], [-121.60073, 38.278375], [-121.60545, 38.28612], [-121.605258, 38.295352], [-121.604506, 38.2974], [-121.596348, 38.311369], [-121.592249, 38.314036], [-121.59217878068304, 38.31428579374776], [-121.5918232756065, 38.31428579374776], [-121.5918232756065, 38.269370234998206], [-121.6039263892624, 38.269370234998206], [-121.60401, 38.270103]]]}}, {"type": "Feature", "properties": {"grid_id": "06067_5km_0022", "county": "Sacramento County", "county_short": "Sacramento", "geoid": "06067", "grid_km": 5.0, "center_lat": 38.291828, "center_lon": -121.563147, "row_index": 4, "col_index": 2, "is_mock": 1, "shape_model": "county_boundary_clipped_grid", "month": "2020-08", "monthly_fire_probability_pct": 1.33, "risk_score": 0.2259, "risk_level": "low", "mock_ndvi": 0.3286, "mock_avgtempF": 86.55, "mock_humid": 40.11, "mock_wind": 5.17, "county_avgtempF": 86.84, "county_humid": 39.71, "county_wind": 4.77, "county_precip": 0.0, "county_sunHour": 11.52}, "geometry": {"type": "Polygon", "coordinates": [[[-121.5918232756065, 38.269370234998206], [-121.5918232756065, 38.31428579374776], [-121.53447091340975, 38.31428579374776], [-121.53447091340975, 38.269370234998206], [-121.5918232756065, 38.269370234998206]]]}}, {"type": "Feature", "properties": {"grid_id": "06067_5km_0023", "county": "Sacramento County", "county_short": "Sacramento", "geoid": "06067", "grid_km": 5.0, "center_lat": 38.291828, "center_lon": -121.505795, "row_index": 4, "col_index": 3, "is_mock": 1, "shape_model": "county_boundary_clipped_grid", "month": "2020-08", "monthly_fire_probability_pct": 1.33, "risk_score": 0.2314, "risk_level": "low", "mock_ndvi": 0.3219, "mock_avgtempF": 86.63, "mock_humid": 39.58, "mock_wind": 5.44, "county_avgtempF": 86.84, "county_humid": 39.71, "county_wind": 4.77, "county_precip": 0.0, "county_sunHour": 11.52}, "geometry": {"type": "Polygon", "coordinates": [[[-121.53447091340975, 38.269370234998206], [-121.53447091340975, 38.31428579374776], [-121.477118551213, 38.31428579374776], [-121.477118551213, 38.269370234998206], [-121.53447091340975, 38.269370234998206]]]}}, {"type": "Feature", "properties": {"grid_id": "06067_5km_0024", "county": "Sacramento County", "county_short": "Sacramento", "geoid": "06067", "grid_km": 5.0, "center_lat": 38.291828, "center_lon": -121.448442, "row_index": 4, "col_index": 4, "is_mock": 1, "shape_model": "county_boundary_clipped_grid", "month": "2020-08", "monthly_fire_probability_pct": 1.33, "risk_score": 0.2352, "risk_level": "low", "mock_ndvi": 0.3165, "mock_avgtempF": 86.68, "mock_humid": 39.22, "mock_wind": 5.65, "county_avgtempF": 86.84, "county_humid": 39.71, "county_wind": 4.77, "county_precip": 0.0, "county_sunHour": 11.52}, "geometry": {"type": "Polygon", "coordinates": [[[-121.477118551213, 38.269370234998206], [-121.477118551213, 38.31428579374776], [-121.41976618901624, 38.31428579374776], [-121.41976618901624, 38.269370234998206], [-121.477118551213, 38.269370234998206]]]}}, {"type": "Feature", "properties": {"grid_id": "06067_5km_0025", "county": "Sacramento County", "county_short": "Sacramento", "geoid": "06067", "grid_km": 5.0, "center_lat": 38.291828, "center_lon": -121.39109, "row_index": 4, "col_index": 5, "is_mock": 1, "shape_model": "county_boundary_clipped_grid", "month": "2020-08", "monthly_fire_probability_pct": 1.33, "risk_score": 0.2371, "risk_level": "low", "mock_ndvi": 0.3128, "mock_avgtempF": 86.68, "mock_humid": 39.05, "mock_wind": 5.79, "county_avgtempF": 86.84, "county_humid": 39.71, "county_wind": 4.77, "county_precip": 0.0, "county_sunHour": 11.52}, "geometry": {"type": "Polygon", "coordinates": [[[-121.41976618901624, 38.269370234998206], [-121.41976618901624, 38.31428579374776], [-121.36241382681949, 38.31428579374776], [-121.36241382681949, 38.269370234998206], [-121.41976618901624, 38.269370234998206]]]}}, {"type": "Feature", "properties": {"grid_id": "06067_5km_0026", "county": "Sacramento County", "county_short": "Sacramento", "geoid": "06067", "grid_km": 5.0, "center_lat": 38.291828, "center_lon": -121.333738, "row_index": 4, "col_index": 6, "is_mock": 1, "shape_model": "county_boundary_clipped_grid", "month": "2020-08", "monthly_fire_probability_pct": 1.33, "risk_score": 0.237, "risk_level": "low", "mock_ndvi": 0.311, "mock_avgtempF": 86.65, "mock_humid": 39.08, "mock_wind": 5.84, "county_avgtempF": 86.84, "county_humid": 39.71, "county_wind": 4.77, "county_precip": 0.0, "county_sunHour": 11.52}, "geometry": {"type": "Polygon", "coordinates": [[[-121.36241382681949, 38.269370234998206], [-121.36241382681949, 38.31428579374776], [-121.30506146462274, 38.31428579374776], [-121.30506146462274, 38.269370234998206], [-121.36241382681949, 38.269370234998206]]]}}, {"type": "Feature", "properties": {"grid_id": "06067_5km_0027", "county": "Sacramento County", "county_short": "Sacramento", "geoid": "06067", "grid_km": 5.0, "center_lat": 38.291828, "center_lon": -121.276385, "row_index": 4, "col_index": 7, "is_mock": 1, "shape_model": "county_boundary_clipped_grid", "month": "2020-08", "monthly_fire_probability_pct": 1.33, "risk_score": 0.235, "risk_level": "low", "mock_ndvi": 0.3112, "mock_avgtempF": 86.59, "mock_humid": 39.28, "mock_wind": 5.81, "county_avgtempF": 86.84, "county_humid": 39.71, "county_wind": 4.77, "county_precip": 0.0, "county_sunHour": 11.52}, "geometry": {"type": "Polygon", "coordinates": [[[-121.30506146462274, 38.269370234998206], [-121.30506146462274, 38.31428579374776], [-121.24770910242599, 38.31428579374776], [-121.24770910242599, 38.269370234998206], [-121.30506146462274, 38.269370234998206]]]}}, {"type": "Feature", "properties": {"grid_id": "06067_5km_0028", "county": "Sacramento County", "county_short": "Sacramento", "geoid": "06067", "grid_km": 5.0, "center_lat": 38.291828, "center_lon": -121.219033, "row_index": 4, "col_index": 8, "is_mock": 1, "shape_model": "county_boundary_clipped_grid", "month": "2020-08", "monthly_fire_probability_pct": 1.33, "risk_score": 0.2312, "risk_level": "low", "mock_ndvi": 0.3135, "mock_avgtempF": 86.5, "mock_humid": 39.67, "mock_wind": 5.7, "county_avgtempF": 86.84, "county_humid": 39.71, "county_wind": 4.77, "county_precip": 0.0, "county_sunHour": 11.52}, "geometry": {"type": "Polygon", "coordinates": [[[-121.24770910242599, 38.269370234998206], [-121.24770910242599, 38.31428579374776], [-121.19035674022923, 38.31428579374776], [-121.19035674022923, 38.269370234998206], [-121.24770910242599, 38.269370234998206]]]}}, {"type": "Feature", "properties": {"grid_id": "06067_5km_0029", "county": "Sacramento County", "county_short": "Sacramento", "geoid": "06067", "grid_km": 5.0, "center_lat": 38.293459, "center_lon": -121.161681, "row_index": 4, "col_index": 9, "is_mock": 1, "shape_model": "county_boundary_clipped_grid", "month": "2020-08", "monthly_fire_probability_pct": 1.33, "risk_score": 0.2262, "risk_level": "low", "mock_ndvi": 0.3173, "mock_avgtempF": 86.4, "mock_humid": 40.16, "mock_wind": 5.52, "county_avgtempF": 86.84, "county_humid": 39.71, "county_wind": 4.77, "county_precip": 0.0, "county_sunHour": 11.52}, "geometry": {"type": "Polygon", "coordinates": [[[-121.133825, 38.271875], [-121.14415998346486, 38.269370234998206], [-121.19035674022923, 38.269370234998206], [-121.19035674022923, 38.31428579374776], [-121.13300437803248, 38.31428579374776], [-121.13300437803248, 38.27263166152623], [-121.133825, 38.271875]]]}}, {"type": "Feature", "properties": {"grid_id": "06067_5km_0030", "county": "Sacramento County", "county_short": "Sacramento", "geoid": "06067", "grid_km": 5.0, "center_lat": 38.303615, "center_lon": -121.104328, "row_index": 4, "col_index": 10, "is_mock": 1, "shape_model": "county_boundary_clipped_grid", "month": "2020-08", "monthly_fire_probability_pct": 1.33, "risk_score": 0.2219, "risk_level": "low", "mock_ndvi": 0.3213, "mock_avgtempF": 86.32, "mock_humid": 40.57, "mock_wind": 5.35, "county_avgtempF": 86.84, "county_humid": 39.71, "county_wind": 4.77, "county_precip": 0.0, "county_sunHour": 11.52}, "geometry": {"type": "Polygon", "coordinates": [[[-121.083847, 38.28652], [-121.09544, 38.281633], [-121.102092, 38.28323], [-121.116829, 38.277349], [-121.127782, 38.277447], [-121.13300437803248, 38.27263166152623], [-121.13300437803248, 38.31428579374776], [-121.07565201583573, 38.31428579374776], [-121.07565201583573, 38.29294451699724], [-121.083847, 38.28652]]]}}, {"type": "Feature", "properties": {"grid_id": "06067_5km_0031", "county": "Sacramento County", "county_short": "Sacramento", "geoid": "06067", "grid_km": 5.0, "center_lat": 38.307269, "center_lon": -121.051371, "row_index": 4, "col_index": 11, "is_mock": 1, "shape_model": "county_boundary_clipped_grid", "month": "2020-08", "monthly_fire_probability_pct": 1.33, "risk_score": 0.2163, "risk_level": "low", "mock_ndvi": 0.3269, "mock_avgtempF": 86.22, "mock_humid": 41.11, "mock_wind": 5.12, "county_avgtempF": 86.84, "county_humid": 39.71, "county_wind": 4.77, "county_precip": 0.0, "county_sunHour": 11.52}, "geometry": {"type": "Polygon", "coordinates": [[[-121.04057, 38.297718], [-121.046599, 38.291777], [-121.049411, 38.291601], [-121.066653, 38.299146], [-121.068887, 38.298248], [-121.07565201583573, 38.29294451699724], [-121.07565201583573, 38.31428579374776], [-121.0270972170121, 38.31428579374776], [-121.027084, 38.300252], [-121.04057, 38.297718]]]}}, {"type": "Feature", "properties": {"grid_id": "06067_5km_0032", "county": "Sacramento County", "county_short": "Sacramento", "geoid": "06067", "grid_km": 5.0, "center_lat": 38.314918, "center_lon": -121.591912, "row_index": 5, "col_index": 1, "is_mock": 1, "shape_model": "county_boundary_clipped_grid", "month": "2020-08", "monthly_fire_probability_pct": 1.33, "risk_score": 0.228, "risk_level": "low", "mock_ndvi": 0.3283, "mock_avgtempF": 86.61, "mock_humid": 39.89, "mock_wind": 5.21, "county_avgtempF": 86.84, "county_humid": 39.71, "county_wind": 4.77, "county_precip": 0.0, "county_sunHour": 11.52}, "geometry": {"type": "Polygon", "coordinates": [[[-121.5918232756065, 38.31555044497563], [-121.5918232756065, 38.31428579374776], [-121.59217878068304, 38.31428579374776], [-121.5918232756065, 38.31555044497563]]]}}, {"type": "Feature", "properties": {"grid_id": "06067_5km_0033", "county": "Sacramento County", "county_short": "Sacramento", "geoid": "06067", "grid_km": 5.0, "center_lat": 38.335017, "center_lon": -121.551242, "row_index": 5, "col_index": 2, "is_mock": 1, "shape_model": "county_boundary_clipped_grid", "month": "2020-08", "monthly_fire_probability_pct": 1.33, "risk_score": 0.2377, "risk_level": "low", "mock_ndvi": 0.3198, "mock_avgtempF": 86.8, "mock_humid": 38.94, "mock_wind": 5.58, "county_avgtempF": 86.84, "county_humid": 39.71, "county_wind": 4.77, "county_precip": 0.0, "county_sunHour": 11.52}, "geometry": {"type": "Polygon", "coordinates": [[[-121.589816, 38.322691], [-121.576672, 38.327466], [-121.559353, 38.342567], [-121.537225, 38.347591], [-121.53447091340975, 38.34980236328952], [-121.53447091340975, 38.31428579374776], [-121.5918232756065, 38.31428579374776], [-121.5918232756065, 38.31555044497563], [-121.589816, 38.322691]]]}}, {"type": "Feature", "properties": {"grid_id": "06067_5km_0034", "county": "Sacramento County", "county_short": "Sacramento", "geoid": "06067", "grid_km": 5.0, "center_lat": 38.332044, "center_lon": -121.505795, "row_index": 5, "col_index": 3, "is_mock": 1, "shape_model": "county_boundary_clipped_grid", "month": "2020-08", "monthly_fire_probability_pct": 1.33, "risk_score": 0.2419, "risk_level": "low", "mock_ndvi": 0.3147, "mock_avgtempF": 86.86, "mock_humid": 38.55, "mock_wind": 5.78, "county_avgtempF": 86.84, "county_humid": 39.71, "county_wind": 4.77, "county_precip": 0.0, "county_sunHour": 11.52}, "geometry": {"type": "Polygon", "coordinates": [[[-121.52276517954783, 38.35920135249731], [-121.477118551213, 38.35920135249731], [-121.477118551213, 38.31428579374776], [-121.53447091340975, 38.31428579374776], [-121.53447091340975, 38.34980236328952], [-121.52276517954783, 38.35920135249731]]]}}, {"type": "Feature", "properties": {"grid_id": "06067_5km_0035", "county": "Sacramento County", "county_short": "Sacramento", "geoid": "06067", "grid_km": 5.0, "center_lat": 38.336744, "center_lon": -121.448442, "row_index": 5, "col_index": 4, "is_mock": 1, "shape_model": "county_boundary_clipped_grid", "month": "2020-08", "monthly_fire_probability_pct": 1.33, "risk_score": 0.2475, "risk_level": "low", "mock_ndvi": 0.3083, "mock_avgtempF": 86.95, "mock_humid": 38.01, "mock_wind": 6.04, "county_avgtempF": 86.84, "county_humid": 39.71, "county_wind": 4.77, "county_precip": 0.0, "county_sunHour": 11.52}, "geometry": {"type": "Polygon", "coordinates": [[[-121.477118551213, 38.31428579374776], [-121.477118551213, 38.35920135249731], [-121.41976618901624, 38.35920135249731], [-121.41976618901624, 38.31428579374776], [-121.477118551213, 38.31428579374776]]]}}, {"type": "Feature", "properties": {"grid_id": "06067_5km_0036", "county": "Sacramento County", "county_short": "Sacramento", "geoid": "06067", "grid_km": 5.0, "center_lat": 38.336744, "center_lon": -121.39109, "row_index": 5, "col_index": 5, "is_mock": 1, "shape_model": "county_boundary_clipped_grid", "month": "2020-08", "monthly_fire_probability_pct": 1.33, "risk_score": 0.25, "risk_level": "low", "mock_ndvi": 0.3043, "mock_avgtempF": 86.97, "mock_humid": 37.79, "mock_wind": 6.19, "county_avgtempF": 86.84, "county_humid": 39.71, "county_wind": 4.77, "county_precip": 0.0, "county_sunHour": 11.52}, "geometry": {"type": "Polygon", "coordinates": [[[-121.41976618901624, 38.31428579374776], [-121.41976618901624, 38.35920135249731], [-121.36241382681949, 38.35920135249731], [-121.36241382681949, 38.31428579374776], [-121.41976618901624, 38.31428579374776]]]}}, {"type": "Feature", "properties": {"grid_id": "06067_5km_0037", "county": "Sacramento County", "county_short": "Sacramento", "geoid": "06067", "grid_km": 5.0, "center_lat": 38.336744, "center_lon": -121.333738, "row_index": 5, "col_index": 6, "is_mock": 1, "shape_model": "county_boundary_clipped_grid", "month": "2020-08", "monthly_fire_probability_pct": 1.33, "risk_score": 0.25, "risk_level": "low", "mock_ndvi": 0.3024, "mock_avgtempF": 86.95, "mock_humid": 37.79, "mock_wind": 6.25, "county_avgtempF": 86.84, "county_humid": 39.71, "county_wind": 4.77, "county_precip": 0.0, "county_sunHour": 11.52}, "geometry": {"type": "Polygon", "coordinates": [[[-121.36241382681949, 38.31428579374776], [-121.36241382681949, 38.35920135249731], [-121.30506146462274, 38.35920135249731], [-121.30506146462274, 38.31428579374776], [-121.36241382681949, 38.31428579374776]]]}}, {"type": "Feature", "properties": {"grid_id": "06067_5km_0038", "county": "Sacramento County", "county_short": "Sacramento", "geoid": "06067", "grid_km": 5.0, "center_lat": 38.336744, "center_lon": -121.276385, "row_index": 5, "col_index": 7, "is_mock": 1, "shape_model": "county_boundary_clipped_grid", "month": "2020-08", "monthly_fire_probability_pct": 1.33, "risk_score": 0.2477, "risk_level": "low", "mock_ndvi": 0.3027, "mock_avgtempF": 86.88, "mock_humid": 38.03, "mock_wind": 6.22, "county_avgtempF": 86.84, "county_humid": 39.71, "county_wind": 4.77, "county_precip": 0.0, "county_sunHour": 11.52}, "geometry": {"type": "Polygon", "coordinates": [[[-121.30506146462274, 38.31428579374776], [-121.30506146462274, 38.35920135249731], [-121.24770910242599, 38.35920135249731], [-121.24770910242599, 38.31428579374776], [-121.30506146462274, 38.31428579374776]]]}}, {"type": "Feature", "properties": {"grid_id": "06067_5km_0039", "county": "Sacramento County", "county_short": "Sacramento", "geoid": "06067", "grid_km": 5.0, "center_lat": 38.336744, "center_lon": -121.219033, "row_index": 5, "col_index": 8, "is_mock": 1, "shape_model": "county_boundary_clipped_grid", "month": "2020-08", "monthly_fire_probability_pct": 1.33, "risk_score": 0.2433, "risk_level": "low", "mock_ndvi": 0.3053, "mock_avgtempF": 86.78, "mock_humid": 38.47, "mock_wind": 6.09, "county_avgtempF": 86.84, "county_humid": 39.71, "county_wind": 4.77, "county_precip": 0.0, "county_sunHour": 11.52}, "geometry": {"type": "Polygon", "coordinates": [[[-121.24770910242599, 38.31428579374776], [-121.24770910242599, 38.35920135249731], [-121.19035674022923, 38.35920135249731], [-121.19035674022923, 38.31428579374776], [-121.24770910242599, 38.31428579374776]]]}}, {"type": "Feature", "properties": {"grid_id": "06067_5km_0040", "county": "Sacramento County", "county_short": "Sacramento", "geoid": "06067", "grid_km": 5.0, "center_lat": 38.336744, "center_lon": -121.161681, "row_index": 5, "col_index": 9, "is_mock": 1, "shape_model": "county_boundary_clipped_grid", "month": "2020-08", "monthly_fire_probability_pct": 1.33, "risk_score": 0.2371, "risk_level": "low", "mock_ndvi": 0.3099, "mock_avgtempF": 86.64, "mock_humid": 39.08, "mock_wind": 5.88, "county_avgtempF": 86.84, "county_humid": 39.71, "county_wind": 4.77, "county_precip": 0.0, "county_sunHour": 11.52}, "geometry": {"type": "Polygon", "coordinates": [[[-121.19035674022923, 38.31428579374776], [-121.19035674022923, 38.35920135249731], [-121.13300437803248, 38.35920135249731], [-121.13300437803248, 38.31428579374776], [-121.19035674022923, 38.31428579374776]]]}}, {"type": "Feature", "properties": {"grid_id": "06067_5km_0041", "county": "Sacramento County", "county_short": "Sacramento", "geoid": "06067", "grid_km": 5.0, "center_lat": 38.336744, "center_lon": -121.104328, "row_index": 5, "col_index": 10, "is_mock": 1, "shape_model": "county_boundary_clipped_grid", "month": "2020-08", "monthly_fire_probability_pct": 1.33, "risk_score": 0.2295, "risk_level": "low", "mock_ndvi": 0.3161, "mock_avgtempF": 86.49, "mock_humid": 39.82, "mock_wind": 5.6, "county_avgtempF": 86.84, "county_humid": 39.71, "county_wind": 4.77, "county_precip": 0.0, "county_sunHour": 11.52}, "geometry": {"type": "Polygon", "coordinates": [[[-121.13300437803248, 38.31428579374776], [-121.13300437803248, 38.35920135249731], [-121.07565201583573, 38.35920135249731], [-121.07565201583573, 38.31428579374776], [-121.13300437803248, 38.31428579374776]]]}}, {"type": "Feature", "properties": {"grid_id": "06067_5km_0042", "county": "Sacramento County", "county_short": "Sacramento", "geoid": "06067", "grid_km": 5.0, "center_lat": 38.336744, "center_lon": -121.051385, "row_index": 5, "col_index": 11, "is_mock": 1, "shape_model": "county_boundary_clipped_grid", "month": "2020-08", "monthly_fire_probability_pct": 1.33, "risk_score": 0.2214, "risk_level": "low", "mock_ndvi": 0.3232, "mock_avgtempF": 86.33, "mock_humid": 40.61, "mock_wind": 5.29, "county_avgtempF": 86.84, "county_humid": 39.71, "county_wind": 4.77, "county_precip": 0.0, "county_sunHour": 11.52}, "geometry": {"type": "Polygon", "coordinates": [[[-121.0270972170121, 38.31428579374776], [-121.07565201583573, 38.31428579374776], [-121.07565201583573, 38.35920135249731], [-121.0271395184378, 38.35920135249731], [-121.0270972170121, 38.31428579374776]]]}}, {"type": "Feature", "properties": {"grid_id": "06067_5km_0043", "county": "Sacramento County", "county_short": "Sacramento", "geoid": "06067", "grid_km": 5.0, "center_lat": 38.383174, "center_lon": -121.498324, "row_index": 6, "col_index": 3, "is_mock": 1, "shape_model": "county_boundary_clipped_grid", "month": "2020-08", "monthly_fire_probability_pct": 1.33, "risk_score": 0.2533, "risk_level": "low", "mock_ndvi": 0.3079, "mock_avgtempF": 87.13, "mock_humid": 37.41, "mock_wind": 6.12, "county_avgtempF": 86.84, "county_humid": 39.71, "county_wind": 4.77, "county_precip": 0.0, "county_sunHour": 11.52}, "geometry": {"type": "Polygon", "coordinates": [[[-121.521641, 38.360104], [-121.523241, 38.380582], [-121.515817, 38.385766], [-121.513081, 38.396038], [-121.51555133934653, 38.40411691124686], [-121.477118551213, 38.40411691124686], [-121.477118551213, 38.35920135249731], [-121.52276517954783, 38.35920135249731], [-121.521641, 38.360104]]]}}, {"type": "Feature", "properties": {"grid_id": "06067_5km_0044", "county": "Sacramento County", "county_short": "Sacramento", "geoid": "06067", "grid_km": 5.0, "center_lat": 38.381659, "center_lon": -121.448442, "row_index": 6, "col_index": 4, "is_mock": 1, "shape_model": "county_boundary_clipped_grid", "month": "2020-08", "monthly_fire_probability_pct": 1.33, "risk_score": 0.2577, "risk_level": "low", "mock_ndvi": 0.3027, "mock_avgtempF": 87.2, "mock_humid": 37.0, "mock_wind": 6.33, "county_avgtempF": 86.84, "county_humid": 39.71, "county_wind": 4.77, "county_precip": 0.0, "county_sunHour": 11.52}, "geometry": {"type": "Polygon", "coordinates": [[[-121.477118551213, 38.35920135249731], [-121.477118551213, 38.40411691124686], [-121.41976618901624, 38.40411691124686], [-121.41976618901624, 38.35920135249731], [-121.477118551213, 38.35920135249731]]]}}, {"type": "Feature", "properties": {"grid_id": "06067_5km_0045", "county": "Sacramento County", "county_short": "Sacramento", "geoid": "06067", "grid_km": 5.0, "center_lat": 38.381659, "center_lon": -121.39109, "row_index": 6, "col_index": 5, "is_mock": 1, "shape_model": "county_boundary_clipped_grid", "month": "2020-08", "monthly_fire_probability_pct": 1.33, "risk_score": 0.261, "risk_level": "low", "mock_ndvi": 0.2983, "mock_avgtempF": 87.24, "mock_humid": 36.69, "mock_wind": 6.5, "county_avgtempF": 86.84, "county_humid": 39.71, "county_wind": 4.77, "county_precip": 0.0, "county_sunHour": 11.52}, "geometry": {"type": "Polygon", "coordinates": [[[-121.41976618901624, 38.35920135249731], [-121.41976618901624, 38.40411691124686], [-121.36241382681949, 38.40411691124686], [-121.36241382681949, 38.35920135249731], [-121.41976618901624, 38.35920135249731]]]}}, {"type": "Feature", "properties": {"grid_id": "06067_5km_0046", "county": "Sacramento County", "county_short": "Sacramento", "geoid": "06067", "grid_km": 5.0, "center_lat": 38.381659, "center_lon": -121.333738, "row_index": 6, "col_index": 6, "is_mock": 1, "shape_model": "county_boundary_clipped_grid", "month": "2020-08", "monthly_fire_probability_pct": 1.33, "risk_score": 0.2614, "risk_level": "low", "mock_ndvi": 0.2962, "mock_avgtempF": 87.23, "mock_humid": 36.66, "mock_wind": 6.57, "county_avgtempF": 86.84, "county_humid": 39.71, "county_wind": 4.77, "county_precip": 0.0, "county_sunHour": 11.52}, "geometry": {"type": "Polygon", "coordinates": [[[-121.36241382681949, 38.35920135249731], [-121.36241382681949, 38.40411691124686], [-121.30506146462274, 38.40411691124686], [-121.30506146462274, 38.35920135249731], [-121.36241382681949, 38.35920135249731]]]}}, {"type": "Feature", "properties": {"grid_id": "06067_5km_0047", "county": "Sacramento County", "county_short": "Sacramento", "geoid": "06067", "grid_km": 5.0, "center_lat": 38.381659, "center_lon": -121.276385, "row_index": 6, "col_index": 7, "is_mock": 1, "shape_model": "county_boundary_clipped_grid", "month": "2020-08", "monthly_fire_probability_pct": 1.33, "risk_score": 0.2586, "risk_level": "low", "mock_ndvi": 0.2968, "mock_avgtempF": 87.15, "mock_humid": 36.95, "mock_wind": 6.52, "county_avgtempF": 86.84, "county_humid": 39.71, "county_wind": 4.77, "county_precip": 0.0, "county_sunHour": 11.52}, "geometry": {"type": "Polygon", "coordinates": [[[-121.30506146462274, 38.35920135249731], [-121.30506146462274, 38.40411691124686], [-121.24770910242599, 38.40411691124686], [-121.24770910242599, 38.35920135249731], [-121.30506146462274, 38.35920135249731]]]}}, {"type": "Feature", "properties": {"grid_id": "06067_5km_0048", "county": "Sacramento County", "county_short": "Sacramento", "geoid": "06067", "grid_km": 5.0, "center_lat": 38.381659, "center_lon": -121.219033, "row_index": 6, "col_index": 8, "is_mock": 1, "shape_model": "county_boundary_clipped_grid", "month": "2020-08", "monthly_fire_probability_pct": 1.33, "risk_score": 0.2532, "risk_level": "low", "mock_ndvi": 0.2999, "mock_avgtempF": 87.02, "mock_humid": 37.48, "mock_wind": 6.37, "county_avgtempF": 86.84, "county_humid": 39.71, "county_wind": 4.77, "county_precip": 0.0, "county_sunHour": 11.52}, "geometry": {"type": "Polygon", "coordinates": [[[-121.24770910242599, 38.35920135249731], [-121.24770910242599, 38.40411691124686], [-121.19035674022923, 38.40411691124686], [-121.19035674022923, 38.35920135249731], [-121.24770910242599, 38.35920135249731]]]}}, {"type": "Feature", "properties": {"grid_id": "06067_5km_0049", "county": "Sacramento County", "county_short": "Sacramento", "geoid": "06067", "grid_km": 5.0, "center_lat": 38.381659, "center_lon": -121.161681, "row_index": 6, "col_index": 9, "is_mock": 1, "shape_model": "county_boundary_clipped_grid", "month": "2020-08", "monthly_fire_probability_pct": 1.33, "risk_score": 0.2461, "risk_level": "low", "mock_ndvi": 0.3049, "mock_avgtempF": 86.86, "mock_humid": 38.18, "mock_wind": 6.13, "county_avgtempF": 86.84, "county_humid": 39.71, "county_wind": 4.77, "county_precip": 0.0, "county_sunHour": 11.52}, "geometry": {"type": "Polygon", "coordinates": [[[-121.19035674022923, 38.35920135249731], [-121.19035674022923, 38.40411691124686], [-121.13300437803248, 38.40411691124686], [-121.13300437803248, 38.35920135249731], [-121.19035674022923, 38.35920135249731]]]}}, {"type": "Feature", "properties": {"grid_id": "06067_5km_0050", "county": "Sacramento County", "county_short": "Sacramento", "geoid": "06067", "grid_km": 5.0, "center_lat": 38.381659, "center_lon": -121.104328, "row_index": 6, "col_index": 10, "is_mock": 1, "shape_model": "county_boundary_clipped_grid", "month": "2020-08", "monthly_fire_probability_pct": 1.33, "risk_score": 0.2377, "risk_level": "low", "mock_ndvi": 0.3116, "mock_avgtempF": 86.69, "mock_humid": 39.0, "mock_wind": 5.83, "county_avgtempF": 86.84, "county_humid": 39.71, "county_wind": 4.77, "county_precip": 0.0, "county_sunHour": 11.52}, "geometry": {"type": "Polygon", "coordinates": [[[-121.13300437803248, 38.35920135249731], [-121.13300437803248, 38.40411691124686], [-121.07565201583573, 38.40411691124686], [-121.07565201583573, 38.35920135249731], [-121.13300437803248, 38.35920135249731]]]}}, {"type": "Feature", "properties": {"grid_id": "06067_5km_0051", "county": "Sacramento County", "county_short": "Sacramento", "geoid": "06067", "grid_km": 5.0, "center_lat": 38.381659, "center_lon": -121.051406, "row_index": 6, "col_index": 11, "is_mock": 1, "shape_model": "county_boundary_clipped_grid", "month": "2020-08", "monthly_fire_probability_pct": 1.33, "risk_score": 0.229, "risk_level": "low", "mock_ndvi": 0.3189, "mock_avgtempF": 86.51, "mock_humid": 39.85, "mock_wind": 5.51, "county_avgtempF": 86.84, "county_humid": 39.71, "county_wind": 4.77, "county_precip": 0.0, "county_sunHour": 11.52}, "geometry": {"type": "Polygon", "coordinates": [[[-121.0271395184378, 38.35920135249731], [-121.07565201583573, 38.35920135249731], [-121.07565201583573, 38.40411691124686], [-121.0271818198635, 38.40411691124686], [-121.0271395184378, 38.35920135249731]]]}}, {"type": "Feature", "properties": {"grid_id": "06067_5km_0052", "county": "Sacramento County", "county_short": "Sacramento", "geoid": "06067", "grid_km": 5.0, "center_lat": 38.417718, "center_lon": -121.50064, "row_index": 7, "col_index": 3, "is_mock": 1, "shape_model": "county_boundary_clipped_grid", "month": "2020-08", "monthly_fire_probability_pct": 1.33, "risk_score": 0.258, "risk_level": "low", "mock_ndvi": 0.3066, "mock_avgtempF": 87.26, "mock_humid": 36.94, "mock_wind": 6.21, "county_avgtempF": 86.84, "county_humid": 39.71, "county_wind": 4.77, "county_precip": 0.0, "county_sunHour": 11.52}, "geometry": {"type": "Polygon", "coordinates": [[[-121.516506, 38.407239], [-121.531818, 38.428197], [-121.531913, 38.432709], [-121.530316, 38.433892], [-121.527046, 38.434821], [-121.515352, 38.434518], [-121.504872, 38.438606], [-121.502982, 38.440718], [-121.50104576706057, 38.44903246999641], [-121.477118551213, 38.44903246999641], [-121.477118551213, 38.40411691124686], [-121.51555133934653, 38.40411691124686], [-121.516506, 38.407239]]]}}, {"type": "Feature", "properties": {"grid_id": "06067_5km_0053", "county": "Sacramento County", "county_short": "Sacramento", "geoid": "06067", "grid_km": 5.0, "center_lat": 38.426575, "center_lon": -121.448442, "row_index": 7, "col_index": 4, "is_mock": 1, "shape_model": "county_boundary_clipped_grid", "month": "2020-08", "monthly_fire_probability_pct": 1.33, "risk_score": 0.2645, "risk_level": "low", "mock_ndvi": 0.3005, "mock_avgtempF": 87.39, "mock_humid": 36.3, "mock_wind": 6.48, "county_avgtempF": 86.84, "county_humid": 39.71, "county_wind": 4.77, "county_precip": 0.0, "county_sunHour": 11.52}, "geometry": {"type": "Polygon", "coordinates": [[[-121.477118551213, 38.40411691124686], [-121.477118551213, 38.44903246999641], [-121.41976618901624, 38.44903246999641], [-121.41976618901624, 38.40411691124686], [-121.477118551213, 38.40411691124686]]]}}, {"type": "Feature", "properties": {"grid_id": "06067_5km_0054", "county": "Sacramento County", "county_short": "Sacramento", "geoid": "06067", "grid_km": 5.0, "center_lat": 38.426575, "center_lon": -121.39109, "row_index": 7, "col_index": 5, "is_mock": 1, "shape_model": "county_boundary_clipped_grid", "month": "2020-08", "monthly_fire_probability_pct": 1.33, "risk_score": 0.269, "risk_level": "low", "mock_ndvi": 0.2954, "mock_avgtempF": 87.46, "mock_humid": 35.87, "mock_wind": 6.68, "county_avgtempF": 86.84, "county_humid": 39.71, "county_wind": 4.77, "county_precip": 0.0, "county_sunHour": 11.52}, "geometry": {"type": "Polygon", "coordinates": [[[-121.41976618901624, 38.40411691124686], [-121.41976618901624, 38.44903246999641], [-121.36241382681949, 38.44903246999641], [-121.36241382681949, 38.40411691124686], [-121.41976618901624, 38.40411691124686]]]}}, {"type": "Feature", "properties": {"grid_id": "06067_5km_0055", "county": "Sacramento County", "county_short": "Sacramento", "geoid": "06067", "grid_km": 5.0, "center_lat": 38.426575, "center_lon": -121.333738, "row_index": 7, "col_index": 6, "is_mock": 1, "shape_model": "county_boundary_clipped_grid", "month": "2020-08", "monthly_fire_probability_pct": 1.33, "risk_score": 0.2702, "risk_level": "low", "mock_ndvi": 0.293, "mock_avgtempF": 87.46, "mock_humid": 35.77, "mock_wind": 6.77, "county_avgtempF": 86.84, "county_humid": 39.71, "county_wind": 4.77, "county_precip": 0.0, "county_sunHour": 11.52}, "geometry": {"type": "Polygon", "coordinates": [[[-121.36241382681949, 38.40411691124686], [-121.36241382681949, 38.44903246999641], [-121.30506146462274, 38.44903246999641], [-121.30506146462274, 38.40411691124686], [-121.36241382681949, 38.40411691124686]]]}}, {"type": "Feature", "properties": {"grid_id": "06067_5km_0056", "county": "Sacramento County", "county_short": "Sacramento", "geoid": "06067", "grid_km": 5.0, "center_lat": 38.426575, "center_lon": -121.276385, "row_index": 7, "col_index": 7, "is_mock": 1, "shape_model": "county_boundary_clipped_grid", "month": "2020-08", "monthly_fire_probability_pct": 1.33, "risk_score": 0.2663, "risk_level": "low", "mock_ndvi": 0.2941, "mock_avgtempF": 87.36, "mock_humid": 36.16, "mock_wind": 6.69, "county_avgtempF": 86.84, "county_humid": 39.71, "county_wind": 4.77, "county_precip": 0.0, "county_sunHour": 11.52}, "geometry": {"type": "Polygon", "coordinates": [[[-121.30506146462274, 38.40411691124686], [-121.30506146462274, 38.44903246999641], [-121.24770910242599, 38.44903246999641], [-121.24770910242599, 38.40411691124686], [-121.30506146462274, 38.40411691124686]]]}}, {"type": "Feature", "properties": {"grid_id": "06067_5km_0057", "county": "Sacramento County", "county_short": "Sacramento", "geoid": "06067", "grid_km": 5.0, "center_lat": 38.426575, "center_lon": -121.219033, "row_index": 7, "col_index": 8, "is_mock": 1, "shape_model": "county_boundary_clipped_grid", "month": "2020-08", "monthly_fire_probability_pct": 1.33, "risk_score": 0.2599, "risk_level": "low", "mock_ndvi": 0.2977, "mock_avgtempF": 87.2, "mock_humid": 36.81, "mock_wind": 6.51, "county_avgtempF": 86.84, "county_humid": 39.71, "county_wind": 4.77, "county_precip": 0.0, "county_sunHour": 11.52}, "geometry": {"type": "Polygon", "coordinates": [[[-121.24770910242599, 38.40411691124686], [-121.24770910242599, 38.44903246999641], [-121.19035674022923, 38.44903246999641], [-121.19035674022923, 38.40411691124686], [-121.24770910242599, 38.40411691124686]]]}}, {"type": "Feature", "properties": {"grid_id": "06067_5km_0058", "county": "Sacramento County", "county_short": "Sacramento", "geoid": "06067", "grid_km": 5.0, "center_lat": 38.426575, "center_lon": -121.161681, "row_index": 7, "col_index": 9, "is_mock": 1, "shape_model": "county_boundary_clipped_grid", "month": "2020-08", "monthly_fire_probability_pct": 1.33, "risk_score": 0.2519, "risk_level": "low", "mock_ndvi": 0.3032, "mock_avgtempF": 87.02, "mock_humid": 37.59, "mock_wind": 6.25, "county_avgtempF": 86.84, "county_humid": 39.71, "county_wind": 4.77, "county_precip": 0.0, "county_sunHour": 11.52}, "geometry": {"type": "Polygon", "coordinates": [[[-121.19035674022923, 38.40411691124686], [-121.19035674022923, 38.44903246999641], [-121.13300437803248, 38.44903246999641], [-121.13300437803248, 38.40411691124686], [-121.19035674022923, 38.40411691124686]]]}}, {"type": "Feature", "properties": {"grid_id": "06067_5km_0059", "county": "Sacramento County", "county_short": "Sacramento", "geoid": "06067", "grid_km": 5.0, "center_lat": 38.426575, "center_lon": -121.104328, "row_index": 7, "col_index": 10, "is_mock": 1, "shape_model": "county_boundary_clipped_grid", "month": "2020-08", "monthly_fire_probability_pct": 1.33, "risk_score": 0.2429, "risk_level": "low", "mock_ndvi": 0.3101, "mock_avgtempF": 86.83, "mock_humid": 38.47, "mock_wind": 5.94, "county_avgtempF": 86.84, "county_humid": 39.71, "county_wind": 4.77, "county_precip": 0.0, "county_sunHour": 11.52}, "geometry": {"type": "Polygon", "coordinates": [[[-121.13300437803248, 38.40411691124686], [-121.13300437803248, 38.44903246999641], [-121.07565201583573, 38.44903246999641], [-121.07565201583573, 38.40411691124686], [-121.13300437803248, 38.40411691124686]]]}}, {"type": "Feature", "properties": {"grid_id": "06067_5km_0060", "county": "Sacramento County", "county_short": "Sacramento", "geoid": "06067", "grid_km": 5.0, "center_lat": 38.426575, "center_lon": -121.051427, "row_index": 7, "col_index": 11, "is_mock": 1, "shape_model": "county_boundary_clipped_grid", "month": "2020-08", "monthly_fire_probability_pct": 1.33, "risk_score": 0.2338, "risk_level": "low", "mock_ndvi": 0.3176, "mock_avgtempF": 86.65, "mock_humid": 39.36, "mock_wind": 5.6, "county_avgtempF": 86.84, "county_humid": 39.71, "county_wind": 4.77, "county_precip": 0.0, "county_sunHour": 11.52}, "geometry": {"type": "Polygon", "coordinates": [[[-121.0271818198635, 38.40411691124686], [-121.07565201583573, 38.40411691124686], [-121.07565201583573, 38.44903246999641], [-121.0272241212892, 38.44903246999641], [-121.0271818198635, 38.40411691124686]]]}}, {"type": "Feature", "properties": {"grid_id": "06067_5km_0061", "county": "Sacramento County", "county_short": "Sacramento", "geoid": "06067", "grid_km": 5.0, "center_lat": 38.487578, "center_lon": -121.543187, "row_index": 8, "col_index": 2, "is_mock": 1, "shape_model": "county_boundary_clipped_grid", "month": "2020-08", "monthly_fire_probability_pct": 1.33, "risk_score": 0.2545, "risk_level": "low", "mock_ndvi": 0.3155, "mock_avgtempF": 87.28, "mock_humid": 37.24, "mock_wind": 5.9, "county_avgtempF": 86.84, "county_humid": 39.71, "county_wind": 4.77, "county_precip": 0.0, "county_sunHour": 11.52}, "geometry": {"type": "Polygon", "coordinates": [[[-121.538766, 38.474707], [-121.547467, 38.481207], [-121.55634021644808, 38.49394802874596], [-121.53447091340975, 38.49394802874596], [-121.53447091340975, 38.474434346254114], [-121.538766, 38.474707]]]}}, {"type": "Feature", "properties": {"grid_id": "06067_5km_0062", "county": "Sacramento County", "county_short": "Sacramento", "geoid": "06067", "grid_km": 5.0, "center_lat": 38.469686, "center_lon": -121.491811, "row_index": 8, "col_index": 3, "is_mock": 1, "shape_model": "county_boundary_clipped_grid", "month": "2020-08", "monthly_fire_probability_pct": 1.33, "risk_score": 0.2616, "risk_level": "low", "mock_ndvi": 0.3071, "mock_avgtempF": 87.39, "mock_humid": 36.56, "mock_wind": 6.24, "county_avgtempF": 86.84, "county_humid": 39.71, "county_wind": 4.77, "county_precip": 0.0, "county_sunHour": 11.52}, "geometry": {"type": "Polygon", "coordinates": [[[-121.501017, 38.449156], [-121.504139, 38.466563], [-121.508867, 38.472809], [-121.53447091340975, 38.474434346254114], [-121.53447091340975, 38.49394802874596], [-121.477118551213, 38.49394802874596], [-121.477118551213, 38.44903246999641], [-121.50104576706057, 38.44903246999641], [-121.501017, 38.449156]]]}}, {"type": "Feature", "properties": {"grid_id": "06067_5km_0063", "county": "Sacramento County", "county_short": "Sacramento", "geoid": "06067", "grid_km": 5.0, "center_lat": 38.47149, "center_lon": -121.448442, "row_index": 8, "col_index": 4, "is_mock": 1, "shape_model": "county_boundary_clipped_grid", "month": "2020-08", "monthly_fire_probability_pct": 1.33, "risk_score": 0.2662, "risk_level": "low", "mock_ndvi": 0.3023, "mock_avgtempF": 87.47, "mock_humid": 36.12, "mock_wind": 6.44, "county_avgtempF": 86.84, "county_humid": 39.71, "county_wind": 4.77, "county_precip": 0.0, "county_sunHour": 11.52}, "geometry": {"type": "Polygon", "coordinates": [[[-121.477118551213, 38.44903246999641], [-121.477118551213, 38.49394802874596], [-121.41976618901624, 38.49394802874596], [-121.41976618901624, 38.44903246999641], [-121.477118551213, 38.44903246999641]]]}}, {"type": "Feature", "properties": {"grid_id": "06067_5km_0064", "county": "Sacramento County", "county_short": "Sacramento", "geoid": "06067", "grid_km": 5.0, "center_lat": 38.47149, "center_lon": -121.39109, "row_index": 8, "col_index": 5, "is_mock": 1, "shape_model": "county_boundary_clipped_grid", "month": "2020-08", "monthly_fire_probability_pct": 1.33, "risk_score": 0.2708, "risk_level": "low", "mock_ndvi": 0.2973, "mock_avgtempF": 87.54, "mock_humid": 35.68, "mock_wind": 6.65, "county_avgtempF": 86.84, "county_humid": 39.71, "county_wind": 4.77, "county_precip": 0.0, "county_sunHour": 11.52}, "geometry": {"type": "Polygon", "coordinates": [[[-121.41976618901624, 38.44903246999641], [-121.41976618901624, 38.49394802874596], [-121.36241382681949, 38.49394802874596], [-121.36241382681949, 38.44903246999641], [-121.41976618901624, 38.44903246999641]]]}}, {"type": "Feature", "properties": {"grid_id": "06067_5km_0065", "county": "Sacramento County", "county_short": "Sacramento", "geoid": "06067", "grid_km": 5.0, "center_lat": 38.47149, "center_lon": -121.333738, "row_index": 8, "col_index": 6, "is_mock": 1, "shape_model": "county_boundary_clipped_grid", "month": "2020-08", "monthly_fire_probability_pct": 1.33, "risk_score": 0.272, "risk_level": "low", "mock_ndvi": 0.2948, "mock_avgtempF": 87.55, "mock_humid": 35.57, "mock_wind": 6.74, "county_avgtempF": 86.84, "county_humid": 39.71, "county_wind": 4.77, "county_precip": 0.0, "county_sunHour": 11.52}, "geometry": {"type": "Polygon", "coordinates": [[[-121.36241382681949, 38.44903246999641], [-121.36241382681949, 38.49394802874596], [-121.30506146462274, 38.49394802874596], [-121.30506146462274, 38.44903246999641], [-121.36241382681949, 38.44903246999641]]]}}, {"type": "Feature", "properties": {"grid_id": "06067_5km_0066", "county": "Sacramento County", "county_short": "Sacramento", "geoid": "06067", "grid_km": 5.0, "center_lat": 38.47149, "center_lon": -121.276385, "row_index": 8, "col_index": 7, "is_mock": 1, "shape_model": "county_boundary_clipped_grid", "month": "2020-08", "monthly_fire_probability_pct": 1.33, "risk_score": 0.2681, "risk_level": "low", "mock_ndvi": 0.296, "mock_avgtempF": 87.44, "mock_humid": 35.97, "mock_wind": 6.65, "county_avgtempF": 86.84, "county_humid": 39.71, "county_wind": 4.77, "county_precip": 0.0, "county_sunHour": 11.52}, "geometry": {"type": "Polygon", "coordinates": [[[-121.30506146462274, 38.44903246999641], [-121.30506146462274, 38.49394802874596], [-121.24770910242599, 38.49394802874596], [-121.24770910242599, 38.44903246999641], [-121.30506146462274, 38.44903246999641]]]}}, {"type": "Feature", "properties": {"grid_id": "06067_5km_0067", "county": "Sacramento County", "county_short": "Sacramento", "geoid": "06067", "grid_km": 5.0, "center_lat": 38.47149, "center_lon": -121.219033, "row_index": 8, "col_index": 8, "is_mock": 1, "shape_model": "county_boundary_clipped_grid", "month": "2020-08", "monthly_fire_probability_pct": 1.33, "risk_score": 0.2615, "risk_level": "low", "mock_ndvi": 0.2996, "mock_avgtempF": 87.28, "mock_humid": 36.62, "mock_wind": 6.47, "county_avgtempF": 86.84, "county_humid": 39.71, "county_wind": 4.77, "county_precip": 0.0, "county_sunHour": 11.52}, "geometry": {"type": "Polygon", "coordinates": [[[-121.24770910242599, 38.44903246999641], [-121.24770910242599, 38.49394802874596], [-121.19035674022923, 38.49394802874596], [-121.19035674022923, 38.44903246999641], [-121.24770910242599, 38.44903246999641]]]}}, {"type": "Feature", "properties": {"grid_id": "06067_5km_0068", "county": "Sacramento County", "county_short": "Sacramento", "geoid": "06067", "grid_km": 5.0, "center_lat": 38.47149, "center_lon": -121.161681, "row_index": 8, "col_index": 9, "is_mock": 1, "shape_model": "county_boundary_clipped_grid", "month": "2020-08", "monthly_fire_probability_pct": 1.33, "risk_score": 0.2536, "risk_level": "low", "mock_ndvi": 0.305, "mock_avgtempF": 87.1, "mock_humid": 37.41, "mock_wind": 6.21, "county_avgtempF": 86.84, "county_humid": 39.71, "county_wind": 4.77, "county_precip": 0.0, "county_sunHour": 11.52}, "geometry": {"type": "Polygon", "coordinates": [[[-121.19035674022923, 38.44903246999641], [-121.19035674022923, 38.49394802874596], [-121.13300437803248, 38.49394802874596], [-121.13300437803248, 38.44903246999641], [-121.19035674022923, 38.44903246999641]]]}}, {"type": "Feature", "properties": {"grid_id": "06067_5km_0069", "county": "Sacramento County", "county_short": "Sacramento", "geoid": "06067", "grid_km": 5.0, "center_lat": 38.47149, "center_lon": -121.104328, "row_index": 8, "col_index": 10, "is_mock": 1, "shape_model": "county_boundary_clipped_grid", "month": "2020-08", "monthly_fire_probability_pct": 1.33, "risk_score": 0.2446, "risk_level": "low", "mock_ndvi": 0.312, "mock_avgtempF": 86.91, "mock_humid": 38.29, "mock_wind": 5.9, "county_avgtempF": 86.84, "county_humid": 39.71, "county_wind": 4.77, "county_precip": 0.0, "county_sunHour": 11.52}, "geometry": {"type": "Polygon", "coordinates": [[[-121.13300437803248, 38.44903246999641], [-121.13300437803248, 38.49394802874596], [-121.07565201583573, 38.49394802874596], [-121.07565201583573, 38.44903246999641], [-121.13300437803248, 38.44903246999641]]]}}, {"type": "Feature", "properties": {"grid_id": "06067_5km_0070", "county": "Sacramento County", "county_short": "Sacramento", "geoid": "06067", "grid_km": 5.0, "center_lat": 38.469142, "center_lon": -121.051448, "row_index": 8, "col_index": 11, "is_mock": 1, "shape_model": "county_boundary_clipped_grid", "month": "2020-08", "monthly_fire_probability_pct": 1.33, "risk_score": 0.2354, "risk_level": "low", "mock_ndvi": 0.3193, "mock_avgtempF": 86.72, "mock_humid": 39.18, "mock_wind": 5.57, "county_avgtempF": 86.84, "county_humid": 39.71, "county_wind": 4.77, "county_precip": 0.0, "county_sunHour": 11.52}, "geometry": {"type": "Polygon", "coordinates": [[[-121.027262, 38.489252], [-121.0272241212892, 38.44903246999641], [-121.07565201583573, 38.44903246999641], [-121.07565201583573, 38.49394802874596], [-121.02730932839721, 38.49394802874596], [-121.027262, 38.489252]]]}}, {"type": "Feature", "properties": {"grid_id": "06067_5km_0071", "county": "Sacramento County", "county_short": "Sacramento", "geoid": "06067", "grid_km": 5.0, "center_lat": 38.505907, "center_lon": -121.544994, "row_index": 9, "col_index": 2, "is_mock": 1, "shape_model": "county_boundary_clipped_grid", "month": "2020-08", "monthly_fire_probability_pct": 1.33, "risk_score": 0.2532, "risk_level": "low", "mock_ndvi": 0.3179, "mock_avgtempF": 87.27, "mock_humid": 37.36, "mock_wind": 5.81, "county_avgtempF": 86.84, "county_humid": 39.71, "county_wind": 4.77, "county_precip": 0.0, "county_sunHour": 11.52}, "geometry": {"type": "Polygon", "coordinates": [[[-121.559167, 38.498007], [-121.551867, 38.513806], [-121.53447091340975, 38.517166718740285], [-121.53447091340975, 38.49394802874596], [-121.55634021644808, 38.49394802874596], [-121.559167, 38.498007]]]}}, {"type": "Feature", "properties": {"grid_id": "06067_5km_0072", "county": "Sacramento County", "county_short": "Sacramento", "geoid": "06067", "grid_km": 5.0, "center_lat": 38.505557, "center_lon": -121.505795, "row_index": 9, "col_index": 3, "is_mock": 1, "shape_model": "county_boundary_clipped_grid", "month": "2020-08", "monthly_fire_probability_pct": 1.33, "risk_score": 0.2581, "risk_level": "low", "mock_ndvi": 0.3128, "mock_avgtempF": 87.36, "mock_humid": 36.88, "mock_wind": 6.02, "county_avgtempF": 86.84, "county_humid": 39.71, "county_wind": 4.77, "county_precip": 0.0, "county_sunHour": 11.52}, "geometry": {"type": "Polygon", "coordinates": [[[-121.525178, 38.518962], [-121.528467, 38.532106], [-121.51600038736146, 38.53886358749551], [-121.477118551213, 38.53886358749551], [-121.477118551213, 38.49394802874596], [-121.53447091340975, 38.49394802874596], [-121.53447091340975, 38.517166718740285], [-121.525178, 38.518962]]]}}, {"type": "Feature", "properties": {"grid_id": "06067_5km_0073", "county": "Sacramento County", "county_short": "Sacramento", "geoid": "06067", "grid_km": 5.0, "center_lat": 38.516406, "center_lon": -121.448442, "row_index": 9, "col_index": 4, "is_mock": 1, "shape_model": "county_boundary_clipped_grid", "month": "2020-08", "monthly_fire_probability_pct": 1.33, "risk_score": 0.2625, "risk_level": "low", "mock_ndvi": 0.3081, "mock_avgtempF": 87.43, "mock_humid": 36.46, "mock_wind": 6.22, "county_avgtempF": 86.84, "county_humid": 39.71, "county_wind": 4.77, "county_precip": 0.0, "county_sunHour": 11.52}, "geometry": {"type": "Polygon", "coordinates": [[[-121.477118551213, 38.49394802874596], [-121.477118551213, 38.53886358749551], [-121.41976618901624, 38.53886358749551], [-121.41976618901624, 38.49394802874596], [-121.477118551213, 38.49394802874596]]]}}, {"type": "Feature", "properties": {"grid_id": "06067_5km_0074", "county": "Sacramento County", "county_short": "Sacramento", "geoid": "06067", "grid_km": 5.0, "center_lat": 38.516406, "center_lon": -121.39109, "row_index": 9, "col_index": 5, "is_mock": 1, "shape_model": "county_boundary_clipped_grid", "month": "2020-08", "monthly_fire_probability_pct": 1.33, "risk_score": 0.2658, "risk_level": "low", "mock_ndvi": 0.3037, "mock_avgtempF": 87.48, "mock_humid": 36.14, "mock_wind": 6.39, "county_avgtempF": 86.84, "county_humid": 39.71, "county_wind": 4.77, "county_precip": 0.0, "county_sunHour": 11.52}, "geometry": {"type": "Polygon", "coordinates": [[[-121.41976618901624, 38.49394802874596], [-121.41976618901624, 38.53886358749551], [-121.36241382681949, 38.53886358749551], [-121.36241382681949, 38.49394802874596], [-121.41976618901624, 38.49394802874596]]]}}, {"type": "Feature", "properties": {"grid_id": "06067_5km_0075", "county": "Sacramento County", "county_short": "Sacramento", "geoid": "06067", "grid_km": 5.0, "center_lat": 38.516406, "center_lon": -121.333738, "row_index": 9, "col_index": 6, "is_mock": 1, "shape_model": "county_boundary_clipped_grid", "month": "2020-08", "monthly_fire_probability_pct": 1.33, "risk_score": 0.2663, "risk_level": "low", "mock_ndvi": 0.3016, "mock_avgtempF": 87.46, "mock_humid": 36.12, "mock_wind": 6.46, "county_avgtempF": 86.84, "county_humid": 39.71, "county_wind": 4.77, "county_precip": 0.0, "county_sunHour": 11.52}, "geometry": {"type": "Polygon", "coordinates": [[[-121.36241382681949, 38.49394802874596], [-121.36241382681949, 38.53886358749551], [-121.30506146462274, 38.53886358749551], [-121.30506146462274, 38.49394802874596], [-121.36241382681949, 38.49394802874596]]]}}, {"type": "Feature", "properties": {"grid_id": "06067_5km_0076", "county": "Sacramento County", "county_short": "Sacramento", "geoid": "06067", "grid_km": 5.0, "center_lat": 38.516406, "center_lon": -121.276385, "row_index": 9, "col_index": 7, "is_mock": 1, "shape_model": "county_boundary_clipped_grid", "month": "2020-08", "monthly_fire_probability_pct": 1.33, "risk_score": 0.2635, "risk_level": "low", "mock_ndvi": 0.3022, "mock_avgtempF": 87.38, "mock_humid": 36.4, "mock_wind": 6.41, "county_avgtempF": 86.84, "county_humid": 39.71, "county_wind": 4.77, "county_precip": 0.0, "county_sunHour": 11.52}, "geometry": {"type": "Polygon", "coordinates": [[[-121.30506146462274, 38.49394802874596], [-121.30506146462274, 38.53886358749551], [-121.24770910242599, 38.53886358749551], [-121.24770910242599, 38.49394802874596], [-121.30506146462274, 38.49394802874596]]]}}, {"type": "Feature", "properties": {"grid_id": "06067_5km_0077", "county": "Sacramento County", "county_short": "Sacramento", "geoid": "06067", "grid_km": 5.0, "center_lat": 38.516406, "center_lon": -121.219033, "row_index": 9, "col_index": 8, "is_mock": 1, "shape_model": "county_boundary_clipped_grid", "month": "2020-08", "monthly_fire_probability_pct": 1.33, "risk_score": 0.2581, "risk_level": "low", "mock_ndvi": 0.3053, "mock_avgtempF": 87.25, "mock_humid": 36.94, "mock_wind": 6.25, "county_avgtempF": 86.84, "county_humid": 39.71, "county_wind": 4.77, "county_precip": 0.0, "county_sunHour": 11.52}, "geometry": {"type": "Polygon", "coordinates": [[[-121.24770910242599, 38.49394802874596], [-121.24770910242599, 38.53886358749551], [-121.19035674022923, 38.53886358749551], [-121.19035674022923, 38.49394802874596], [-121.24770910242599, 38.49394802874596]]]}}, {"type": "Feature", "properties": {"grid_id": "06067_5km_0078", "county": "Sacramento County", "county_short": "Sacramento", "geoid": "06067", "grid_km": 5.0, "center_lat": 38.516406, "center_lon": -121.161681, "row_index": 9, "col_index": 9, "is_mock": 1, "shape_model": "county_boundary_clipped_grid", "month": "2020-08", "monthly_fire_probability_pct": 1.33, "risk_score": 0.2509, "risk_level": "low", "mock_ndvi": 0.3103, "mock_avgtempF": 87.09, "mock_humid": 37.64, "mock_wind": 6.02, "county_avgtempF": 86.84, "county_humid": 39.71, "county_wind": 4.77, "county_precip": 0.0, "county_sunHour": 11.52}, "geometry": {"type": "Polygon", "coordinates": [[[-121.19035674022923, 38.49394802874596], [-121.19035674022923, 38.53886358749551], [-121.13300437803248, 38.53886358749551], [-121.13300437803248, 38.49394802874596], [-121.19035674022923, 38.49394802874596]]]}}, {"type": "Feature", "properties": {"grid_id": "06067_5km_0079", "county": "Sacramento County", "county_short": "Sacramento", "geoid": "06067", "grid_km": 5.0, "center_lat": 38.516406, "center_lon": -121.104328, "row_index": 9, "col_index": 10, "is_mock": 1, "shape_model": "county_boundary_clipped_grid", "month": "2020-08", "monthly_fire_probability_pct": 1.33, "risk_score": 0.2425, "risk_level": "low", "mock_ndvi": 0.317, "mock_avgtempF": 86.92, "mock_humid": 38.47, "mock_wind": 5.72, "county_avgtempF": 86.84, "county_humid": 39.71, "county_wind": 4.77, "county_precip": 0.0, "county_sunHour": 11.52}, "geometry": {"type": "Polygon", "coordinates": [[[-121.13300437803248, 38.49394802874596], [-121.13300437803248, 38.53886358749551], [-121.07565201583573, 38.53886358749551], [-121.07565201583573, 38.49394802874596], [-121.13300437803248, 38.49394802874596]]]}}, {"type": "Feature", "properties": {"grid_id": "06067_5km_0080", "county": "Sacramento County", "county_short": "Sacramento", "geoid": "06067", "grid_km": 5.0, "center_lat": 38.510571, "center_lon": -121.052565, "row_index": 9, "col_index": 11, "is_mock": 1, "shape_model": "county_boundary_clipped_grid", "month": "2020-08", "monthly_fire_probability_pct": 1.33, "risk_score": 0.2343, "risk_level": "low", "mock_ndvi": 0.3234, "mock_avgtempF": 86.75, "mock_humid": 39.27, "mock_wind": 5.43, "county_avgtempF": 86.84, "county_humid": 39.71, "county_wind": 4.77, "county_precip": 0.0, "county_sunHour": 11.52}, "geometry": {"type": "Polygon", "coordinates": [[[-121.03155, 38.517603], [-121.027406, 38.50354], [-121.02730932839721, 38.49394802874596], [-121.07565201583573, 38.49394802874596], [-121.07565201583573, 38.53886358749551], [-121.04074443802645, 38.53886358749551], [-121.03155, 38.517603]]]}}, {"type": "Feature", "properties": {"grid_id": "06067_5km_0081", "county": "Sacramento County", "county_short": "Sacramento", "geoid": "06067", "grid_km": 5.0, "center_lat": 38.556247, "center_lon": -121.496623, "row_index": 10, "col_index": 3, "is_mock": 1, "shape_model": "county_boundary_clipped_grid", "month": "2020-08", "monthly_fire_probability_pct": 1.33, "risk_score": 0.2522, "risk_level": "low", "mock_ndvi": 0.3204, "mock_avgtempF": 87.28, "mock_humid": 37.44, "mock_wind": 5.72, "county_avgtempF": 86.84, "county_humid": 39.71, "county_wind": 4.77, "county_precip": 0.0, "county_sunHour": 11.52}, "geometry": {"type": "Polygon", "coordinates": [[[-121.513546, 38.540194], [-121.51129, 38.54629], [-121.520965, 38.566205], [-121.511566, 38.575005], [-121.5074530218885, 38.583779146245064], [-121.477118551213, 38.583779146245064], [-121.477118551213, 38.53886358749551], [-121.51600038736146, 38.53886358749551], [-121.513546, 38.540194]]]}}, {"type": "Feature", "properties": {"grid_id": "06067_5km_0082", "county": "Sacramento County", "county_short": "Sacramento", "geoid": "06067", "grid_km": 5.0, "center_lat": 38.561321, "center_lon": -121.448442, "row_index": 10, "col_index": 4, "is_mock": 1, "shape_model": "county_boundary_clipped_grid", "month": "2020-08", "monthly_fire_probability_pct": 1.33, "risk_score": 0.255, "risk_level": "low", "mock_ndvi": 0.3167, "mock_avgtempF": 87.31, "mock_humid": 37.18, "mock_wind": 5.87, "county_avgtempF": 86.84, "county_humid": 39.71, "county_wind": 4.77, "county_precip": 0.0, "county_sunHour": 11.52}, "geometry": {"type": "Polygon", "coordinates": [[[-121.477118551213, 38.53886358749551], [-121.477118551213, 38.583779146245064], [-121.41976618901624, 38.583779146245064], [-121.41976618901624, 38.53886358749551], [-121.477118551213, 38.53886358749551]]]}}, {"type": "Feature", "properties": {"grid_id": "06067_5km_0083", "county": "Sacramento County", "county_short": "Sacramento", "geoid": "06067", "grid_km": 5.0, "center_lat": 38.561321, "center_lon": -121.39109, "row_index": 10, "col_index": 5, "is_mock": 1, "shape_model": "county_boundary_clipped_grid", "month": "2020-08", "monthly_fire_probability_pct": 1.33, "risk_score": 0.2575, "risk_level": "low", "mock_ndvi": 0.3127, "mock_avgtempF": 87.34, "mock_humid": 36.95, "mock_wind": 6.02, "county_avgtempF": 86.84, "county_humid": 39.71, "county_wind": 4.77, "county_precip": 0.0, "county_sunHour": 11.52}, "geometry": {"type": "Polygon", "coordinates": [[[-121.41976618901624, 38.53886358749551], [-121.41976618901624, 38.583779146245064], [-121.36241382681949, 38.583779146245064], [-121.36241382681949, 38.53886358749551], [-121.41976618901624, 38.53886358749551]]]}}, {"type": "Feature", "properties": {"grid_id": "06067_5km_0084", "county": "Sacramento County", "county_short": "Sacramento", "geoid": "06067", "grid_km": 5.0, "center_lat": 38.561321, "center_lon": -121.333738, "row_index": 10, "col_index": 6, "is_mock": 1, "shape_model": "county_boundary_clipped_grid", "month": "2020-08", "monthly_fire_probability_pct": 1.33, "risk_score": 0.2576, "risk_level": "low", "mock_ndvi": 0.3108, "mock_avgtempF": 87.31, "mock_humid": 36.95, "mock_wind": 6.08, "county_avgtempF": 86.84, "county_humid": 39.71, "county_wind": 4.77, "county_precip": 0.0, "county_sunHour": 11.52}, "geometry": {"type": "Polygon", "coordinates": [[[-121.36241382681949, 38.53886358749551], [-121.36241382681949, 38.583779146245064], [-121.30506146462274, 38.583779146245064], [-121.30506146462274, 38.53886358749551], [-121.36241382681949, 38.53886358749551]]]}}, {"type": "Feature", "properties": {"grid_id": "06067_5km_0085", "county": "Sacramento County", "county_short": "Sacramento", "geoid": "06067", "grid_km": 5.0, "center_lat": 38.561321, "center_lon": -121.276385, "row_index": 10, "col_index": 7, "is_mock": 1, "shape_model": "county_boundary_clipped_grid", "month": "2020-08", "monthly_fire_probability_pct": 1.33, "risk_score": 0.2552, "risk_level": "low", "mock_ndvi": 0.3112, "mock_avgtempF": 87.24, "mock_humid": 37.19, "mock_wind": 6.04, "county_avgtempF": 86.84, "county_humid": 39.71, "county_wind": 4.77, "county_precip": 0.0, "county_sunHour": 11.52}, "geometry": {"type": "Polygon", "coordinates": [[[-121.30506146462274, 38.53886358749551], [-121.30506146462274, 38.583779146245064], [-121.24770910242599, 38.583779146245064], [-121.24770910242599, 38.53886358749551], [-121.30506146462274, 38.53886358749551]]]}}, {"type": "Feature", "properties": {"grid_id": "06067_5km_0086", "county": "Sacramento County", "county_short": "Sacramento", "geoid": "06067", "grid_km": 5.0, "center_lat": 38.561321, "center_lon": -121.219033, "row_index": 10, "col_index": 8, "is_mock": 1, "shape_model": "county_boundary_clipped_grid", "month": "2020-08", "monthly_fire_probability_pct": 1.33, "risk_score": 0.2508, "risk_level": "low", "mock_ndvi": 0.3137, "mock_avgtempF": 87.14, "mock_humid": 37.63, "mock_wind": 5.91, "county_avgtempF": 86.84, "county_humid": 39.71, "county_wind": 4.77, "county_precip": 0.0, "county_sunHour": 11.52}, "geometry": {"type": "Polygon", "coordinates": [[[-121.24770910242599, 38.53886358749551], [-121.24770910242599, 38.583779146245064], [-121.19035674022923, 38.583779146245064], [-121.19035674022923, 38.53886358749551], [-121.24770910242599, 38.53886358749551]]]}}, {"type": "Feature", "properties": {"grid_id": "06067_5km_0087", "county": "Sacramento County", "county_short": "Sacramento", "geoid": "06067", "grid_km": 5.0, "center_lat": 38.561321, "center_lon": -121.161681, "row_index": 10, "col_index": 9, "is_mock": 1, "shape_model": "county_boundary_clipped_grid", "month": "2020-08", "monthly_fire_probability_pct": 1.33, "risk_score": 0.2445, "risk_level": "low", "mock_ndvi": 0.3183, "mock_avgtempF": 87.0, "mock_humid": 38.25, "mock_wind": 5.7, "county_avgtempF": 86.84, "county_humid": 39.71, "county_wind": 4.77, "county_precip": 0.0, "county_sunHour": 11.52}, "geometry": {"type": "Polygon", "coordinates": [[[-121.19035674022923, 38.53886358749551], [-121.19035674022923, 38.583779146245064], [-121.13300437803248, 38.583779146245064], [-121.13300437803248, 38.53886358749551], [-121.19035674022923, 38.53886358749551]]]}}, {"type": "Feature", "properties": {"grid_id": "06067_5km_0088", "county": "Sacramento County", "county_short": "Sacramento", "geoid": "06067", "grid_km": 5.0, "center_lat": 38.561321, "center_lon": -121.104328, "row_index": 10, "col_index": 10, "is_mock": 1, "shape_model": "county_boundary_clipped_grid", "month": "2020-08", "monthly_fire_probability_pct": 1.33, "risk_score": 0.2369, "risk_level": "low", "mock_ndvi": 0.3246, "mock_avgtempF": 86.84, "mock_humid": 38.99, "mock_wind": 5.42, "county_avgtempF": 86.84, "county_humid": 39.71, "county_wind": 4.77, "county_precip": 0.0, "county_sunHour": 11.52}, "geometry": {"type": "Polygon", "coordinates": [[[-121.13300437803248, 38.53886358749551], [-121.13300437803248, 38.583779146245064], [-121.07565201583573, 38.583779146245064], [-121.07565201583573, 38.53886358749551], [-121.13300437803248, 38.53886358749551]]]}}, {"type": "Feature", "properties": {"grid_id": "06067_5km_0089", "county": "Sacramento County", "county_short": "Sacramento", "geoid": "06067", "grid_km": 5.0, "center_lat": 38.561321, "center_lon": -121.063054, "row_index": 10, "col_index": 11, "is_mock": 1, "shape_model": "county_boundary_clipped_grid", "month": "2020-08", "monthly_fire_probability_pct": 1.33, "risk_score": 0.2306, "risk_level": "low", "mock_ndvi": 0.33, "mock_avgtempF": 86.72, "mock_humid": 39.6, "mock_wind": 5.18, "county_avgtempF": 86.84, "county_humid": 39.71, "county_wind": 4.77, "county_precip": 0.0, "county_sunHour": 11.52}, "geometry": {"type": "Polygon", "coordinates": [[[-121.04074443802645, 38.53886358749551], [-121.07565201583573, 38.53886358749551], [-121.07565201583573, 38.583779146245064], [-121.06016879878005, 38.583779146245064], [-121.04074443802645, 38.53886358749551]]]}}, {"type": "Feature", "properties": {"grid_id": "06067_5km_0090", "county": "Sacramento County", "county_short": "Sacramento", "geoid": "06067", "grid_km": 5.0, "center_lat": 38.618449, "center_lon": -121.547396, "row_index": 11, "col_index": 2, "is_mock": 1, "shape_model": "county_boundary_clipped_grid", "month": "2020-08", "monthly_fire_probability_pct": 1.33, "risk_score": 0.234, "risk_level": "low", "mock_ndvi": 0.3402, "mock_avgtempF": 86.97, "mock_humid": 39.19, "mock_wind": 4.91, "county_avgtempF": 86.84, "county_humid": 39.71, "county_wind": 4.77, "county_precip": 0.0, "county_sunHour": 11.52}, "geometry": {"type": "Polygon", "coordinates": [[[-121.549869, 38.599405], [-121.558268, 38.608204], [-121.5623733518042, 38.628694704994615], [-121.53447091340975, 38.628694704994615], [-121.53447091340975, 38.603010740572145], [-121.549869, 38.599405]]]}}, {"type": "Feature", "properties": {"grid_id": "06067_5km_0091", "county": "Sacramento County", "county_short": "Sacramento", "geoid": "06067", "grid_km": 5.0, "center_lat": 38.616649, "center_lon": -121.505795, "row_index": 11, "col_index": 3, "is_mock": 1, "shape_model": "county_boundary_clipped_grid", "month": "2020-08", "monthly_fire_probability_pct": 1.33, "risk_score": 0.2382, "risk_level": "low", "mock_ndvi": 0.3351, "mock_avgtempF": 87.04, "mock_humid": 38.78, "mock_wind": 5.11, "county_avgtempF": 86.84, "county_humid": 39.71, "county_wind": 4.77, "county_precip": 0.0, "county_sunHour": 11.52}, "geometry": {"type": "Polygon", "coordinates": [[[-121.506269, 38.586305], [-121.508668, 38.596803], [-121.515766, 38.602704], [-121.527667, 38.604604], [-121.53447091340975, 38.603010740572145], [-121.53447091340975, 38.628694704994615], [-121.477118551213, 38.628694704994615], [-121.477118551213, 38.583779146245064], [-121.5074530218885, 38.583779146245064], [-121.506269, 38.586305]]]}}, {"type": "Feature", "properties": {"grid_id": "06067_5km_0092", "county": "Sacramento County", "county_short": "Sacramento", "geoid": "06067", "grid_km": 5.0, "center_lat": 38.606237, "center_lon": -121.448442, "row_index": 11, "col_index": 4, "is_mock": 1, "shape_model": "county_boundary_clipped_grid", "month": "2020-08", "monthly_fire_probability_pct": 1.33, "risk_score": 0.2446, "risk_level": "low", "mock_ndvi": 0.3271, "mock_avgtempF": 87.13, "mock_humid": 38.17, "mock_wind": 5.43, "county_avgtempF": 86.84, "county_humid": 39.71, "county_wind": 4.77, "county_precip": 0.0, "county_sunHour": 11.52}, "geometry": {"type": "Polygon", "coordinates": [[[-121.477118551213, 38.583779146245064], [-121.477118551213, 38.628694704994615], [-121.41976618901624, 38.628694704994615], [-121.41976618901624, 38.583779146245064], [-121.477118551213, 38.583779146245064]]]}}, {"type": "Feature", "properties": {"grid_id": "06067_5km_0093", "county": "Sacramento County", "county_short": "Sacramento", "geoid": "06067", "grid_km": 5.0, "center_lat": 38.606237, "center_lon": -121.39109, "row_index": 11, "col_index": 5, "is_mock": 1, "shape_model": "county_boundary_clipped_grid", "month": "2020-08", "monthly_fire_probability_pct": 1.33, "risk_score": 0.2465, "risk_level": "low", "mock_ndvi": 0.3234, "mock_avgtempF": 87.14, "mock_humid": 38.0, "mock_wind": 5.56, "county_avgtempF": 86.84, "county_humid": 39.71, "county_wind": 4.77, "county_precip": 0.0, "county_sunHour": 11.52}, "geometry": {"type": "Polygon", "coordinates": [[[-121.41976618901624, 38.583779146245064], [-121.41976618901624, 38.628694704994615], [-121.36241382681949, 38.628694704994615], [-121.36241382681949, 38.583779146245064], [-121.41976618901624, 38.583779146245064]]]}}, {"type": "Feature", "properties": {"grid_id": "06067_5km_0094", "county": "Sacramento County", "county_short": "Sacramento", "geoid": "06067", "grid_km": 5.0, "center_lat": 38.606237, "center_lon": -121.333738, "row_index": 11, "col_index": 6, "is_mock": 1, "shape_model": "county_boundary_clipped_grid", "month": "2020-08", "monthly_fire_probability_pct": 1.33, "risk_score": 0.2465, "risk_level": "low", "mock_ndvi": 0.3216, "mock_avgtempF": 87.11, "mock_humid": 38.02, "mock_wind": 5.62, "county_avgtempF": 86.84, "county_humid": 39.71, "county_wind": 4.77, "county_precip": 0.0, "county_sunHour": 11.52}, "geometry": {"type": "Polygon", "coordinates": [[[-121.36241382681949, 38.583779146245064], [-121.36241382681949, 38.628694704994615], [-121.30506146462274, 38.628694704994615], [-121.30506146462274, 38.583779146245064], [-121.36241382681949, 38.583779146245064]]]}}, {"type": "Feature", "properties": {"grid_id": "06067_5km_0095", "county": "Sacramento County", "county_short": "Sacramento", "geoid": "06067", "grid_km": 5.0, "center_lat": 38.606237, "center_lon": -121.276385, "row_index": 11, "col_index": 7, "is_mock": 1, "shape_model": "county_boundary_clipped_grid", "month": "2020-08", "monthly_fire_probability_pct": 1.33, "risk_score": 0.2444, "risk_level": "low", "mock_ndvi": 0.3218, "mock_avgtempF": 87.05, "mock_humid": 38.23, "mock_wind": 5.59, "county_avgtempF": 86.84, "county_humid": 39.71, "county_wind": 4.77, "county_precip": 0.0, "county_sunHour": 11.52}, "geometry": {"type": "Polygon", "coordinates": [[[-121.30506146462274, 38.583779146245064], [-121.30506146462274, 38.628694704994615], [-121.24770910242599, 38.628694704994615], [-121.24770910242599, 38.583779146245064], [-121.30506146462274, 38.583779146245064]]]}}, {"type": "Feature", "properties": {"grid_id": "06067_5km_0096", "county": "Sacramento County", "county_short": "Sacramento", "geoid": "06067", "grid_km": 5.0, "center_lat": 38.606237, "center_lon": -121.219033, "row_index": 11, "col_index": 8, "is_mock": 1, "shape_model": "county_boundary_clipped_grid", "month": "2020-08", "monthly_fire_probability_pct": 1.33, "risk_score": 0.2406, "risk_level": "low", "mock_ndvi": 0.3241, "mock_avgtempF": 86.96, "mock_humid": 38.62, "mock_wind": 5.48, "county_avgtempF": 86.84, "county_humid": 39.71, "county_wind": 4.77, "county_precip": 0.0, "county_sunHour": 11.52}, "geometry": {"type": "Polygon", "coordinates": [[[-121.24770910242599, 38.583779146245064], [-121.24770910242599, 38.628694704994615], [-121.19035674022923, 38.628694704994615], [-121.19035674022923, 38.583779146245064], [-121.24770910242599, 38.583779146245064]]]}}, {"type": "Feature", "properties": {"grid_id": "06067_5km_0097", "county": "Sacramento County", "county_short": "Sacramento", "geoid": "06067", "grid_km": 5.0, "center_lat": 38.606237, "center_lon": -121.161681, "row_index": 11, "col_index": 9, "is_mock": 1, "shape_model": "county_boundary_clipped_grid", "month": "2020-08", "monthly_fire_probability_pct": 1.33, "risk_score": 0.2351, "risk_level": "low", "mock_ndvi": 0.3283, "mock_avgtempF": 86.84, "mock_humid": 39.15, "mock_wind": 5.29, "county_avgtempF": 86.84, "county_humid": 39.71, "county_wind": 4.77, "county_precip": 0.0, "county_sunHour": 11.52}, "geometry": {"type": "Polygon", "coordinates": [[[-121.19035674022923, 38.583779146245064], [-121.19035674022923, 38.628694704994615], [-121.13300437803248, 38.628694704994615], [-121.13300437803248, 38.583779146245064], [-121.19035674022923, 38.583779146245064]]]}}, {"type": "Feature", "properties": {"grid_id": "06067_5km_0098", "county": "Sacramento County", "county_short": "Sacramento", "geoid": "06067", "grid_km": 5.0, "center_lat": 38.602658, "center_lon": -121.104328, "row_index": 11, "col_index": 10, "is_mock": 1, "shape_model": "county_boundary_clipped_grid", "month": "2020-08", "monthly_fire_probability_pct": 1.33, "risk_score": 0.229, "risk_level": "low", "mock_ndvi": 0.3334, "mock_avgtempF": 86.72, "mock_humid": 39.75, "mock_wind": 5.06, "county_avgtempF": 86.84, "county_humid": 39.71, "county_wind": 4.77, "county_precip": 0.0, "county_sunHour": 11.52}, "geometry": {"type": "Polygon", "coordinates": [[[-121.07565201583573, 38.621537581994126], [-121.07565201583573, 38.583779146245064], [-121.13300437803248, 38.583779146245064], [-121.13300437803248, 38.628694704994615], [-121.07831305903288, 38.628694704994615], [-121.07565201583573, 38.621537581994126]]]}}, {"type": "Feature", "properties": {"grid_id": "06067_5km_0099", "county": "Sacramento County", "county_short": "Sacramento", "geoid": "06067", "grid_km": 5.0, "center_lat": 38.595686, "center_lon": -121.070485, "row_index": 11, "col_index": 11, "is_mock": 1, "shape_model": "county_boundary_clipped_grid", "month": "2020-08", "monthly_fire_probability_pct": 1.33, "risk_score": 0.2258, "risk_level": "low", "mock_ndvi": 0.336, "mock_avgtempF": 86.65, "mock_humid": 40.07, "mock_wind": 4.94, "county_avgtempF": 86.84, "county_humid": 39.71, "county_wind": 4.77, "county_precip": 0.0, "county_sunHour": 11.52}, "geometry": {"type": "Polygon", "coordinates": [[[-121.070467, 38.607592], [-121.06016879878005, 38.583779146245064], [-121.07565201583573, 38.583779146245064], [-121.07565201583573, 38.621537581994126], [-121.070467, 38.607592]]]}}, {"type": "Feature", "properties": {"grid_id": "06067_5km_0100", "county": "Sacramento County", "county_short": "Sacramento", "geoid": "06067", "grid_km": 5.0, "center_lat": 38.652607, "center_lon": -121.596821, "row_index": 12, "col_index": 1, "is_mock": 1, "shape_model": "county_boundary_clipped_grid", "month": "2020-08", "monthly_fire_probability_pct": 1.33, "risk_score": 0.2331, "risk_level": "low", "mock_ndvi": 0.3479, "mock_avgtempF": 87.06, "mock_humid": 39.22, "mock_wind": 4.89, "county_avgtempF": 86.84, "county_humid": 39.71, "county_wind": 4.77, "county_precip": 0.0, "county_sunHour": 11.52}, "geometry": {"type": "Polygon", "coordinates": [[[-121.594069, 38.644106], [-121.609569, 38.661108], [-121.62646432235043, 38.673610263744166], [-121.5918232756065, 38.673610263744166], [-121.5918232756065, 38.64365002030793], [-121.594069, 38.644106]]]}}, {"type": "Feature", "properties": {"grid_id": "06067_5km_0101", "county": "Sacramento County", "county_short": "Sacramento", "geoid": "06067", "grid_km": 5.0, "center_lat": 38.661107, "center_lon": -121.563147, "row_index": 12, "col_index": 2, "is_mock": 1, "shape_model": "county_boundary_clipped_grid", "month": "2020-08", "monthly_fire_probability_pct": 1.33, "risk_score": 0.2323, "risk_level": "low", "mock_ndvi": 0.3469, "mock_avgtempF": 87.01, "mock_humid": 39.31, "mock_wind": 4.87, "county_avgtempF": 86.84, "county_humid": 39.71, "county_wind": 4.77, "county_precip": 0.0, "county_sunHour": 11.52}, "geometry": {"type": "Polygon", "coordinates": [[[-121.5651, 38.642304], [-121.576068, 38.648604], [-121.587169, 38.642705], [-121.5918232756065, 38.64365002030793], [-121.5918232756065, 38.673610263744166], [-121.53447091340975, 38.673610263744166], [-121.53447091340975, 38.628694704994615], [-121.5623733518042, 38.628694704994615], [-121.5651, 38.642304]]]}}, {"type": "Feature", "properties": {"grid_id": "06067_5km_0102", "county": "Sacramento County", "county_short": "Sacramento", "geoid": "06067", "grid_km": 5.0, "center_lat": 38.651152, "center_lon": -121.505795, "row_index": 12, "col_index": 3, "is_mock": 1, "shape_model": "county_boundary_clipped_grid", "month": "2020-08", "monthly_fire_probability_pct": 1.33, "risk_score": 0.2294, "risk_level": "low", "mock_ndvi": 0.3434, "mock_avgtempF": 86.87, "mock_humid": 39.63, "mock_wind": 4.79, "county_avgtempF": 86.84, "county_humid": 39.71, "county_wind": 4.77, "county_precip": 0.0, "county_sunHour": 11.52}, "geometry": {"type": "Polygon", "coordinates": [[[-121.53447091340975, 38.628694704994615], [-121.53447091340975, 38.673610263744166], [-121.477118551213, 38.673610263744166], [-121.477118551213, 38.628694704994615], [-121.53447091340975, 38.628694704994615]]]}}, {"type": "Feature", "properties": {"grid_id": "06067_5km_0103", "county": "Sacramento County", "county_short": "Sacramento", "geoid": "06067", "grid_km": 5.0, "center_lat": 38.651152, "center_lon": -121.448442, "row_index": 12, "col_index": 4, "is_mock": 1, "shape_model": "county_boundary_clipped_grid", "month": "2020-08", "monthly_fire_probability_pct": 1.33, "risk_score": 0.2318, "risk_level": "low", "mock_ndvi": 0.3387, "mock_avgtempF": 86.88, "mock_humid": 39.42, "mock_wind": 4.93, "county_avgtempF": 86.84, "county_humid": 39.71, "county_wind": 4.77, "county_precip": 0.0, "county_sunHour": 11.52}, "geometry": {"type": "Polygon", "coordinates": [[[-121.477118551213, 38.628694704994615], [-121.477118551213, 38.673610263744166], [-121.41976618901624, 38.673610263744166], [-121.41976618901624, 38.628694704994615], [-121.477118551213, 38.628694704994615]]]}}, {"type": "Feature", "properties": {"grid_id": "06067_5km_0104", "county": "Sacramento County", "county_short": "Sacramento", "geoid": "06067", "grid_km": 5.0, "center_lat": 38.651152, "center_lon": -121.39109, "row_index": 12, "col_index": 5, "is_mock": 1, "shape_model": "county_boundary_clipped_grid", "month": "2020-08", "monthly_fire_probability_pct": 1.33, "risk_score": 0.2333, "risk_level": "low", "mock_ndvi": 0.3352, "mock_avgtempF": 86.88, "mock_humid": 39.29, "mock_wind": 5.05, "county_avgtempF": 86.84, "county_humid": 39.71, "county_wind": 4.77, "county_precip": 0.0, "county_sunHour": 11.52}, "geometry": {"type": "Polygon", "coordinates": [[[-121.41976618901624, 38.628694704994615], [-121.41976618901624, 38.673610263744166], [-121.36241382681949, 38.673610263744166], [-121.36241382681949, 38.628694704994615], [-121.41976618901624, 38.628694704994615]]]}}, {"type": "Feature", "properties": {"grid_id": "06067_5km_0105", "county": "Sacramento County", "county_short": "Sacramento", "geoid": "06067", "grid_km": 5.0, "center_lat": 38.651152, "center_lon": -121.333738, "row_index": 12, "col_index": 6, "is_mock": 1, "shape_model": "county_boundary_clipped_grid", "month": "2020-08", "monthly_fire_probability_pct": 1.33, "risk_score": 0.2331, "risk_level": "low", "mock_ndvi": 0.3334, "mock_avgtempF": 86.85, "mock_humid": 39.32, "mock_wind": 5.11, "county_avgtempF": 86.84, "county_humid": 39.71, "county_wind": 4.77, "county_precip": 0.0, "county_sunHour": 11.52}, "geometry": {"type": "Polygon", "coordinates": [[[-121.36241382681949, 38.628694704994615], [-121.36241382681949, 38.673610263744166], [-121.30506146462274, 38.673610263744166], [-121.30506146462274, 38.628694704994615], [-121.36241382681949, 38.628694704994615]]]}}, {"type": "Feature", "properties": {"grid_id": "06067_5km_0106", "county": "Sacramento County", "county_short": "Sacramento", "geoid": "06067", "grid_km": 5.0, "center_lat": 38.651152, "center_lon": -121.276385, "row_index": 12, "col_index": 7, "is_mock": 1, "shape_model": "county_boundary_clipped_grid", "month": "2020-08", "monthly_fire_probability_pct": 1.33, "risk_score": 0.2312, "risk_level": "low", "mock_ndvi": 0.3335, "mock_avgtempF": 86.79, "mock_humid": 39.52, "mock_wind": 5.08, "county_avgtempF": 86.84, "county_humid": 39.71, "county_wind": 4.77, "county_precip": 0.0, "county_sunHour": 11.52}, "geometry": {"type": "Polygon", "coordinates": [[[-121.30506146462274, 38.628694704994615], [-121.30506146462274, 38.673610263744166], [-121.24770910242599, 38.673610263744166], [-121.24770910242599, 38.628694704994615], [-121.30506146462274, 38.628694704994615]]]}}, {"type": "Feature", "properties": {"grid_id": "06067_5km_0107", "county": "Sacramento County", "county_short": "Sacramento", "geoid": "06067", "grid_km": 5.0, "center_lat": 38.651152, "center_lon": -121.219033, "row_index": 12, "col_index": 8, "is_mock": 1, "shape_model": "county_boundary_clipped_grid", "month": "2020-08", "monthly_fire_probability_pct": 1.33, "risk_score": 0.2278, "risk_level": "low", "mock_ndvi": 0.3356, "mock_avgtempF": 86.71, "mock_humid": 39.86, "mock_wind": 4.98, "county_avgtempF": 86.84, "county_humid": 39.71, "county_wind": 4.77, "county_precip": 0.0, "county_sunHour": 11.52}, "geometry": {"type": "Polygon", "coordinates": [[[-121.24770910242599, 38.628694704994615], [-121.24770910242599, 38.673610263744166], [-121.19035674022923, 38.673610263744166], [-121.19035674022923, 38.628694704994615], [-121.24770910242599, 38.628694704994615]]]}}, {"type": "Feature", "properties": {"grid_id": "06067_5km_0108", "county": "Sacramento County", "county_short": "Sacramento", "geoid": "06067", "grid_km": 5.0, "center_lat": 38.651152, "center_lon": -121.161681, "row_index": 12, "col_index": 9, "is_mock": 1, "shape_model": "county_boundary_clipped_grid", "month": "2020-08", "monthly_fire_probability_pct": 1.33, "risk_score": 0.2254, "risk_level": "low", "mock_ndvi": 0.3383, "mock_avgtempF": 86.67, "mock_humid": 40.09, "mock_wind": 4.87, "county_avgtempF": 86.84, "county_humid": 39.71, "county_wind": 4.77, "county_precip": 0.0, "county_sunHour": 11.52}, "geometry": {"type": "Polygon", "coordinates": [[[-121.19035674022923, 38.628694704994615], [-121.19035674022923, 38.673610263744166], [-121.13300437803248, 38.673610263744166], [-121.13300437803248, 38.628694704994615], [-121.19035674022923, 38.628694704994615]]]}}, {"type": "Feature", "properties": {"grid_id": "06067_5km_0109", "county": "Sacramento County", "county_short": "Sacramento", "geoid": "06067", "grid_km": 5.0, "center_lat": 38.660721, "center_lon": -121.112303, "row_index": 12, "col_index": 10, "is_mock": 1, "shape_model": "county_boundary_clipped_grid", "month": "2020-08", "monthly_fire_probability_pct": 1.33, "risk_score": 0.2271, "risk_level": "low", "mock_ndvi": 0.3405, "mock_avgtempF": 86.76, "mock_humid": 39.89, "mock_wind": 4.82, "county_avgtempF": 86.84, "county_humid": 39.71, "county_wind": 4.77, "county_precip": 0.0, "county_sunHour": 11.52}, "geometry": {"type": "Polygon", "coordinates": [[[-121.085428, 38.647831], [-121.07831305903288, 38.628694704994615], [-121.13300437803248, 38.628694704994615], [-121.13300437803248, 38.673610263744166], [-121.09777646341168, 38.673610263744166], [-121.085428, 38.647831]]]}}, {"type": "Feature", "properties": {"grid_id": "06067_5km_0110", "county": "Sacramento County", "county_short": "Sacramento", "geoid": "06067", "grid_km": 5.0, "center_lat": 38.694931, "center_lon": -121.611927, "row_index": 13, "col_index": 1, "is_mock": 1, "shape_model": "county_boundary_clipped_grid", "month": "2020-08", "monthly_fire_probability_pct": 1.33, "risk_score": 0.2361, "risk_level": "low", "mock_ndvi": 0.3517, "mock_avgtempF": 87.21, "mock_humid": 38.88, "mock_wind": 4.98, "county_avgtempF": 86.84, "county_humid": 39.71, "county_wind": 4.77, "county_precip": 0.0, "county_sunHour": 11.52}, "geometry": {"type": "Polygon", "coordinates": [[[-121.628014, 38.674757], [-121.631918, 38.680644], [-121.633774, 38.686164], [-121.633614, 38.692291], [-121.630446, 38.697571], [-121.614222, 38.709041], [-121.605774, 38.718319], [-121.60574473279476, 38.71852582249372], [-121.5918232756065, 38.71852582249372], [-121.5918232756065, 38.673610263744166], [-121.62646432235043, 38.673610263744166], [-121.628014, 38.674757]]]}}, {"type": "Feature", "properties": {"grid_id": "06067_5km_0111", "county": "Sacramento County", "county_short": "Sacramento", "geoid": "06067", "grid_km": 5.0, "center_lat": 38.696068, "center_lon": -121.563147, "row_index": 13, "col_index": 2, "is_mock": 1, "shape_model": "county_boundary_clipped_grid", "month": "2020-08", "monthly_fire_probability_pct": 1.33, "risk_score": 0.2342, "risk_level": "low", "mock_ndvi": 0.3494, "mock_avgtempF": 87.11, "mock_humid": 39.09, "mock_wind": 4.93, "county_avgtempF": 86.84, "county_humid": 39.71, "county_wind": 4.77, "county_precip": 0.0, "county_sunHour": 11.52}, "geometry": {"type": "Polygon", "coordinates": [[[-121.5918232756065, 38.673610263744166], [-121.5918232756065, 38.71852582249372], [-121.53447091340975, 38.71852582249372], [-121.53447091340975, 38.673610263744166], [-121.5918232756065, 38.673610263744166]]]}}, {"type": "Feature", "properties": {"grid_id": "06067_5km_0112", "county": "Sacramento County", "county_short": "Sacramento", "geoid": "06067", "grid_km": 5.0, "center_lat": 38.696068, "center_lon": -121.505795, "row_index": 13, "col_index": 3, "is_mock": 1, "shape_model": "county_boundary_clipped_grid", "month": "2020-08", "monthly_fire_probability_pct": 1.33, "risk_score": 0.232, "risk_level": "low", "mock_ndvi": 0.3466, "mock_avgtempF": 87.0, "mock_humid": 39.34, "mock_wind": 4.86, "county_avgtempF": 86.84, "county_humid": 39.71, "county_wind": 4.77, "county_precip": 0.0, "county_sunHour": 11.52}, "geometry": {"type": "Polygon", "coordinates": [[[-121.53447091340975, 38.673610263744166], [-121.53447091340975, 38.71852582249372], [-121.477118551213, 38.71852582249372], [-121.477118551213, 38.673610263744166], [-121.53447091340975, 38.673610263744166]]]}}, {"type": "Feature", "properties": {"grid_id": "06067_5km_0113", "county": "Sacramento County", "county_short": "Sacramento", "geoid": "06067", "grid_km": 5.0, "center_lat": 38.696068, "center_lon": -121.448442, "row_index": 13, "col_index": 4, "is_mock": 1, "shape_model": "county_boundary_clipped_grid", "month": "2020-08", "monthly_fire_probability_pct": 1.33, "risk_score": 0.23, "risk_level": "low", "mock_ndvi": 0.3441, "mock_avgtempF": 86.9, "mock_humid": 39.57, "mock_wind": 4.81, "county_avgtempF": 86.84, "county_humid": 39.71, "county_wind": 4.77, "county_precip": 0.0, "county_sunHour": 11.52}, "geometry": {"type": "Polygon", "coordinates": [[[-121.477118551213, 38.673610263744166], [-121.477118551213, 38.71852582249372], [-121.41976618901624, 38.71852582249372], [-121.41976618901624, 38.673610263744166], [-121.477118551213, 38.673610263744166]]]}}, {"type": "Feature", "properties": {"grid_id": "06067_5km_0114", "county": "Sacramento County", "county_short": "Sacramento", "geoid": "06067", "grid_km": 5.0, "center_lat": 38.696068, "center_lon": -121.39109, "row_index": 13, "col_index": 5, "is_mock": 1, "shape_model": "county_boundary_clipped_grid", "month": "2020-08", "monthly_fire_probability_pct": 1.33, "risk_score": 0.2284, "risk_level": "low", "mock_ndvi": 0.3421, "mock_avgtempF": 86.82, "mock_humid": 39.75, "mock_wind": 4.78, "county_avgtempF": 86.84, "county_humid": 39.71, "county_wind": 4.77, "county_precip": 0.0, "county_sunHour": 11.52}, "geometry": {"type": "Polygon", "coordinates": [[[-121.41976618901624, 38.673610263744166], [-121.41976618901624, 38.71852582249372], [-121.36241382681949, 38.71852582249372], [-121.36241382681949, 38.673610263744166], [-121.41976618901624, 38.673610263744166]]]}}, {"type": "Feature", "properties": {"grid_id": "06067_5km_0115", "county": "Sacramento County", "county_short": "Sacramento", "geoid": "06067", "grid_km": 5.0, "center_lat": 38.696068, "center_lon": -121.333738, "row_index": 13, "col_index": 6, "is_mock": 1, "shape_model": "county_boundary_clipped_grid", "month": "2020-08", "monthly_fire_probability_pct": 1.33, "risk_score": 0.2274, "risk_level": "low", "mock_ndvi": 0.3408, "mock_avgtempF": 86.77, "mock_humid": 39.87, "mock_wind": 4.81, "county_avgtempF": 86.84, "county_humid": 39.71, "county_wind": 4.77, "county_precip": 0.0, "county_sunHour": 11.52}, "geometry": {"type": "Polygon", "coordinates": [[[-121.36241382681949, 38.673610263744166], [-121.36241382681949, 38.71852582249372], [-121.30506146462274, 38.71852582249372], [-121.30506146462274, 38.673610263744166], [-121.36241382681949, 38.673610263744166]]]}}, {"type": "Feature", "properties": {"grid_id": "06067_5km_0116", "county": "Sacramento County", "county_short": "Sacramento", "geoid": "06067", "grid_km": 5.0, "center_lat": 38.696025, "center_lon": -121.276385, "row_index": 13, "col_index": 7, "is_mock": 1, "shape_model": "county_boundary_clipped_grid", "month": "2020-08", "monthly_fire_probability_pct": 1.33, "risk_score": 0.2269, "risk_level": "low", "mock_ndvi": 0.3402, "mock_avgtempF": 86.75, "mock_humid": 39.92, "mock_wind": 4.82, "county_avgtempF": 86.84, "county_humid": 39.71, "county_wind": 4.77, "county_precip": 0.0, "county_sunHour": 11.52}, "geometry": {"type": "Polygon", "coordinates": [[[-121.24770910242599, 38.71844069915698], [-121.24770910242599, 38.673610263744166], [-121.30506146462274, 38.673610263744166], [-121.30506146462274, 38.71852582249372], [-121.24884412078409, 38.71852582249372], [-121.24770910242599, 38.71844069915698]]]}}, {"type": "Feature", "properties": {"grid_id": "06067_5km_0117", "county": "Sacramento County", "county_short": "Sacramento", "geoid": "06067", "grid_km": 5.0, "center_lat": 38.693935, "center_lon": -121.219033, "row_index": 13, "col_index": 8, "is_mock": 1, "shape_model": "county_boundary_clipped_grid", "month": "2020-08", "monthly_fire_probability_pct": 1.33, "risk_score": 0.227, "risk_level": "low", "mock_ndvi": 0.3403, "mock_avgtempF": 86.75, "mock_humid": 39.91, "mock_wind": 4.82, "county_avgtempF": 86.84, "county_humid": 39.71, "county_wind": 4.77, "county_precip": 0.0, "county_sunHour": 11.52}, "geometry": {"type": "Polygon", "coordinates": [[[-121.225859, 38.716802], [-121.19035674022923, 38.71425933930455], [-121.19035674022923, 38.673610263744166], [-121.24770910242599, 38.673610263744166], [-121.24770910242599, 38.71844069915698], [-121.225859, 38.716802]]]}}, {"type": "Feature", "properties": {"grid_id": "06067_5km_0118", "county": "Sacramento County", "county_short": "Sacramento", "geoid": "06067", "grid_km": 5.0, "center_lat": 38.689519, "center_lon": -121.161681, "row_index": 13, "col_index": 9, "is_mock": 1, "shape_model": "county_boundary_clipped_grid", "month": "2020-08", "monthly_fire_probability_pct": 1.33, "risk_score": 0.2276, "risk_level": "low", "mock_ndvi": 0.3411, "mock_avgtempF": 86.78, "mock_humid": 39.84, "mock_wind": 4.81, "county_avgtempF": 86.84, "county_humid": 39.71, "county_wind": 4.77, "county_precip": 0.0, "county_sunHour": 11.52}, "geometry": {"type": "Polygon", "coordinates": [[[-121.151857, 38.711502], [-121.140207, 38.711714], [-121.133264, 38.705427], [-121.13300437803248, 38.70563422608194], [-121.13300437803248, 38.673610263744166], [-121.19035674022923, 38.673610263744166], [-121.19035674022923, 38.71425933930455], [-121.151857, 38.711502]]]}}, {"type": "Feature", "properties": {"grid_id": "06067_5km_0119", "county": "Sacramento County", "county_short": "Sacramento", "geoid": "06067", "grid_km": 5.0, "center_lat": 38.689622, "center_lon": -121.119225, "row_index": 13, "col_index": 10, "is_mock": 1, "shape_model": "county_boundary_clipped_grid", "month": "2020-08", "monthly_fire_probability_pct": 1.33, "risk_score": 0.2286, "risk_level": "low", "mock_ndvi": 0.3423, "mock_avgtempF": 86.83, "mock_humid": 39.73, "mock_wind": 4.78, "county_avgtempF": 86.84, "county_humid": 39.71, "county_wind": 4.77, "county_precip": 0.0, "county_sunHour": 11.52}, "geometry": {"type": "Polygon", "coordinates": [[[-121.118617, 38.717118], [-121.09777646341168, 38.673610263744166], [-121.13300437803248, 38.673610263744166], [-121.13300437803248, 38.70563422608194], [-121.118617, 38.717118]]]}}, {"type": "Feature", "properties": {"grid_id": "06083_5km_0001", "county": "Santa Barbara County", "county_short": "Santa Barbara", "geoid": "06083", "grid_km": 5.0, "center_lat": 34.413158, "center_lon": -119.869181, "row_index": 0, "col_index": 14, "is_mock": 1, "shape_model": "county_boundary_clipped_grid", "month": "2020-08", "monthly_fire_probability_pct": 41.33, "risk_score": 0.6078, "risk_level": "medium", "mock_ndvi": 0.6459, "mock_avgtempF": 83.44, "mock_humid": 39.74, "mock_wind": 5.78, "county_avgtempF": 82.39, "county_humid": 43.77, "county_wind": 4.71, "county_precip": 0.0032, "county_sunHour": 11.28}, "geometry": {"type": "Polygon", "coordinates": [[[-119.854895, 34.408329], [-119.880104, 34.40822], [-119.888975, 34.417987], [-119.88965623984852, 34.41819855874955], [-119.85377286905018, 34.41819855874955], [-119.85377286905018, 34.40789805235276], [-119.854895, 34.408329]]]}}, {"type": "Feature", "properties": {"grid_id": "06083_5km_0002", "county": "Santa Barbara County", "county_short": "Santa Barbara", "geoid": "06083", "grid_km": 5.0, "center_lat": 34.409853, "center_lon": -119.847881, "row_index": 0, "col_index": 15, "is_mock": 1, "shape_model": "county_boundary_clipped_grid", "month": "2020-08", "monthly_fire_probability_pct": 41.33, "risk_score": 0.607, "risk_level": "medium", "mock_ndvi": 0.6475, "mock_avgtempF": 83.44, "mock_humid": 39.81, "mock_wind": 5.76, "county_avgtempF": 82.39, "county_humid": 43.77, "county_wind": 4.71, "county_precip": 0.0032, "county_sunHour": 11.28}, "geometry": {"type": "Polygon", "coordinates": [[[-119.831823, 34.416447], [-119.841086, 34.411807], [-119.844529, 34.404348], [-119.85377286905019, 34.40789805235277], [-119.85377286905019, 34.41819855874955], [-119.79924779365352, 34.41819855874955], [-119.79924779365352, 34.417320947419654], [-119.831823, 34.416447]]]}}, {"type": "Feature", "properties": {"grid_id": "06083_5km_0003", "county": "Santa Barbara County", "county_short": "Santa Barbara", "geoid": "06083", "grid_km": 5.0, "center_lat": 34.40928, "center_lon": -119.756197, "row_index": 0, "col_index": 16, "is_mock": 1, "shape_model": "county_boundary_clipped_grid", "month": "2020-08", "monthly_fire_probability_pct": 41.33, "risk_score": 0.6063, "risk_level": "medium", "mock_ndvi": 0.6533, "mock_avgtempF": 83.5, "mock_humid": 39.84, "mock_wind": 5.74, "county_avgtempF": 82.39, "county_humid": 43.77, "county_wind": 4.71, "county_precip": 0.0032, "county_sunHour": 11.28}, "geometry": {"type": "Polygon", "coordinates": [[[-119.791232, 34.417536], [-119.79924779365354, 34.417320947419654], [-119.79924779365354, 34.41819855874955], [-119.74472271825687, 34.41819855874955], [-119.74472271825687, 34.40123934283052], [-119.791232, 34.417536]]]}}, {"type": "Feature", "properties": {"grid_id": "06083_5km_0004", "county": "Santa Barbara County", "county_short": "Santa Barbara", "geoid": "06083", "grid_km": 5.0, "center_lat": 34.404929, "center_lon": -119.718738, "row_index": 0, "col_index": 17, "is_mock": 1, "shape_model": "county_boundary_clipped_grid", "month": "2020-08", "monthly_fire_probability_pct": 41.33, "risk_score": 0.6051, "risk_level": "medium", "mock_ndvi": 0.6567, "mock_avgtempF": 83.51, "mock_humid": 39.94, "mock_wind": 5.71, "county_avgtempF": 82.39, "county_humid": 43.77, "county_wind": 4.71, "county_precip": 0.0032, "county_sunHour": 11.28}, "geometry": {"type": "Polygon", "coordinates": [[[-119.69531, 34.402714], [-119.709527, 34.395238], [-119.729459, 34.395891], [-119.74472271825688, 34.40123934283053], [-119.74472271825688, 34.41819855874955], [-119.69019764286021, 34.41819855874955], [-119.69019764286021, 34.40714458032335], [-119.69531, 34.402714]]]}}, {"type": "Feature", "properties": {"grid_id": "06083_5km_0005", "county": "Santa Barbara County", "county_short": "Santa Barbara", "geoid": "06083", "grid_km": 5.0, "center_lat": 34.410645, "center_lon": -119.688178, "row_index": 0, "col_index": 18, "is_mock": 1, "shape_model": "county_boundary_clipped_grid", "month": "2020-08", "monthly_fire_probability_pct": 41.33, "risk_score": 0.6057, "risk_level": "medium", "mock_ndvi": 0.6583, "mock_avgtempF": 83.55, "mock_humid": 39.87, "mock_wind": 5.73, "county_avgtempF": 82.39, "county_humid": 43.77, "county_wind": 4.71, "county_precip": 0.0032, "county_sunHour": 11.28}, "geometry": {"type": "Polygon", "coordinates": [[[-119.636131, 34.415847], [-119.662163, 34.416902], [-119.68212, 34.414145], [-119.69019764286023, 34.40714458032333], [-119.69019764286023, 34.41819855874955], [-119.63567256746356, 34.41819855874955], [-119.63567256746356, 34.41597866780278], [-119.636131, 34.415847]]]}}, {"type": "Feature", "properties": {"grid_id": "06083_5km_0006", "county": "Santa Barbara County", "county_short": "Santa Barbara", "geoid": "06083", "grid_km": 5.0, "center_lat": 34.416221, "center_lon": -119.583979, "row_index": 0, "col_index": 19, "is_mock": 1, "shape_model": "county_boundary_clipped_grid", "month": "2020-08", "monthly_fire_probability_pct": 41.33, "risk_score": 0.6039, "risk_level": "medium", "mock_ndvi": 0.6657, "mock_avgtempF": 83.6, "mock_humid": 40.0, "mock_wind": 5.68, "county_avgtempF": 82.39, "county_humid": 43.77, "county_wind": 4.71, "county_precip": 0.0032, "county_sunHour": 11.28}, "geometry": {"type": "MultiPolygon", "coordinates": [[[[-119.59247534387103, 34.41819855874955], [-119.5811474920669, 34.41819855874955], [-119.5811474920669, 34.41424423838867], [-119.59247534387103, 34.41819855874955]]], [[[-119.63567256746357, 34.41597866780278], [-119.63567256746357, 34.41819855874955], [-119.62794349311257, 34.41819855874955], [-119.63567256746357, 34.41597866780278]]]]}}, {"type": "Feature", "properties": {"grid_id": "06083_5km_0007", "county": "Santa Barbara County", "county_short": "Santa Barbara", "geoid": "06083", "grid_km": 5.0, "center_lat": 34.404166, "center_lon": -119.537206, "row_index": 0, "col_index": 20, "is_mock": 1, "shape_model": "county_boundary_clipped_grid", "month": "2020-08", "monthly_fire_probability_pct": 41.33, "risk_score": 0.6001, "risk_level": "medium", "mock_ndvi": 0.6709, "mock_avgtempF": 83.55, "mock_humid": 40.35, "mock_wind": 5.59, "county_avgtempF": 82.39, "county_humid": 43.77, "county_wind": 4.71, "county_precip": 0.0032, "county_sunHour": 11.28}, "geometry": {"type": "Polygon", "coordinates": [[[-119.526886, 34.394165], [-119.536956, 34.395825], [-119.56148, 34.414707], [-119.576168, 34.412506], [-119.58114749206692, 34.41424423838867], [-119.58114749206692, 34.41819855874955], [-119.52662241667025, 34.41819855874955], [-119.52662241667025, 34.394004178513526], [-119.526886, 34.394165]]]}}, {"type": "Feature", "properties": {"grid_id": "06083_5km_0008", "county": "Santa Barbara County", "county_short": "Santa Barbara", "geoid": "06083", "grid_km": 5.0, "center_lat": 34.406101, "center_lon": -119.49936, "row_index": 0, "col_index": 21, "is_mock": 1, "shape_model": "county_boundary_clipped_grid", "month": "2020-08", "monthly_fire_probability_pct": 41.33, "risk_score": 0.5986, "risk_level": "medium", "mock_ndvi": 0.6732, "mock_avgtempF": 83.53, "mock_humid": 40.5, "mock_wind": 5.55, "county_avgtempF": 82.39, "county_humid": 43.77, "county_wind": 4.71, "county_precip": 0.0032, "county_sunHour": 11.28}, "geometry": {"type": "Polygon", "coordinates": [[[-119.477837, 34.379417], [-119.47667, 34.373283], [-119.48526, 34.380643], [-119.497552, 34.384909], [-119.51698, 34.388121], [-119.52662241667026, 34.39400417851353], [-119.52662241667026, 34.41819855874955], [-119.4720973412736, 34.41819855874955], [-119.4720973412736, 34.38329157831895], [-119.477837, 34.379417]]]}}, {"type": "Feature", "properties": {"grid_id": "06083_5km_0009", "county": "Santa Barbara County", "county_short": "Santa Barbara", "geoid": "06083", "grid_km": 5.0, "center_lat": 34.402935, "center_lon": -119.460353, "row_index": 0, "col_index": 22, "is_mock": 1, "shape_model": "county_boundary_clipped_grid", "month": "2020-08", "monthly_fire_probability_pct": 41.33, "risk_score": 0.5957, "risk_level": "medium", "mock_ndvi": 0.6761, "mock_avgtempF": 83.48, "mock_humid": 40.77, "mock_wind": 5.47, "county_avgtempF": 82.39, "county_humid": 43.77, "county_wind": 4.71, "county_precip": 0.0032, "county_sunHour": 11.28}, "geometry": {"type": "Polygon", "coordinates": [[[-119.445411, 34.408881], [-119.451805, 34.39699], [-119.47209734127361, 34.38329157831894], [-119.47209734127361, 34.41819855874955], [-119.45218443027719, 34.41819855874955], [-119.445411, 34.408881]]]}}, {"type": "Feature", "properties": {"grid_id": "06083_5km_0010", "county": "Santa Barbara County", "county_short": "Santa Barbara", "geoid": "06083", "grid_km": 5.0, "center_lat": 34.457256, "center_lon": -120.462914, "row_index": 1, "col_index": 3, "is_mock": 1, "shape_model": "county_boundary_clipped_grid", "month": "2020-08", "monthly_fire_probability_pct": 41.33, "risk_score": 0.6119, "risk_level": "medium", "mock_ndvi": 0.6602, "mock_avgtempF": 83.78, "mock_humid": 39.21, "mock_wind": 5.9, "county_avgtempF": 82.39, "county_humid": 43.77, "county_wind": 4.71, "county_precip": 0.0032, "county_sunHour": 11.28}, "geometry": {"type": "Polygon", "coordinates": [[[-120.456689, 34.443319], [-120.470718, 34.451397], [-120.47384241874056, 34.4631141174991], [-120.45354869841337, 34.4631141174991], [-120.45354869841337, 34.44508363818087], [-120.456689, 34.443319]]]}}, {"type": "Feature", "properties": {"grid_id": "06083_5km_0011", "county": "Santa Barbara County", "county_short": "Santa Barbara", "geoid": "06083", "grid_km": 5.0, "center_lat": 34.453658, "center_lon": -120.430963, "row_index": 1, "col_index": 4, "is_mock": 1, "shape_model": "county_boundary_clipped_grid", "month": "2020-08", "monthly_fire_probability_pct": 41.33, "risk_score": 0.6127, "risk_level": "medium", "mock_ndvi": 0.6582, "mock_avgtempF": 83.78, "mock_humid": 39.14, "mock_wind": 5.92, "county_avgtempF": 82.39, "county_humid": 43.77, "county_wind": 4.71, "county_precip": 0.0032, "county_sunHour": 11.28}, "geometry": {"type": "Polygon", "coordinates": [[[-120.417729, 34.452951], [-120.425004, 34.449683], [-120.442036, 34.451553], [-120.45354869841339, 34.44508363818086], [-120.45354869841339, 34.4631141174991], [-120.39902362301672, 34.4631141174991], [-120.39902362301672, 34.4543645851839], [-120.417729, 34.452951]]]}}, {"type": "Feature", "properties": {"grid_id": "06083_5km_0012", "county": "Santa Barbara County", "county_short": "Santa Barbara", "geoid": "06083", "grid_km": 5.0, "center_lat": 34.4608, "center_lon": -120.371761, "row_index": 1, "col_index": 5, "is_mock": 1, "shape_model": "county_boundary_clipped_grid", "month": "2020-08", "monthly_fire_probability_pct": 41.33, "risk_score": 0.615, "risk_level": "medium", "mock_ndvi": 0.6527, "mock_avgtempF": 83.77, "mock_humid": 38.94, "mock_wind": 5.98, "county_avgtempF": 82.39, "county_humid": 43.77, "county_wind": 4.71, "county_precip": 0.0032, "county_sunHour": 11.28}, "geometry": {"type": "Polygon", "coordinates": [[[-120.39902362301673, 34.4543645851839], [-120.39902362301673, 34.4631141174991], [-120.34449854762006, 34.4631141174991], [-120.34449854762006, 34.458485102979445], [-120.39902362301673, 34.4543645851839]]]}}, {"type": "Feature", "properties": {"grid_id": "06083_5km_0013", "county": "Santa Barbara County", "county_short": "Santa Barbara", "geoid": "06083", "grid_km": 5.0, "center_lat": 34.460881, "center_lon": -120.3384, "row_index": 1, "col_index": 6, "is_mock": 1, "shape_model": "county_boundary_clipped_grid", "month": "2020-08", "monthly_fire_probability_pct": 41.33, "risk_score": 0.6157, "risk_level": "medium", "mock_ndvi": 0.65, "mock_avgtempF": 83.75, "mock_humid": 38.89, "mock_wind": 5.99, "county_avgtempF": 82.39, "county_humid": 43.77, "county_wind": 4.71, "county_precip": 0.0032, "county_sunHour": 11.28}, "geometry": {"type": "Polygon", "coordinates": [[[-120.342343, 34.458648], [-120.34449854762008, 34.45848510297944], [-120.34449854762008, 34.4631141174991], [-120.32226061841513, 34.4631141174991], [-120.342343, 34.458648]]]}}, {"type": "Feature", "properties": {"grid_id": "06083_5km_0014", "county": "Santa Barbara County", "county_short": "Santa Barbara", "geoid": "06083", "grid_km": 5.0, "center_lat": 34.461234, "center_lon": -120.086156, "row_index": 1, "col_index": 10, "is_mock": 1, "shape_model": "county_boundary_clipped_grid", "month": "2020-08", "monthly_fire_probability_pct": 41.33, "risk_score": 0.6168, "risk_level": "medium", "mock_ndvi": 0.6354, "mock_avgtempF": 83.58, "mock_humid": 38.88, "mock_wind": 6.1, "county_avgtempF": 82.39, "county_humid": 43.77, "county_wind": 4.71, "county_precip": 0.0032, "county_sunHour": 11.28}, "geometry": {"type": "Polygon", "coordinates": [[[-120.088808, 34.460192], [-120.09767927486213, 34.4631141174991], [-120.07187317063679, 34.4631141174991], [-120.07187317063679, 34.46227648327223], [-120.088808, 34.460192]]]}}, {"type": "Feature", "properties": {"grid_id": "06083_5km_0015", "county": "Santa Barbara County", "county_short": "Santa Barbara", "geoid": "06083", "grid_km": 5.0, "center_lat": 34.461083, "center_lon": -120.025152, "row_index": 1, "col_index": 11, "is_mock": 1, "shape_model": "county_boundary_clipped_grid", "month": "2020-08", "monthly_fire_probability_pct": 41.33, "risk_score": 0.6165, "risk_level": "medium", "mock_ndvi": 0.6346, "mock_avgtempF": 83.56, "mock_humid": 38.92, "mock_wind": 6.12, "county_avgtempF": 82.39, "county_humid": 43.77, "county_wind": 4.71, "county_precip": 0.0032, "county_sunHour": 11.28}, "geometry": {"type": "MultiPolygon", "coordinates": [[[[-120.0245, 34.457882], [-120.0383229600424, 34.4631141174991], [-120.01734809524014, 34.4631141174991], [-120.01734809524014, 34.45905122130087], [-120.0245, 34.457882]]], [[[-120.057643, 34.460955], [-120.068928, 34.462639], [-120.0718731706368, 34.46227648327222], [-120.0718731706368, 34.4631141174991], [-120.04084396876269, 34.4631141174991], [-120.057643, 34.460955]]]]}}, {"type": "Feature", "properties": {"grid_id": "06083_5km_0016", "county": "Santa Barbara County", "county_short": "Santa Barbara", "geoid": "06083", "grid_km": 5.0, "center_lat": 34.454511, "center_lon": -119.980353, "row_index": 1, "col_index": 12, "is_mock": 1, "shape_model": "county_boundary_clipped_grid", "month": "2020-08", "monthly_fire_probability_pct": 41.33, "risk_score": 0.6153, "risk_level": "medium", "mock_ndvi": 0.6359, "mock_avgtempF": 83.54, "mock_humid": 39.04, "mock_wind": 6.06, "county_avgtempF": 82.39, "county_humid": 43.77, "county_wind": 4.71, "county_precip": 0.0032, "county_sunHour": 11.28}, "geometry": {"type": "Polygon", "coordinates": [[[-119.983439, 34.449917], [-119.990157, 34.44997], [-120.008162, 34.460553], [-120.01734809524015, 34.45905122130086], [-120.01734809524015, 34.4631141174991], [-119.96282301984348, 34.4631141174991], [-119.96282301984348, 34.43874877139976], [-119.983439, 34.449917]]]}}, {"type": "Feature", "properties": {"grid_id": "06083_5km_0017", "county": "Santa Barbara County", "county_short": "Santa Barbara", "geoid": "06083", "grid_km": 5.0, "center_lat": 34.450931, "center_lon": -119.93556, "row_index": 1, "col_index": 13, "is_mock": 1, "shape_model": "county_boundary_clipped_grid", "month": "2020-08", "monthly_fire_probability_pct": 41.33, "risk_score": 0.6144, "risk_level": "medium", "mock_ndvi": 0.6374, "mock_avgtempF": 83.53, "mock_humid": 39.12, "mock_wind": 6.01, "county_avgtempF": 82.39, "county_humid": 43.77, "county_wind": 4.71, "county_precip": 0.0032, "county_sunHour": 11.28}, "geometry": {"type": "Polygon", "coordinates": [[[-119.928507, 34.435126], [-119.957101, 34.435649], [-119.9628230198435, 34.438748771399766], [-119.9628230198435, 34.4631141174991], [-119.90829794444683, 34.4631141174991], [-119.90829794444683, 34.42481875985079], [-119.928507, 34.435126]]]}}, {"type": "Feature", "properties": {"grid_id": "06083_5km_0018", "county": "Santa Barbara County", "county_short": "Santa Barbara", "geoid": "06083", "grid_km": 5.0, "center_lat": 34.443966, "center_lon": -119.881035, "row_index": 1, "col_index": 14, "is_mock": 1, "shape_model": "county_boundary_clipped_grid", "month": "2020-08", "monthly_fire_probability_pct": 41.33, "risk_score": 0.6129, "risk_level": "medium", "mock_ndvi": 0.6405, "mock_avgtempF": 83.53, "mock_humid": 39.24, "mock_wind": 5.92, "county_avgtempF": 82.39, "county_humid": 43.77, "county_wind": 4.71, "county_precip": 0.0032, "county_sunHour": 11.28}, "geometry": {"type": "Polygon", "coordinates": [[[-119.904132, 34.422694], [-119.90829794444684, 34.424818759850794], [-119.90829794444684, 34.4631141174991], [-119.85377286905018, 34.4631141174991], [-119.85377286905018, 34.41819855874955], [-119.88965623984852, 34.41819855874955], [-119.904132, 34.422694]]]}}, {"type": "Feature", "properties": {"grid_id": "06083_5km_0019", "county": "Santa Barbara County", "county_short": "Santa Barbara", "geoid": "06083", "grid_km": 5.0, "center_lat": 34.440656, "center_lon": -119.82651, "row_index": 1, "col_index": 15, "is_mock": 1, "shape_model": "county_boundary_clipped_grid", "month": "2020-08", "monthly_fire_probability_pct": 41.33, "risk_score": 0.612, "risk_level": "medium", "mock_ndvi": 0.6439, "mock_avgtempF": 83.55, "mock_humid": 39.32, "mock_wind": 5.89, "county_avgtempF": 82.39, "county_humid": 43.77, "county_wind": 4.71, "county_precip": 0.0032, "county_sunHour": 11.28}, "geometry": {"type": "Polygon", "coordinates": [[[-119.85377286905019, 34.41819855874955], [-119.85377286905019, 34.4631141174991], [-119.79924779365352, 34.4631141174991], [-119.79924779365352, 34.41819855874955], [-119.85377286905019, 34.41819855874955]]]}}, {"type": "Feature", "properties": {"grid_id": "06083_5km_0020", "county": "Santa Barbara County", "county_short": "Santa Barbara", "geoid": "06083", "grid_km": 5.0, "center_lat": 34.440656, "center_lon": -119.771985, "row_index": 1, "col_index": 16, "is_mock": 1, "shape_model": "county_boundary_clipped_grid", "month": "2020-08", "monthly_fire_probability_pct": 41.33, "risk_score": 0.6114, "risk_level": "medium", "mock_ndvi": 0.6475, "mock_avgtempF": 83.58, "mock_humid": 39.36, "mock_wind": 5.88, "county_avgtempF": 82.39, "county_humid": 43.77, "county_wind": 4.71, "county_precip": 0.0032, "county_sunHour": 11.28}, "geometry": {"type": "Polygon", "coordinates": [[[-119.79924779365354, 34.41819855874955], [-119.79924779365354, 34.4631141174991], [-119.74472271825687, 34.4631141174991], [-119.74472271825687, 34.41819855874955], [-119.79924779365354, 34.41819855874955]]]}}, {"type": "Feature", "properties": {"grid_id": "06083_5km_0021", "county": "Santa Barbara County", "county_short": "Santa Barbara", "geoid": "06083", "grid_km": 5.0, "center_lat": 34.440656, "center_lon": -119.71746, "row_index": 1, "col_index": 17, "is_mock": 1, "shape_model": "county_boundary_clipped_grid", "month": "2020-08", "monthly_fire_probability_pct": 41.33, "risk_score": 0.6106, "risk_level": "medium", "mock_ndvi": 0.6516, "mock_avgtempF": 83.61, "mock_humid": 39.41, "mock_wind": 5.86, "county_avgtempF": 82.39, "county_humid": 43.77, "county_wind": 4.71, "county_precip": 0.0032, "county_sunHour": 11.28}, "geometry": {"type": "Polygon", "coordinates": [[[-119.74472271825688, 34.41819855874955], [-119.74472271825688, 34.4631141174991], [-119.69019764286021, 34.4631141174991], [-119.69019764286021, 34.41819855874955], [-119.74472271825688, 34.41819855874955]]]}}, {"type": "Feature", "properties": {"grid_id": "06083_5km_0022", "county": "Santa Barbara County", "county_short": "Santa Barbara", "geoid": "06083", "grid_km": 5.0, "center_lat": 34.440656, "center_lon": -119.662935, "row_index": 1, "col_index": 18, "is_mock": 1, "shape_model": "county_boundary_clipped_grid", "month": "2020-08", "monthly_fire_probability_pct": 41.33, "risk_score": 0.6094, "risk_level": "medium", "mock_ndvi": 0.656, "mock_avgtempF": 83.64, "mock_humid": 39.5, "mock_wind": 5.83, "county_avgtempF": 82.39, "county_humid": 43.77, "county_wind": 4.71, "county_precip": 0.0032, "county_sunHour": 11.28}, "geometry": {"type": "Polygon", "coordinates": [[[-119.69019764286023, 34.41819855874955], [-119.69019764286023, 34.4631141174991], [-119.63567256746356, 34.4631141174991], [-119.63567256746356, 34.41819855874955], [-119.69019764286023, 34.41819855874955]]]}}, {"type": "Feature", "properties": {"grid_id": "06083_5km_0023", "county": "Santa Barbara County", "county_short": "Santa Barbara", "geoid": "06083", "grid_km": 5.0, "center_lat": 34.442027, "center_lon": -119.60841, "row_index": 1, "col_index": 19, "is_mock": 1, "shape_model": "county_boundary_clipped_grid", "month": "2020-08", "monthly_fire_probability_pct": 41.33, "risk_score": 0.608, "risk_level": "medium", "mock_ndvi": 0.6602, "mock_avgtempF": 83.65, "mock_humid": 39.61, "mock_wind": 5.79, "county_avgtempF": 82.39, "county_humid": 43.77, "county_wind": 4.71, "county_precip": 0.0032, "county_sunHour": 11.28}, "geometry": {"type": "Polygon", "coordinates": [[[-119.59268, 34.41827], [-119.618402, 34.420939], [-119.62794349311257, 34.41819855874955], [-119.63567256746357, 34.41819855874955], [-119.63567256746357, 34.4631141174991], [-119.5811474920669, 34.4631141174991], [-119.5811474920669, 34.41819855874955], [-119.59247534387103, 34.41819855874955], [-119.59268, 34.41827]]]}}, {"type": "Feature", "properties": {"grid_id": "06083_5km_0024", "county": "Santa Barbara County", "county_short": "Santa Barbara", "geoid": "06083", "grid_km": 5.0, "center_lat": 34.440656, "center_lon": -119.553885, "row_index": 1, "col_index": 20, "is_mock": 1, "shape_model": "county_boundary_clipped_grid", "month": "2020-08", "monthly_fire_probability_pct": 41.33, "risk_score": 0.6057, "risk_level": "medium", "mock_ndvi": 0.6647, "mock_avgtempF": 83.64, "mock_humid": 39.82, "mock_wind": 5.73, "county_avgtempF": 82.39, "county_humid": 43.77, "county_wind": 4.71, "county_precip": 0.0032, "county_sunHour": 11.28}, "geometry": {"type": "Polygon", "coordinates": [[[-119.58114749206692, 34.41819855874955], [-119.58114749206692, 34.4631141174991], [-119.52662241667025, 34.4631141174991], [-119.52662241667025, 34.41819855874955], [-119.58114749206692, 34.41819855874955]]]}}, {"type": "Feature", "properties": {"grid_id": "06083_5km_0025", "county": "Santa Barbara County", "county_short": "Santa Barbara", "geoid": "06083", "grid_km": 5.0, "center_lat": 34.440656, "center_lon": -119.49936, "row_index": 1, "col_index": 21, "is_mock": 1, "shape_model": "county_boundary_clipped_grid", "month": "2020-08", "monthly_fire_probability_pct": 41.33, "risk_score": 0.6029, "risk_level": "medium", "mock_ndvi": 0.6687, "mock_avgtempF": 83.61, "mock_humid": 40.08, "mock_wind": 5.66, "county_avgtempF": 82.39, "county_humid": 43.77, "county_wind": 4.71, "county_precip": 0.0032, "county_sunHour": 11.28}, "geometry": {"type": "Polygon", "coordinates": [[[-119.52662241667026, 34.41819855874955], [-119.52662241667026, 34.4631141174991], [-119.4720973412736, 34.4631141174991], [-119.4720973412736, 34.41819855874955], [-119.52662241667026, 34.41819855874955]]]}}, {"type": "Feature", "properties": {"grid_id": "06083_5km_0026", "county": "Santa Barbara County", "county_short": "Santa Barbara", "geoid": "06083", "grid_km": 5.0, "center_lat": 34.435676, "center_lon": -119.457331, "row_index": 1, "col_index": 22, "is_mock": 1, "shape_model": "county_boundary_clipped_grid", "month": "2020-08", "monthly_fire_probability_pct": 41.33, "risk_score": 0.5997, "risk_level": "medium", "mock_ndvi": 0.672, "mock_avgtempF": 83.55, "mock_humid": 40.39, "mock_wind": 5.58, "county_avgtempF": 82.39, "county_humid": 43.77, "county_wind": 4.71, "county_precip": 0.0032, "county_sunHour": 11.28}, "geometry": {"type": "Polygon", "coordinates": [[[-119.442268, 34.455231], [-119.440414, 34.441842], [-119.444717, 34.42951], [-119.453407, 34.422491], [-119.454101, 34.420835], [-119.45218443027719, 34.41819855874955], [-119.47209734127361, 34.41819855874955], [-119.47209734127361, 34.4631141174991], [-119.44227371605683, 34.4631141174991], [-119.442268, 34.455231]]]}}, {"type": "Feature", "properties": {"grid_id": "06083_5km_0027", "county": "Santa Barbara County", "county_short": "Santa Barbara", "geoid": "06083", "grid_km": 5.0, "center_lat": 34.486778, "center_lon": -120.470381, "row_index": 2, "col_index": 3, "is_mock": 1, "shape_model": "county_boundary_clipped_grid", "month": "2020-08", "monthly_fire_probability_pct": 41.33, "risk_score": 0.6132, "risk_level": "medium", "mock_ndvi": 0.657, "mock_avgtempF": 83.77, "mock_humid": 39.1, "mock_wind": 5.93, "county_avgtempF": 82.39, "county_humid": 43.77, "county_wind": 4.71, "county_precip": 0.0032, "county_sunHour": 11.28}, "geometry": {"type": "Polygon", "coordinates": [[[-120.477855, 34.478162], [-120.49657, 34.495394], [-120.50090139183574, 34.508029676248654], [-120.45354869841337, 34.508029676248654], [-120.45354869841337, 34.4631141174991], [-120.47384241874056, 34.4631141174991], [-120.477855, 34.478162]]]}}, {"type": "Feature", "properties": {"grid_id": "06083_5km_0028", "county": "Santa Barbara County", "county_short": "Santa Barbara", "geoid": "06083", "grid_km": 5.0, "center_lat": 34.485572, "center_lon": -120.426286, "row_index": 2, "col_index": 4, "is_mock": 1, "shape_model": "county_boundary_clipped_grid", "month": "2020-08", "monthly_fire_probability_pct": 41.33, "risk_score": 0.6149, "risk_level": "medium", "mock_ndvi": 0.6538, "mock_avgtempF": 83.78, "mock_humid": 38.94, "mock_wind": 5.98, "county_avgtempF": 82.39, "county_humid": 43.77, "county_wind": 4.71, "county_precip": 0.0032, "county_sunHour": 11.28}, "geometry": {"type": "Polygon", "coordinates": [[[-120.45354869841339, 34.4631141174991], [-120.45354869841339, 34.508029676248654], [-120.39902362301672, 34.508029676248654], [-120.39902362301672, 34.4631141174991], [-120.45354869841339, 34.4631141174991]]]}}, {"type": "Feature", "properties": {"grid_id": "06083_5km_0029", "county": "Santa Barbara County", "county_short": "Santa Barbara", "geoid": "06083", "grid_km": 5.0, "center_lat": 34.485572, "center_lon": -120.371761, "row_index": 2, "col_index": 5, "is_mock": 1, "shape_model": "county_boundary_clipped_grid", "month": "2020-08", "monthly_fire_probability_pct": 41.33, "risk_score": 0.6166, "risk_level": "medium", "mock_ndvi": 0.6494, "mock_avgtempF": 83.77, "mock_humid": 38.8, "mock_wind": 6.02, "county_avgtempF": 82.39, "county_humid": 43.77, "county_wind": 4.71, "county_precip": 0.0032, "county_sunHour": 11.28}, "geometry": {"type": "Polygon", "coordinates": [[[-120.39902362301673, 34.4631141174991], [-120.39902362301673, 34.508029676248654], [-120.34449854762006, 34.508029676248654], [-120.34449854762006, 34.4631141174991], [-120.39902362301673, 34.4631141174991]]]}}, {"type": "Feature", "properties": {"grid_id": "06083_5km_0030", "county": "Santa Barbara County", "county_short": "Santa Barbara", "geoid": "06083", "grid_km": 5.0, "center_lat": 34.489209, "center_lon": -120.317236, "row_index": 2, "col_index": 6, "is_mock": 1, "shape_model": "county_boundary_clipped_grid", "month": "2020-08", "monthly_fire_probability_pct": 41.33, "risk_score": 0.6179, "risk_level": "medium", "mock_ndvi": 0.6446, "mock_avgtempF": 83.75, "mock_humid": 38.7, "mock_wind": 6.05, "county_avgtempF": 82.39, "county_humid": 43.77, "county_wind": 4.71, "county_precip": 0.0032, "county_sunHour": 11.28}, "geometry": {"type": "Polygon", "coordinates": [[[-120.297688, 34.470388], [-120.320467, 34.463513], [-120.32226061841513, 34.4631141174991], [-120.34449854762008, 34.4631141174991], [-120.34449854762008, 34.508029676248654], [-120.28997347222341, 34.508029676248654], [-120.28997347222341, 34.469176652143425], [-120.297688, 34.470388]]]}}, {"type": "Feature", "properties": {"grid_id": "06083_5km_0031", "county": "Santa Barbara County", "county_short": "Santa Barbara", "geoid": "06083", "grid_km": 5.0, "center_lat": 34.488603, "center_lon": -120.262711, "row_index": 2, "col_index": 7, "is_mock": 1, "shape_model": "county_boundary_clipped_grid", "month": "2020-08", "monthly_fire_probability_pct": 41.33, "risk_score": 0.6187, "risk_level": "medium", "mock_ndvi": 0.6405, "mock_avgtempF": 83.71, "mock_humid": 38.64, "mock_wind": 6.07, "county_avgtempF": 82.39, "county_humid": 43.77, "county_wind": 4.71, "county_precip": 0.0032, "county_sunHour": 11.28}, "geometry": {"type": "Polygon", "coordinates": [[[-120.237702, 34.46823], [-120.279302, 34.467501], [-120.28997347222342, 34.469176652143425], [-120.28997347222342, 34.508029676248654], [-120.23544839682675, 34.508029676248654], [-120.23544839682675, 34.4688412806163], [-120.237702, 34.46823]]]}}, {"type": "Feature", "properties": {"grid_id": "06083_5km_0032", "county": "Santa Barbara County", "county_short": "Santa Barbara", "geoid": "06083", "grid_km": 5.0, "center_lat": 34.489328, "center_lon": -120.208186, "row_index": 2, "col_index": 8, "is_mock": 1, "shape_model": "county_boundary_clipped_grid", "month": "2020-08", "monthly_fire_probability_pct": 41.33, "risk_score": 0.6193, "risk_level": "medium", "mock_ndvi": 0.6367, "mock_avgtempF": 83.68, "mock_humid": 38.61, "mock_wind": 6.09, "county_avgtempF": 82.39, "county_humid": 43.77, "county_wind": 4.71, "county_precip": 0.0032, "county_sunHour": 11.28}, "geometry": {"type": "Polygon", "coordinates": [[[-120.228865, 34.470627], [-120.23544839682677, 34.468841280616296], [-120.23544839682677, 34.508029676248654], [-120.1809233214301, 34.508029676248654], [-120.1809233214301, 34.46989650580623], [-120.228865, 34.470627]]]}}, {"type": "Feature", "properties": {"grid_id": "06083_5km_0033", "county": "Santa Barbara County", "county_short": "Santa Barbara", "geoid": "06083", "grid_km": 5.0, "center_lat": 34.490698, "center_lon": -120.153661, "row_index": 2, "col_index": 9, "is_mock": 1, "shape_model": "county_boundary_clipped_grid", "month": "2020-08", "monthly_fire_probability_pct": 41.33, "risk_score": 0.6198, "risk_level": "medium", "mock_ndvi": 0.6335, "mock_avgtempF": 83.65, "mock_humid": 38.59, "mock_wind": 6.19, "county_avgtempF": 82.39, "county_humid": 43.77, "county_wind": 4.71, "county_precip": 0.0032, "county_sunHour": 11.28}, "geometry": {"type": "Polygon", "coordinates": [[[-120.133358, 34.473006], [-120.152682, 34.473366], [-120.16888, 34.469713], [-120.18092332143011, 34.46989650580623], [-120.18092332143011, 34.508029676248654], [-120.12639824603345, 34.508029676248654], [-120.12639824603345, 34.471599195637786], [-120.133358, 34.473006]]]}}, {"type": "Feature", "properties": {"grid_id": "06083_5km_0034", "county": "Santa Barbara County", "county_short": "Santa Barbara", "geoid": "06083", "grid_km": 5.0, "center_lat": 34.489814, "center_lon": -120.099136, "row_index": 2, "col_index": 10, "is_mock": 1, "shape_model": "county_boundary_clipped_grid", "month": "2020-08", "monthly_fire_probability_pct": 41.33, "risk_score": 0.6198, "risk_level": "medium", "mock_ndvi": 0.6314, "mock_avgtempF": 83.62, "mock_humid": 38.6, "mock_wind": 6.25, "county_avgtempF": 82.39, "county_humid": 43.77, "county_wind": 4.71, "county_precip": 0.0032, "county_sunHour": 11.28}, "geometry": {"type": "Polygon", "coordinates": [[[-120.118739, 34.470051], [-120.12639824603346, 34.471599195637786], [-120.12639824603346, 34.508029676248654], [-120.07187317063679, 34.508029676248654], [-120.07187317063679, 34.4631141174991], [-120.09767927486213, 34.4631141174991], [-120.118739, 34.470051]]]}}, {"type": "Feature", "properties": {"grid_id": "06083_5km_0035", "county": "Santa Barbara County", "county_short": "Santa Barbara", "geoid": "06083", "grid_km": 5.0, "center_lat": 34.485693, "center_lon": -120.044611, "row_index": 2, "col_index": 11, "is_mock": 1, "shape_model": "county_boundary_clipped_grid", "month": "2020-08", "monthly_fire_probability_pct": 41.33, "risk_score": 0.6193, "risk_level": "medium", "mock_ndvi": 0.6309, "mock_avgtempF": 83.6, "mock_humid": 38.65, "mock_wind": 6.26, "county_avgtempF": 82.39, "county_humid": 43.77, "county_wind": 4.71, "county_precip": 0.0032, "county_sunHour": 11.28}, "geometry": {"type": "Polygon", "coordinates": [[[-120.038962, 34.463356], [-120.04084396876269, 34.4631141174991], [-120.0718731706368, 34.4631141174991], [-120.0718731706368, 34.508029676248654], [-120.01734809524014, 34.508029676248654], [-120.01734809524014, 34.4631141174991], [-120.0383229600424, 34.4631141174991], [-120.038962, 34.463356]]]}}, {"type": "Feature", "properties": {"grid_id": "06083_5km_0036", "county": "Santa Barbara County", "county_short": "Santa Barbara", "geoid": "06083", "grid_km": 5.0, "center_lat": 34.485572, "center_lon": -119.990086, "row_index": 2, "col_index": 12, "is_mock": 1, "shape_model": "county_boundary_clipped_grid", "month": "2020-08", "monthly_fire_probability_pct": 41.33, "risk_score": 0.6189, "risk_level": "medium", "mock_ndvi": 0.631, "mock_avgtempF": 83.58, "mock_humid": 38.7, "mock_wind": 6.25, "county_avgtempF": 82.39, "county_humid": 43.77, "county_wind": 4.71, "county_precip": 0.0032, "county_sunHour": 11.28}, "geometry": {"type": "Polygon", "coordinates": [[[-120.01734809524015, 34.4631141174991], [-120.01734809524015, 34.508029676248654], [-119.96282301984348, 34.508029676248654], [-119.96282301984348, 34.4631141174991], [-120.01734809524015, 34.4631141174991]]]}}, {"type": "Feature", "properties": {"grid_id": "06083_5km_0037", "county": "Santa Barbara County", "county_short": "Santa Barbara", "geoid": "06083", "grid_km": 5.0, "center_lat": 34.485572, "center_lon": -119.93556, "row_index": 2, "col_index": 13, "is_mock": 1, "shape_model": "county_boundary_clipped_grid", "month": "2020-08", "monthly_fire_probability_pct": 41.33, "risk_score": 0.6182, "risk_level": "medium", "mock_ndvi": 0.6322, "mock_avgtempF": 83.58, "mock_humid": 38.76, "mock_wind": 6.21, "county_avgtempF": 82.39, "county_humid": 43.77, "county_wind": 4.71, "county_precip": 0.0032, "county_sunHour": 11.28}, "geometry": {"type": "Polygon", "coordinates": [[[-119.9628230198435, 34.4631141174991], [-119.9628230198435, 34.508029676248654], [-119.90829794444683, 34.508029676248654], [-119.90829794444683, 34.4631141174991], [-119.9628230198435, 34.4631141174991]]]}}, {"type": "Feature", "properties": {"grid_id": "06083_5km_0038", "county": "Santa Barbara County", "county_short": "Santa Barbara", "geoid": "06083", "grid_km": 5.0, "center_lat": 34.485572, "center_lon": -119.881035, "row_index": 2, "col_index": 14, "is_mock": 1, "shape_model": "county_boundary_clipped_grid", "month": "2020-08", "monthly_fire_probability_pct": 41.33, "risk_score": 0.6174, "risk_level": "medium", "mock_ndvi": 0.6344, "mock_avgtempF": 83.58, "mock_humid": 38.83, "mock_wind": 6.13, "county_avgtempF": 82.39, "county_humid": 43.77, "county_wind": 4.71, "county_precip": 0.0032, "county_sunHour": 11.28}, "geometry": {"type": "Polygon", "coordinates": [[[-119.90829794444684, 34.4631141174991], [-119.90829794444684, 34.508029676248654], [-119.85377286905018, 34.508029676248654], [-119.85377286905018, 34.4631141174991], [-119.90829794444684, 34.4631141174991]]]}}, {"type": "Feature", "properties": {"grid_id": "06083_5km_0039", "county": "Santa Barbara County", "county_short": "Santa Barbara", "geoid": "06083", "grid_km": 5.0, "center_lat": 34.485572, "center_lon": -119.82651, "row_index": 2, "col_index": 15, "is_mock": 1, "shape_model": "county_boundary_clipped_grid", "month": "2020-08", "monthly_fire_probability_pct": 41.33, "risk_score": 0.6165, "risk_level": "medium", "mock_ndvi": 0.6375, "mock_avgtempF": 83.6, "mock_humid": 38.9, "mock_wind": 6.03, "county_avgtempF": 82.39, "county_humid": 43.77, "county_wind": 4.71, "county_precip": 0.0032, "county_sunHour": 11.28}, "geometry": {"type": "Polygon", "coordinates": [[[-119.85377286905019, 34.4631141174991], [-119.85377286905019, 34.508029676248654], [-119.79924779365352, 34.508029676248654], [-119.79924779365352, 34.4631141174991], [-119.85377286905019, 34.4631141174991]]]}}, {"type": "Feature", "properties": {"grid_id": "06083_5km_0040", "county": "Santa Barbara County", "county_short": "Santa Barbara", "geoid": "06083", "grid_km": 5.0, "center_lat": 34.485572, "center_lon": -119.771985, "row_index": 2, "col_index": 16, "is_mock": 1, "shape_model": "county_boundary_clipped_grid", "month": "2020-08", "monthly_fire_probability_pct": 41.33, "risk_score": 0.6155, "risk_level": "medium", "mock_ndvi": 0.6413, "mock_avgtempF": 83.62, "mock_humid": 38.97, "mock_wind": 5.99, "county_avgtempF": 82.39, "county_humid": 43.77, "county_wind": 4.71, "county_precip": 0.0032, "county_sunHour": 11.28}, "geometry": {"type": "Polygon", "coordinates": [[[-119.79924779365354, 34.4631141174991], [-119.79924779365354, 34.508029676248654], [-119.74472271825687, 34.508029676248654], [-119.74472271825687, 34.4631141174991], [-119.79924779365354, 34.4631141174991]]]}}, {"type": "Feature", "properties": {"grid_id": "06083_5km_0041", "county": "Santa Barbara County", "county_short": "Santa Barbara", "geoid": "06083", "grid_km": 5.0, "center_lat": 34.485572, "center_lon": -119.71746, "row_index": 2, "col_index": 17, "is_mock": 1, "shape_model": "county_boundary_clipped_grid", "month": "2020-08", "monthly_fire_probability_pct": 41.33, "risk_score": 0.6144, "risk_level": "medium", "mock_ndvi": 0.6456, "mock_avgtempF": 83.65, "mock_humid": 39.06, "mock_wind": 5.96, "county_avgtempF": 82.39, "county_humid": 43.77, "county_wind": 4.71, "county_precip": 0.0032, "county_sunHour": 11.28}, "geometry": {"type": "Polygon", "coordinates": [[[-119.74472271825688, 34.4631141174991], [-119.74472271825688, 34.508029676248654], [-119.69019764286021, 34.508029676248654], [-119.69019764286021, 34.4631141174991], [-119.74472271825688, 34.4631141174991]]]}}, {"type": "Feature", "properties": {"grid_id": "06083_5km_0042", "county": "Santa Barbara County", "county_short": "Santa Barbara", "geoid": "06083", "grid_km": 5.0, "center_lat": 34.485572, "center_lon": -119.662935, "row_index": 2, "col_index": 18, "is_mock": 1, "shape_model": "county_boundary_clipped_grid", "month": "2020-08", "monthly_fire_probability_pct": 41.33, "risk_score": 0.6129, "risk_level": "medium", "mock_ndvi": 0.6501, "mock_avgtempF": 83.66, "mock_humid": 39.18, "mock_wind": 5.92, "county_avgtempF": 82.39, "county_humid": 43.77, "county_wind": 4.71, "county_precip": 0.0032, "county_sunHour": 11.28}, "geometry": {"type": "Polygon", "coordinates": [[[-119.69019764286023, 34.4631141174991], [-119.69019764286023, 34.508029676248654], [-119.63567256746356, 34.508029676248654], [-119.63567256746356, 34.4631141174991], [-119.69019764286023, 34.4631141174991]]]}}, {"type": "Feature", "properties": {"grid_id": "06083_5km_0043", "county": "Santa Barbara County", "county_short": "Santa Barbara", "geoid": "06083", "grid_km": 5.0, "center_lat": 34.485572, "center_lon": -119.60841, "row_index": 2, "col_index": 19, "is_mock": 1, "shape_model": "county_boundary_clipped_grid", "month": "2020-08", "monthly_fire_probability_pct": 41.33, "risk_score": 0.611, "risk_level": "medium", "mock_ndvi": 0.6547, "mock_avgtempF": 83.67, "mock_humid": 39.34, "mock_wind": 5.87, "county_avgtempF": 82.39, "county_humid": 43.77, "county_wind": 4.71, "county_precip": 0.0032, "county_sunHour": 11.28}, "geometry": {"type": "Polygon", "coordinates": [[[-119.63567256746357, 34.4631141174991], [-119.63567256746357, 34.508029676248654], [-119.5811474920669, 34.508029676248654], [-119.5811474920669, 34.4631141174991], [-119.63567256746357, 34.4631141174991]]]}}, {"type": "Feature", "properties": {"grid_id": "06083_5km_0044", "county": "Santa Barbara County", "county_short": "Santa Barbara", "geoid": "06083", "grid_km": 5.0, "center_lat": 34.485572, "center_lon": -119.553885, "row_index": 2, "col_index": 20, "is_mock": 1, "shape_model": "county_boundary_clipped_grid", "month": "2020-08", "monthly_fire_probability_pct": 41.33, "risk_score": 0.6087, "risk_level": "medium", "mock_ndvi": 0.6591, "mock_avgtempF": 83.66, "mock_humid": 39.56, "mock_wind": 5.81, "county_avgtempF": 82.39, "county_humid": 43.77, "county_wind": 4.71, "county_precip": 0.0032, "county_sunHour": 11.28}, "geometry": {"type": "Polygon", "coordinates": [[[-119.58114749206692, 34.4631141174991], [-119.58114749206692, 34.508029676248654], [-119.52662241667025, 34.508029676248654], [-119.52662241667025, 34.4631141174991], [-119.58114749206692, 34.4631141174991]]]}}, {"type": "Feature", "properties": {"grid_id": "06083_5km_0045", "county": "Santa Barbara County", "county_short": "Santa Barbara", "geoid": "06083", "grid_km": 5.0, "center_lat": 34.485572, "center_lon": -119.49936, "row_index": 2, "col_index": 21, "is_mock": 1, "shape_model": "county_boundary_clipped_grid", "month": "2020-08", "monthly_fire_probability_pct": 41.33, "risk_score": 0.6056, "risk_level": "medium", "mock_ndvi": 0.6632, "mock_avgtempF": 83.62, "mock_humid": 39.84, "mock_wind": 5.73, "county_avgtempF": 82.39, "county_humid": 43.77, "county_wind": 4.71, "county_precip": 0.0032, "county_sunHour": 11.28}, "geometry": {"type": "Polygon", "coordinates": [[[-119.52662241667026, 34.4631141174991], [-119.52662241667026, 34.508029676248654], [-119.4720973412736, 34.508029676248654], [-119.4720973412736, 34.4631141174991], [-119.52662241667026, 34.4631141174991]]]}}, {"type": "Feature", "properties": {"grid_id": "06083_5km_0046", "county": "Santa Barbara County", "county_short": "Santa Barbara", "geoid": "06083", "grid_km": 5.0, "center_lat": 34.485572, "center_lon": -119.457194, "row_index": 2, "col_index": 22, "is_mock": 1, "shape_model": "county_boundary_clipped_grid", "month": "2020-08", "monthly_fire_probability_pct": 41.33, "risk_score": 0.6027, "risk_level": "medium", "mock_ndvi": 0.666, "mock_avgtempF": 83.56, "mock_humid": 40.12, "mock_wind": 5.65, "county_avgtempF": 82.39, "county_humid": 43.77, "county_wind": 4.71, "county_precip": 0.0032, "county_sunHour": 11.28}, "geometry": {"type": "Polygon", "coordinates": [[[-119.44227371605683, 34.4631141174991], [-119.47209734127361, 34.4631141174991], [-119.47209734127361, 34.508029676248654], [-119.44230628437597, 34.508029676248654], [-119.44227371605683, 34.4631141174991]]]}}, {"type": "Feature", "properties": {"grid_id": "06083_5km_0047", "county": "Santa Barbara County", "county_short": "Santa Barbara", "geoid": "06083", "grid_km": 5.0, "center_lat": 34.549062, "center_lon": -120.563797, "row_index": 3, "col_index": 1, "is_mock": 1, "shape_model": "county_boundary_clipped_grid", "month": "2020-08", "monthly_fire_probability_pct": 41.33, "risk_score": 0.6058, "risk_level": "medium", "mock_ndvi": 0.6574, "mock_avgtempF": 83.54, "mock_humid": 39.86, "mock_wind": 5.73, "county_avgtempF": 82.39, "county_humid": 43.77, "county_wind": 4.71, "county_precip": 0.0032, "county_sunHour": 11.28}, "geometry": {"type": "Polygon", "coordinates": [[[-120.56739, 34.550672], [-120.5723933856229, 34.552945234998205], [-120.56259884920668, 34.552945234998205], [-120.56259884920668, 34.54745126315575], [-120.56739, 34.550672]]]}}, {"type": "Feature", "properties": {"grid_id": "06083_5km_0048", "county": "Santa Barbara County", "county_short": "Santa Barbara", "geoid": "06083", "grid_km": 5.0, "center_lat": 34.531336, "center_lon": -120.517197, "row_index": 3, "col_index": 2, "is_mock": 1, "shape_model": "county_boundary_clipped_grid", "month": "2020-08", "monthly_fire_probability_pct": 41.33, "risk_score": 0.6101, "risk_level": "medium", "mock_ndvi": 0.6558, "mock_avgtempF": 83.66, "mock_humid": 39.43, "mock_wind": 5.85, "county_avgtempF": 82.39, "county_humid": 43.77, "county_wind": 4.71, "county_precip": 0.0032, "county_sunHour": 11.28}, "geometry": {"type": "Polygon", "coordinates": [[[-120.511502, 34.52325], [-120.541139, 34.539422], [-120.55324, 34.54116], [-120.5625988492067, 34.547451263155764], [-120.5625988492067, 34.552945234998205], [-120.50807377381003, 34.552945234998205], [-120.50807377381003, 34.51844320682886], [-120.511502, 34.52325]]]}}, {"type": "Feature", "properties": {"grid_id": "06083_5km_0049", "county": "Santa Barbara County", "county_short": "Santa Barbara", "geoid": "06083", "grid_km": 5.0, "center_lat": 34.535694, "center_lon": -120.480811, "row_index": 3, "col_index": 3, "is_mock": 1, "shape_model": "county_boundary_clipped_grid", "month": "2020-08", "monthly_fire_probability_pct": 41.33, "risk_score": 0.6118, "risk_level": "medium", "mock_ndvi": 0.6528, "mock_avgtempF": 83.67, "mock_humid": 39.27, "mock_wind": 5.89, "county_avgtempF": 82.39, "county_humid": 43.77, "county_wind": 4.71, "county_precip": 0.0032, "county_sunHour": 11.28}, "geometry": {"type": "Polygon", "coordinates": [[[-120.501137, 34.508717], [-120.50807377381004, 34.51844320682888], [-120.50807377381004, 34.552945234998205], [-120.45354869841337, 34.552945234998205], [-120.45354869841337, 34.508029676248654], [-120.50090139183574, 34.508029676248654], [-120.501137, 34.508717]]]}}, {"type": "Feature", "properties": {"grid_id": "06083_5km_0050", "county": "Santa Barbara County", "county_short": "Santa Barbara", "geoid": "06083", "grid_km": 5.0, "center_lat": 34.530487, "center_lon": -120.426286, "row_index": 3, "col_index": 4, "is_mock": 1, "shape_model": "county_boundary_clipped_grid", "month": "2020-08", "monthly_fire_probability_pct": 41.33, "risk_score": 0.6145, "risk_level": "medium", "mock_ndvi": 0.6491, "mock_avgtempF": 83.7, "mock_humid": 39.02, "mock_wind": 5.96, "county_avgtempF": 82.39, "county_humid": 43.77, "county_wind": 4.71, "county_precip": 0.0032, "county_sunHour": 11.28}, "geometry": {"type": "Polygon", "coordinates": [[[-120.45354869841339, 34.508029676248654], [-120.45354869841339, 34.552945234998205], [-120.39902362301672, 34.552945234998205], [-120.39902362301672, 34.508029676248654], [-120.45354869841339, 34.508029676248654]]]}}, {"type": "Feature", "properties": {"grid_id": "06083_5km_0051", "county": "Santa Barbara County", "county_short": "Santa Barbara", "geoid": "06083", "grid_km": 5.0, "center_lat": 34.530487, "center_lon": -120.371761, "row_index": 3, "col_index": 5, "is_mock": 1, "shape_model": "county_boundary_clipped_grid", "month": "2020-08", "monthly_fire_probability_pct": 41.33, "risk_score": 0.6164, "risk_level": "medium", "mock_ndvi": 0.6446, "mock_avgtempF": 83.7, "mock_humid": 38.86, "mock_wind": 6.01, "county_avgtempF": 82.39, "county_humid": 43.77, "county_wind": 4.71, "county_precip": 0.0032, "county_sunHour": 11.28}, "geometry": {"type": "Polygon", "coordinates": [[[-120.39902362301673, 34.508029676248654], [-120.39902362301673, 34.552945234998205], [-120.34449854762006, 34.552945234998205], [-120.34449854762006, 34.508029676248654], [-120.39902362301673, 34.508029676248654]]]}}, {"type": "Feature", "properties": {"grid_id": "06083_5km_0052", "county": "Santa Barbara County", "county_short": "Santa Barbara", "geoid": "06083", "grid_km": 5.0, "center_lat": 34.530487, "center_lon": -120.317236, "row_index": 3, "col_index": 6, "is_mock": 1, "shape_model": "county_boundary_clipped_grid", "month": "2020-08", "monthly_fire_probability_pct": 41.33, "risk_score": 0.6177, "risk_level": "medium", "mock_ndvi": 0.6401, "mock_avgtempF": 83.68, "mock_humid": 38.75, "mock_wind": 6.05, "county_avgtempF": 82.39, "county_humid": 43.77, "county_wind": 4.71, "county_precip": 0.0032, "county_sunHour": 11.28}, "geometry": {"type": "Polygon", "coordinates": [[[-120.34449854762008, 34.508029676248654], [-120.34449854762008, 34.552945234998205], [-120.28997347222341, 34.552945234998205], [-120.28997347222341, 34.508029676248654], [-120.34449854762008, 34.508029676248654]]]}}, {"type": "Feature", "properties": {"grid_id": "06083_5km_0053", "county": "Santa Barbara County", "county_short": "Santa Barbara", "geoid": "06083", "grid_km": 5.0, "center_lat": 34.530487, "center_lon": -120.262711, "row_index": 3, "col_index": 7, "is_mock": 1, "shape_model": "county_boundary_clipped_grid", "month": "2020-08", "monthly_fire_probability_pct": 41.33, "risk_score": 0.6188, "risk_level": "medium", "mock_ndvi": 0.6358, "mock_avgtempF": 83.65, "mock_humid": 38.67, "mock_wind": 6.1, "county_avgtempF": 82.39, "county_humid": 43.77, "county_wind": 4.71, "county_precip": 0.0032, "county_sunHour": 11.28}, "geometry": {"type": "Polygon", "coordinates": [[[-120.28997347222342, 34.508029676248654], [-120.28997347222342, 34.552945234998205], [-120.23544839682675, 34.552945234998205], [-120.23544839682675, 34.508029676248654], [-120.28997347222342, 34.508029676248654]]]}}, {"type": "Feature", "properties": {"grid_id": "06083_5km_0054", "county": "Santa Barbara County", "county_short": "Santa Barbara", "geoid": "06083", "grid_km": 5.0, "center_lat": 34.530487, "center_lon": -120.208186, "row_index": 3, "col_index": 8, "is_mock": 1, "shape_model": "county_boundary_clipped_grid", "month": "2020-08", "monthly_fire_probability_pct": 41.33, "risk_score": 0.6197, "risk_level": "medium", "mock_ndvi": 0.632, "mock_avgtempF": 83.62, "mock_humid": 38.61, "mock_wind": 6.23, "county_avgtempF": 82.39, "county_humid": 43.77, "county_wind": 4.71, "county_precip": 0.0032, "county_sunHour": 11.28}, "geometry": {"type": "Polygon", "coordinates": [[[-120.23544839682677, 34.508029676248654], [-120.23544839682677, 34.552945234998205], [-120.1809233214301, 34.552945234998205], [-120.1809233214301, 34.508029676248654], [-120.23544839682677, 34.508029676248654]]]}}, {"type": "Feature", "properties": {"grid_id": "06083_5km_0055", "county": "Santa Barbara County", "county_short": "Santa Barbara", "geoid": "06083", "grid_km": 5.0, "center_lat": 34.530487, "center_lon": -120.153661, "row_index": 3, "col_index": 9, "is_mock": 1, "shape_model": "county_boundary_clipped_grid", "month": "2020-08", "monthly_fire_probability_pct": 41.33, "risk_score": 0.6204, "risk_level": "medium", "mock_ndvi": 0.6287, "mock_avgtempF": 83.6, "mock_humid": 38.55, "mock_wind": 6.34, "county_avgtempF": 82.39, "county_humid": 43.77, "county_wind": 4.71, "county_precip": 0.0032, "county_sunHour": 11.28}, "geometry": {"type": "Polygon", "coordinates": [[[-120.18092332143011, 34.508029676248654], [-120.18092332143011, 34.552945234998205], [-120.12639824603345, 34.552945234998205], [-120.12639824603345, 34.508029676248654], [-120.18092332143011, 34.508029676248654]]]}}, {"type": "Feature", "properties": {"grid_id": "06083_5km_0056", "county": "Santa Barbara County", "county_short": "Santa Barbara", "geoid": "06083", "grid_km": 5.0, "center_lat": 34.530487, "center_lon": -120.099136, "row_index": 3, "col_index": 10, "is_mock": 1, "shape_model": "county_boundary_clipped_grid", "month": "2020-08", "monthly_fire_probability_pct": 41.33, "risk_score": 0.6211, "risk_level": "medium", "mock_ndvi": 0.6263, "mock_avgtempF": 83.59, "mock_humid": 38.5, "mock_wind": 6.43, "county_avgtempF": 82.39, "county_humid": 43.77, "county_wind": 4.71, "county_precip": 0.0032, "county_sunHour": 11.28}, "geometry": {"type": "Polygon", "coordinates": [[[-120.12639824603346, 34.508029676248654], [-120.12639824603346, 34.552945234998205], [-120.07187317063679, 34.552945234998205], [-120.07187317063679, 34.508029676248654], [-120.12639824603346, 34.508029676248654]]]}}, {"type": "Feature", "properties": {"grid_id": "06083_5km_0057", "county": "Santa Barbara County", "county_short": "Santa Barbara", "geoid": "06083", "grid_km": 5.0, "center_lat": 34.530487, "center_lon": -120.044611, "row_index": 3, "col_index": 11, "is_mock": 1, "shape_model": "county_boundary_clipped_grid", "month": "2020-08", "monthly_fire_probability_pct": 41.33, "risk_score": 0.6214, "risk_level": "medium", "mock_ndvi": 0.6249, "mock_avgtempF": 83.58, "mock_humid": 38.48, "mock_wind": 6.47, "county_avgtempF": 82.39, "county_humid": 43.77, "county_wind": 4.71, "county_precip": 0.0032, "county_sunHour": 11.28}, "geometry": {"type": "Polygon", "coordinates": [[[-120.0718731706368, 34.508029676248654], [-120.0718731706368, 34.552945234998205], [-120.01734809524014, 34.552945234998205], [-120.01734809524014, 34.508029676248654], [-120.0718731706368, 34.508029676248654]]]}}, {"type": "Feature", "properties": {"grid_id": "06083_5km_0058", "county": "Santa Barbara County", "county_short": "Santa Barbara", "geoid": "06083", "grid_km": 5.0, "center_lat": 34.530487, "center_lon": -119.990086, "row_index": 3, "col_index": 12, "is_mock": 1, "shape_model": "county_boundary_clipped_grid", "month": "2020-08", "monthly_fire_probability_pct": 41.33, "risk_score": 0.6206, "risk_level": "medium", "mock_ndvi": 0.6252, "mock_avgtempF": 83.55, "mock_humid": 38.57, "mock_wind": 6.45, "county_avgtempF": 82.39, "county_humid": 43.77, "county_wind": 4.71, "county_precip": 0.0032, "county_sunHour": 11.28}, "geometry": {"type": "Polygon", "coordinates": [[[-120.01734809524015, 34.508029676248654], [-120.01734809524015, 34.552945234998205], [-119.96282301984348, 34.552945234998205], [-119.96282301984348, 34.508029676248654], [-120.01734809524015, 34.508029676248654]]]}}, {"type": "Feature", "properties": {"grid_id": "06083_5km_0059", "county": "Santa Barbara County", "county_short": "Santa Barbara", "geoid": "06083", "grid_km": 5.0, "center_lat": 34.530487, "center_lon": -119.93556, "row_index": 3, "col_index": 13, "is_mock": 1, "shape_model": "county_boundary_clipped_grid", "month": "2020-08", "monthly_fire_probability_pct": 41.33, "risk_score": 0.6193, "risk_level": "medium", "mock_ndvi": 0.6267, "mock_avgtempF": 83.54, "mock_humid": 38.68, "mock_wind": 6.39, "county_avgtempF": 82.39, "county_humid": 43.77, "county_wind": 4.71, "county_precip": 0.0032, "county_sunHour": 11.28}, "geometry": {"type": "Polygon", "coordinates": [[[-119.9628230198435, 34.508029676248654], [-119.9628230198435, 34.552945234998205], [-119.90829794444683, 34.552945234998205], [-119.90829794444683, 34.508029676248654], [-119.9628230198435, 34.508029676248654]]]}}, {"type": "Feature", "properties": {"grid_id": "06083_5km_0060", "county": "Santa Barbara County", "county_short": "Santa Barbara", "geoid": "06083", "grid_km": 5.0, "center_lat": 34.530487, "center_lon": -119.881035, "row_index": 3, "col_index": 14, "is_mock": 1, "shape_model": "county_boundary_clipped_grid", "month": "2020-08", "monthly_fire_probability_pct": 41.33, "risk_score": 0.618, "risk_level": "medium", "mock_ndvi": 0.6292, "mock_avgtempF": 83.53, "mock_humid": 38.8, "mock_wind": 6.3, "county_avgtempF": 82.39, "county_humid": 43.77, "county_wind": 4.71, "county_precip": 0.0032, "county_sunHour": 11.28}, "geometry": {"type": "Polygon", "coordinates": [[[-119.90829794444684, 34.508029676248654], [-119.90829794444684, 34.552945234998205], [-119.85377286905018, 34.552945234998205], [-119.85377286905018, 34.508029676248654], [-119.90829794444684, 34.508029676248654]]]}}, {"type": "Feature", "properties": {"grid_id": "06083_5km_0061", "county": "Santa Barbara County", "county_short": "Santa Barbara", "geoid": "06083", "grid_km": 5.0, "center_lat": 34.530487, "center_lon": -119.82651, "row_index": 3, "col_index": 15, "is_mock": 1, "shape_model": "county_boundary_clipped_grid", "month": "2020-08", "monthly_fire_probability_pct": 41.33, "risk_score": 0.6168, "risk_level": "medium", "mock_ndvi": 0.6324, "mock_avgtempF": 83.54, "mock_humid": 38.9, "mock_wind": 6.19, "county_avgtempF": 82.39, "county_humid": 43.77, "county_wind": 4.71, "county_precip": 0.0032, "county_sunHour": 11.28}, "geometry": {"type": "Polygon", "coordinates": [[[-119.85377286905019, 34.508029676248654], [-119.85377286905019, 34.552945234998205], [-119.79924779365352, 34.552945234998205], [-119.79924779365352, 34.508029676248654], [-119.85377286905019, 34.508029676248654]]]}}, {"type": "Feature", "properties": {"grid_id": "06083_5km_0062", "county": "Santa Barbara County", "county_short": "Santa Barbara", "geoid": "06083", "grid_km": 5.0, "center_lat": 34.530487, "center_lon": -119.771985, "row_index": 3, "col_index": 16, "is_mock": 1, "shape_model": "county_boundary_clipped_grid", "month": "2020-08", "monthly_fire_probability_pct": 41.33, "risk_score": 0.6155, "risk_level": "medium", "mock_ndvi": 0.6364, "mock_avgtempF": 83.55, "mock_humid": 39.01, "mock_wind": 6.05, "county_avgtempF": 82.39, "county_humid": 43.77, "county_wind": 4.71, "county_precip": 0.0032, "county_sunHour": 11.28}, "geometry": {"type": "Polygon", "coordinates": [[[-119.79924779365354, 34.508029676248654], [-119.79924779365354, 34.552945234998205], [-119.74472271825687, 34.552945234998205], [-119.74472271825687, 34.508029676248654], [-119.79924779365354, 34.508029676248654]]]}}, {"type": "Feature", "properties": {"grid_id": "06083_5km_0063", "county": "Santa Barbara County", "county_short": "Santa Barbara", "geoid": "06083", "grid_km": 5.0, "center_lat": 34.530487, "center_lon": -119.71746, "row_index": 3, "col_index": 17, "is_mock": 1, "shape_model": "county_boundary_clipped_grid", "month": "2020-08", "monthly_fire_probability_pct": 41.33, "risk_score": 0.6141, "risk_level": "medium", "mock_ndvi": 0.6407, "mock_avgtempF": 83.57, "mock_humid": 39.12, "mock_wind": 5.95, "county_avgtempF": 82.39, "county_humid": 43.77, "county_wind": 4.71, "county_precip": 0.0032, "county_sunHour": 11.28}, "geometry": {"type": "Polygon", "coordinates": [[[-119.74472271825688, 34.508029676248654], [-119.74472271825688, 34.552945234998205], [-119.69019764286021, 34.552945234998205], [-119.69019764286021, 34.508029676248654], [-119.74472271825688, 34.508029676248654]]]}}, {"type": "Feature", "properties": {"grid_id": "06083_5km_0064", "county": "Santa Barbara County", "county_short": "Santa Barbara", "geoid": "06083", "grid_km": 5.0, "center_lat": 34.530487, "center_lon": -119.662935, "row_index": 3, "col_index": 18, "is_mock": 1, "shape_model": "county_boundary_clipped_grid", "month": "2020-08", "monthly_fire_probability_pct": 41.33, "risk_score": 0.6125, "risk_level": "medium", "mock_ndvi": 0.6454, "mock_avgtempF": 83.58, "mock_humid": 39.25, "mock_wind": 5.91, "county_avgtempF": 82.39, "county_humid": 43.77, "county_wind": 4.71, "county_precip": 0.0032, "county_sunHour": 11.28}, "geometry": {"type": "Polygon", "coordinates": [[[-119.69019764286023, 34.508029676248654], [-119.69019764286023, 34.552945234998205], [-119.63567256746356, 34.552945234998205], [-119.63567256746356, 34.508029676248654], [-119.69019764286023, 34.508029676248654]]]}}, {"type": "Feature", "properties": {"grid_id": "06083_5km_0065", "county": "Santa Barbara County", "county_short": "Santa Barbara", "geoid": "06083", "grid_km": 5.0, "center_lat": 34.530487, "center_lon": -119.60841, "row_index": 3, "col_index": 19, "is_mock": 1, "shape_model": "county_boundary_clipped_grid", "month": "2020-08", "monthly_fire_probability_pct": 41.33, "risk_score": 0.6105, "risk_level": "medium", "mock_ndvi": 0.65, "mock_avgtempF": 83.59, "mock_humid": 39.43, "mock_wind": 5.86, "county_avgtempF": 82.39, "county_humid": 43.77, "county_wind": 4.71, "county_precip": 0.0032, "county_sunHour": 11.28}, "geometry": {"type": "Polygon", "coordinates": [[[-119.63567256746357, 34.508029676248654], [-119.63567256746357, 34.552945234998205], [-119.5811474920669, 34.552945234998205], [-119.5811474920669, 34.508029676248654], [-119.63567256746357, 34.508029676248654]]]}}, {"type": "Feature", "properties": {"grid_id": "06083_5km_0066", "county": "Santa Barbara County", "county_short": "Santa Barbara", "geoid": "06083", "grid_km": 5.0, "center_lat": 34.530487, "center_lon": -119.553885, "row_index": 3, "col_index": 20, "is_mock": 1, "shape_model": "county_boundary_clipped_grid", "month": "2020-08", "monthly_fire_probability_pct": 41.33, "risk_score": 0.608, "risk_level": "medium", "mock_ndvi": 0.6545, "mock_avgtempF": 83.57, "mock_humid": 39.66, "mock_wind": 5.79, "county_avgtempF": 82.39, "county_humid": 43.77, "county_wind": 4.71, "county_precip": 0.0032, "county_sunHour": 11.28}, "geometry": {"type": "Polygon", "coordinates": [[[-119.58114749206692, 34.508029676248654], [-119.58114749206692, 34.552945234998205], [-119.52662241667025, 34.552945234998205], [-119.52662241667025, 34.508029676248654], [-119.58114749206692, 34.508029676248654]]]}}, {"type": "Feature", "properties": {"grid_id": "06083_5km_0067", "county": "Santa Barbara County", "county_short": "Santa Barbara", "geoid": "06083", "grid_km": 5.0, "center_lat": 34.530487, "center_lon": -119.49936, "row_index": 3, "col_index": 21, "is_mock": 1, "shape_model": "county_boundary_clipped_grid", "month": "2020-08", "monthly_fire_probability_pct": 41.33, "risk_score": 0.6048, "risk_level": "medium", "mock_ndvi": 0.6586, "mock_avgtempF": 83.53, "mock_humid": 39.95, "mock_wind": 5.71, "county_avgtempF": 82.39, "county_humid": 43.77, "county_wind": 4.71, "county_precip": 0.0032, "county_sunHour": 11.28}, "geometry": {"type": "Polygon", "coordinates": [[[-119.52662241667026, 34.508029676248654], [-119.52662241667026, 34.552945234998205], [-119.4720973412736, 34.552945234998205], [-119.4720973412736, 34.508029676248654], [-119.52662241667026, 34.508029676248654]]]}}, {"type": "Feature", "properties": {"grid_id": "06083_5km_0068", "county": "Santa Barbara County", "county_short": "Santa Barbara", "geoid": "06083", "grid_km": 5.0, "center_lat": 34.530487, "center_lon": -119.45721, "row_index": 3, "col_index": 22, "is_mock": 1, "shape_model": "county_boundary_clipped_grid", "month": "2020-08", "monthly_fire_probability_pct": 41.33, "risk_score": 0.6019, "risk_level": "medium", "mock_ndvi": 0.6614, "mock_avgtempF": 83.47, "mock_humid": 40.24, "mock_wind": 5.63, "county_avgtempF": 82.39, "county_humid": 43.77, "county_wind": 4.71, "county_precip": 0.0032, "county_sunHour": 11.28}, "geometry": {"type": "Polygon", "coordinates": [[[-119.44230628437597, 34.508029676248654], [-119.47209734127361, 34.508029676248654], [-119.47209734127361, 34.552945234998205], [-119.44233885269512, 34.552945234998205], [-119.44230628437597, 34.508029676248654]]]}}, {"type": "Feature", "properties": {"grid_id": "06083_5km_0069", "county": "Santa Barbara County", "county_short": "Santa Barbara", "geoid": "06083", "grid_km": 5.0, "center_lat": 34.573, "center_lon": -120.629774, "row_index": 4, "col_index": 0, "is_mock": 1, "shape_model": "county_boundary_clipped_grid", "month": "2020-08", "monthly_fire_probability_pct": 41.33, "risk_score": 0.598, "risk_level": "medium", "mock_ndvi": 0.6594, "mock_avgtempF": 83.32, "mock_humid": 40.65, "mock_wind": 5.52, "county_avgtempF": 82.39, "county_humid": 43.77, "county_wind": 4.71, "county_precip": 0.0032, "county_sunHour": 11.28}, "geometry": {"type": "Polygon", "coordinates": [[[-120.624076, 34.554422], [-120.639042, 34.567224], [-120.645808, 34.578776], [-120.64055602862786, 34.597860793747756], [-120.61712392460333, 34.597860793747756], [-120.61712392460333, 34.55548696253013], [-120.624076, 34.554422]]]}}, {"type": "Feature", "properties": {"grid_id": "06083_5km_0070", "county": "Santa Barbara County", "county_short": "Santa Barbara", "geoid": "06083", "grid_km": 5.0, "center_lat": 34.577473, "center_lon": -120.589861, "row_index": 4, "col_index": 1, "is_mock": 1, "shape_model": "county_boundary_clipped_grid", "month": "2020-08", "monthly_fire_probability_pct": 41.33, "risk_score": 0.6008, "risk_level": "medium", "mock_ndvi": 0.6571, "mock_avgtempF": 83.38, "mock_humid": 40.38, "mock_wind": 5.6, "county_avgtempF": 82.39, "county_humid": 43.77, "county_wind": 4.71, "county_precip": 0.0032, "county_sunHour": 11.28}, "geometry": {"type": "Polygon", "coordinates": [[[-120.581505, 34.557085], [-120.608572, 34.556797], [-120.61712392460335, 34.555486962530125], [-120.61712392460335, 34.597860793747756], [-120.56259884920668, 34.597860793747756], [-120.56259884920668, 34.552945234998205], [-120.5723933856229, 34.552945234998205], [-120.581505, 34.557085]]]}}, {"type": "Feature", "properties": {"grid_id": "06083_5km_0071", "county": "Santa Barbara County", "county_short": "Santa Barbara", "geoid": "06083", "grid_km": 5.0, "center_lat": 34.575403, "center_lon": -120.535336, "row_index": 4, "col_index": 2, "is_mock": 1, "shape_model": "county_boundary_clipped_grid", "month": "2020-08", "monthly_fire_probability_pct": 41.33, "risk_score": 0.6048, "risk_level": "medium", "mock_ndvi": 0.654, "mock_avgtempF": 83.46, "mock_humid": 39.99, "mock_wind": 5.71, "county_avgtempF": 82.39, "county_humid": 43.77, "county_wind": 4.71, "county_precip": 0.0032, "county_sunHour": 11.28}, "geometry": {"type": "Polygon", "coordinates": [[[-120.5625988492067, 34.552945234998205], [-120.5625988492067, 34.597860793747756], [-120.50807377381003, 34.597860793747756], [-120.50807377381003, 34.552945234998205], [-120.5625988492067, 34.552945234998205]]]}}, {"type": "Feature", "properties": {"grid_id": "06083_5km_0072", "county": "Santa Barbara County", "county_short": "Santa Barbara", "geoid": "06083", "grid_km": 5.0, "center_lat": 34.575403, "center_lon": -120.480811, "row_index": 4, "col_index": 3, "is_mock": 1, "shape_model": "county_boundary_clipped_grid", "month": "2020-08", "monthly_fire_probability_pct": 41.33, "risk_score": 0.6079, "risk_level": "medium", "mock_ndvi": 0.6502, "mock_avgtempF": 83.5, "mock_humid": 39.7, "mock_wind": 5.78, "county_avgtempF": 82.39, "county_humid": 43.77, "county_wind": 4.71, "county_precip": 0.0032, "county_sunHour": 11.28}, "geometry": {"type": "Polygon", "coordinates": [[[-120.50807377381004, 34.552945234998205], [-120.50807377381004, 34.597860793747756], [-120.45354869841337, 34.597860793747756], [-120.45354869841337, 34.552945234998205], [-120.50807377381004, 34.552945234998205]]]}}, {"type": "Feature", "properties": {"grid_id": "06083_5km_0073", "county": "Santa Barbara County", "county_short": "Santa Barbara", "geoid": "06083", "grid_km": 5.0, "center_lat": 34.575403, "center_lon": -120.426286, "row_index": 4, "col_index": 4, "is_mock": 1, "shape_model": "county_boundary_clipped_grid", "month": "2020-08", "monthly_fire_probability_pct": 41.33, "risk_score": 0.6102, "risk_level": "medium", "mock_ndvi": 0.646, "mock_avgtempF": 83.52, "mock_humid": 39.49, "mock_wind": 5.85, "county_avgtempF": 82.39, "county_humid": 43.77, "county_wind": 4.71, "county_precip": 0.0032, "county_sunHour": 11.28}, "geometry": {"type": "Polygon", "coordinates": [[[-120.45354869841339, 34.552945234998205], [-120.45354869841339, 34.597860793747756], [-120.39902362301672, 34.597860793747756], [-120.39902362301672, 34.552945234998205], [-120.45354869841339, 34.552945234998205]]]}}, {"type": "Feature", "properties": {"grid_id": "06083_5km_0074", "county": "Santa Barbara County", "county_short": "Santa Barbara", "geoid": "06083", "grid_km": 5.0, "center_lat": 34.575403, "center_lon": -120.371761, "row_index": 4, "col_index": 5, "is_mock": 1, "shape_model": "county_boundary_clipped_grid", "month": "2020-08", "monthly_fire_probability_pct": 41.33, "risk_score": 0.6119, "risk_level": "medium", "mock_ndvi": 0.6416, "mock_avgtempF": 83.51, "mock_humid": 39.34, "mock_wind": 5.89, "county_avgtempF": 82.39, "county_humid": 43.77, "county_wind": 4.71, "county_precip": 0.0032, "county_sunHour": 11.28}, "geometry": {"type": "Polygon", "coordinates": [[[-120.39902362301673, 34.552945234998205], [-120.39902362301673, 34.597860793747756], [-120.34449854762006, 34.597860793747756], [-120.34449854762006, 34.552945234998205], [-120.39902362301673, 34.552945234998205]]]}}, {"type": "Feature", "properties": {"grid_id": "06083_5km_0075", "county": "Santa Barbara County", "county_short": "Santa Barbara", "geoid": "06083", "grid_km": 5.0, "center_lat": 34.575403, "center_lon": -120.317236, "row_index": 4, "col_index": 6, "is_mock": 1, "shape_model": "county_boundary_clipped_grid", "month": "2020-08", "monthly_fire_probability_pct": 41.33, "risk_score": 0.6132, "risk_level": "medium", "mock_ndvi": 0.6372, "mock_avgtempF": 83.49, "mock_humid": 39.24, "mock_wind": 6.0, "county_avgtempF": 82.39, "county_humid": 43.77, "county_wind": 4.71, "county_precip": 0.0032, "county_sunHour": 11.28}, "geometry": {"type": "Polygon", "coordinates": [[[-120.34449854762008, 34.552945234998205], [-120.34449854762008, 34.597860793747756], [-120.28997347222341, 34.597860793747756], [-120.28997347222341, 34.552945234998205], [-120.34449854762008, 34.552945234998205]]]}}, {"type": "Feature", "properties": {"grid_id": "06083_5km_0076", "county": "Santa Barbara County", "county_short": "Santa Barbara", "geoid": "06083", "grid_km": 5.0, "center_lat": 34.575403, "center_lon": -120.262711, "row_index": 4, "col_index": 7, "is_mock": 1, "shape_model": "county_boundary_clipped_grid", "month": "2020-08", "monthly_fire_probability_pct": 41.33, "risk_score": 0.6141, "risk_level": "medium", "mock_ndvi": 0.633, "mock_avgtempF": 83.46, "mock_humid": 39.18, "mock_wind": 6.14, "county_avgtempF": 82.39, "county_humid": 43.77, "county_wind": 4.71, "county_precip": 0.0032, "county_sunHour": 11.28}, "geometry": {"type": "Polygon", "coordinates": [[[-120.28997347222342, 34.552945234998205], [-120.28997347222342, 34.597860793747756], [-120.23544839682675, 34.597860793747756], [-120.23544839682675, 34.552945234998205], [-120.28997347222342, 34.552945234998205]]]}}, {"type": "Feature", "properties": {"grid_id": "06083_5km_0077", "county": "Santa Barbara County", "county_short": "Santa Barbara", "geoid": "06083", "grid_km": 5.0, "center_lat": 34.575403, "center_lon": -120.208186, "row_index": 4, "col_index": 8, "is_mock": 1, "shape_model": "county_boundary_clipped_grid", "month": "2020-08", "monthly_fire_probability_pct": 41.33, "risk_score": 0.6147, "risk_level": "medium", "mock_ndvi": 0.6292, "mock_avgtempF": 83.42, "mock_humid": 39.14, "mock_wind": 6.26, "county_avgtempF": 82.39, "county_humid": 43.77, "county_wind": 4.71, "county_precip": 0.0032, "county_sunHour": 11.28}, "geometry": {"type": "Polygon", "coordinates": [[[-120.23544839682677, 34.552945234998205], [-120.23544839682677, 34.597860793747756], [-120.1809233214301, 34.597860793747756], [-120.1809233214301, 34.552945234998205], [-120.23544839682677, 34.552945234998205]]]}}, {"type": "Feature", "properties": {"grid_id": "06083_5km_0078", "county": "Santa Barbara County", "county_short": "Santa Barbara", "geoid": "06083", "grid_km": 5.0, "center_lat": 34.575403, "center_lon": -120.153661, "row_index": 4, "col_index": 9, "is_mock": 1, "shape_model": "county_boundary_clipped_grid", "month": "2020-08", "monthly_fire_probability_pct": 41.33, "risk_score": 0.6152, "risk_level": "medium", "mock_ndvi": 0.6261, "mock_avgtempF": 83.39, "mock_humid": 39.12, "mock_wind": 6.37, "county_avgtempF": 82.39, "county_humid": 43.77, "county_wind": 4.71, "county_precip": 0.0032, "county_sunHour": 11.28}, "geometry": {"type": "Polygon", "coordinates": [[[-120.18092332143011, 34.552945234998205], [-120.18092332143011, 34.597860793747756], [-120.12639824603345, 34.597860793747756], [-120.12639824603345, 34.552945234998205], [-120.18092332143011, 34.552945234998205]]]}}, {"type": "Feature", "properties": {"grid_id": "06083_5km_0079", "county": "Santa Barbara County", "county_short": "Santa Barbara", "geoid": "06083", "grid_km": 5.0, "center_lat": 34.575403, "center_lon": -120.099136, "row_index": 4, "col_index": 10, "is_mock": 1, "shape_model": "county_boundary_clipped_grid", "month": "2020-08", "monthly_fire_probability_pct": 41.33, "risk_score": 0.6154, "risk_level": "medium", "mock_ndvi": 0.6238, "mock_avgtempF": 83.37, "mock_humid": 39.11, "mock_wind": 6.44, "county_avgtempF": 82.39, "county_humid": 43.77, "county_wind": 4.71, "county_precip": 0.0032, "county_sunHour": 11.28}, "geometry": {"type": "Polygon", "coordinates": [[[-120.12639824603346, 34.552945234998205], [-120.12639824603346, 34.597860793747756], [-120.07187317063679, 34.597860793747756], [-120.07187317063679, 34.552945234998205], [-120.12639824603346, 34.552945234998205]]]}}, {"type": "Feature", "properties": {"grid_id": "06083_5km_0080", "county": "Santa Barbara County", "county_short": "Santa Barbara", "geoid": "06083", "grid_km": 5.0, "center_lat": 34.575403, "center_lon": -120.044611, "row_index": 4, "col_index": 11, "is_mock": 1, "shape_model": "county_boundary_clipped_grid", "month": "2020-08", "monthly_fire_probability_pct": 41.33, "risk_score": 0.6153, "risk_level": "medium", "mock_ndvi": 0.6227, "mock_avgtempF": 83.35, "mock_humid": 39.13, "mock_wind": 6.47, "county_avgtempF": 82.39, "county_humid": 43.77, "county_wind": 4.71, "county_precip": 0.0032, "county_sunHour": 11.28}, "geometry": {"type": "Polygon", "coordinates": [[[-120.0718731706368, 34.552945234998205], [-120.0718731706368, 34.597860793747756], [-120.01734809524014, 34.597860793747756], [-120.01734809524014, 34.552945234998205], [-120.0718731706368, 34.552945234998205]]]}}, {"type": "Feature", "properties": {"grid_id": "06083_5km_0081", "county": "Santa Barbara County", "county_short": "Santa Barbara", "geoid": "06083", "grid_km": 5.0, "center_lat": 34.575403, "center_lon": -119.990086, "row_index": 4, "col_index": 12, "is_mock": 1, "shape_model": "county_boundary_clipped_grid", "month": "2020-08", "monthly_fire_probability_pct": 41.33, "risk_score": 0.6148, "risk_level": "medium", "mock_ndvi": 0.6228, "mock_avgtempF": 83.34, "mock_humid": 39.18, "mock_wind": 6.46, "county_avgtempF": 82.39, "county_humid": 43.77, "county_wind": 4.71, "county_precip": 0.0032, "county_sunHour": 11.28}, "geometry": {"type": "Polygon", "coordinates": [[[-120.01734809524015, 34.552945234998205], [-120.01734809524015, 34.597860793747756], [-119.96282301984348, 34.597860793747756], [-119.96282301984348, 34.552945234998205], [-120.01734809524015, 34.552945234998205]]]}}, {"type": "Feature", "properties": {"grid_id": "06083_5km_0082", "county": "Santa Barbara County", "county_short": "Santa Barbara", "geoid": "06083", "grid_km": 5.0, "center_lat": 34.575403, "center_lon": -119.93556, "row_index": 4, "col_index": 13, "is_mock": 1, "shape_model": "county_boundary_clipped_grid", "month": "2020-08", "monthly_fire_probability_pct": 41.33, "risk_score": 0.614, "risk_level": "medium", "mock_ndvi": 0.6241, "mock_avgtempF": 83.33, "mock_humid": 39.25, "mock_wind": 6.41, "county_avgtempF": 82.39, "county_humid": 43.77, "county_wind": 4.71, "county_precip": 0.0032, "county_sunHour": 11.28}, "geometry": {"type": "Polygon", "coordinates": [[[-119.9628230198435, 34.552945234998205], [-119.9628230198435, 34.597860793747756], [-119.90829794444683, 34.597860793747756], [-119.90829794444683, 34.552945234998205], [-119.9628230198435, 34.552945234998205]]]}}, {"type": "Feature", "properties": {"grid_id": "06083_5km_0083", "county": "Santa Barbara County", "county_short": "Santa Barbara", "geoid": "06083", "grid_km": 5.0, "center_lat": 34.575403, "center_lon": -119.881035, "row_index": 4, "col_index": 14, "is_mock": 1, "shape_model": "county_boundary_clipped_grid", "month": "2020-08", "monthly_fire_probability_pct": 41.33, "risk_score": 0.6131, "risk_level": "medium", "mock_ndvi": 0.6264, "mock_avgtempF": 83.33, "mock_humid": 39.33, "mock_wind": 6.33, "county_avgtempF": 82.39, "county_humid": 43.77, "county_wind": 4.71, "county_precip": 0.0032, "county_sunHour": 11.28}, "geometry": {"type": "Polygon", "coordinates": [[[-119.90829794444684, 34.552945234998205], [-119.90829794444684, 34.597860793747756], [-119.85377286905018, 34.597860793747756], [-119.85377286905018, 34.552945234998205], [-119.90829794444684, 34.552945234998205]]]}}, {"type": "Feature", "properties": {"grid_id": "06083_5km_0084", "county": "Santa Barbara County", "county_short": "Santa Barbara", "geoid": "06083", "grid_km": 5.0, "center_lat": 34.575403, "center_lon": -119.82651, "row_index": 4, "col_index": 15, "is_mock": 1, "shape_model": "county_boundary_clipped_grid", "month": "2020-08", "monthly_fire_probability_pct": 41.33, "risk_score": 0.612, "risk_level": "medium", "mock_ndvi": 0.6296, "mock_avgtempF": 83.34, "mock_humid": 39.42, "mock_wind": 6.22, "county_avgtempF": 82.39, "county_humid": 43.77, "county_wind": 4.71, "county_precip": 0.0032, "county_sunHour": 11.28}, "geometry": {"type": "Polygon", "coordinates": [[[-119.85377286905019, 34.552945234998205], [-119.85377286905019, 34.597860793747756], [-119.79924779365352, 34.597860793747756], [-119.79924779365352, 34.552945234998205], [-119.85377286905019, 34.552945234998205]]]}}, {"type": "Feature", "properties": {"grid_id": "06083_5km_0085", "county": "Santa Barbara County", "county_short": "Santa Barbara", "geoid": "06083", "grid_km": 5.0, "center_lat": 34.575403, "center_lon": -119.771985, "row_index": 4, "col_index": 16, "is_mock": 1, "shape_model": "county_boundary_clipped_grid", "month": "2020-08", "monthly_fire_probability_pct": 41.33, "risk_score": 0.6109, "risk_level": "medium", "mock_ndvi": 0.6334, "mock_avgtempF": 83.36, "mock_humid": 39.5, "mock_wind": 6.09, "county_avgtempF": 82.39, "county_humid": 43.77, "county_wind": 4.71, "county_precip": 0.0032, "county_sunHour": 11.28}, "geometry": {"type": "Polygon", "coordinates": [[[-119.79924779365354, 34.552945234998205], [-119.79924779365354, 34.597860793747756], [-119.74472271825687, 34.597860793747756], [-119.74472271825687, 34.552945234998205], [-119.79924779365354, 34.552945234998205]]]}}, {"type": "Feature", "properties": {"grid_id": "06083_5km_0086", "county": "Santa Barbara County", "county_short": "Santa Barbara", "geoid": "06083", "grid_km": 5.0, "center_lat": 34.575403, "center_lon": -119.71746, "row_index": 4, "col_index": 17, "is_mock": 1, "shape_model": "county_boundary_clipped_grid", "month": "2020-08", "monthly_fire_probability_pct": 41.33, "risk_score": 0.6097, "risk_level": "medium", "mock_ndvi": 0.6377, "mock_avgtempF": 83.38, "mock_humid": 39.6, "mock_wind": 5.94, "county_avgtempF": 82.39, "county_humid": 43.77, "county_wind": 4.71, "county_precip": 0.0032, "county_sunHour": 11.28}, "geometry": {"type": "Polygon", "coordinates": [[[-119.74472271825688, 34.552945234998205], [-119.74472271825688, 34.597860793747756], [-119.69019764286021, 34.597860793747756], [-119.69019764286021, 34.552945234998205], [-119.74472271825688, 34.552945234998205]]]}}, {"type": "Feature", "properties": {"grid_id": "06083_5km_0087", "county": "Santa Barbara County", "county_short": "Santa Barbara", "geoid": "06083", "grid_km": 5.0, "center_lat": 34.575403, "center_lon": -119.662935, "row_index": 4, "col_index": 18, "is_mock": 1, "shape_model": "county_boundary_clipped_grid", "month": "2020-08", "monthly_fire_probability_pct": 41.33, "risk_score": 0.6082, "risk_level": "medium", "mock_ndvi": 0.6423, "mock_avgtempF": 83.4, "mock_humid": 39.73, "mock_wind": 5.79, "county_avgtempF": 82.39, "county_humid": 43.77, "county_wind": 4.71, "county_precip": 0.0032, "county_sunHour": 11.28}, "geometry": {"type": "Polygon", "coordinates": [[[-119.69019764286023, 34.552945234998205], [-119.69019764286023, 34.597860793747756], [-119.63567256746356, 34.597860793747756], [-119.63567256746356, 34.552945234998205], [-119.69019764286023, 34.552945234998205]]]}}, {"type": "Feature", "properties": {"grid_id": "06083_5km_0088", "county": "Santa Barbara County", "county_short": "Santa Barbara", "geoid": "06083", "grid_km": 5.0, "center_lat": 34.575403, "center_lon": -119.60841, "row_index": 4, "col_index": 19, "is_mock": 1, "shape_model": "county_boundary_clipped_grid", "month": "2020-08", "monthly_fire_probability_pct": 41.33, "risk_score": 0.6062, "risk_level": "medium", "mock_ndvi": 0.6469, "mock_avgtempF": 83.4, "mock_humid": 39.89, "mock_wind": 5.74, "county_avgtempF": 82.39, "county_humid": 43.77, "county_wind": 4.71, "county_precip": 0.0032, "county_sunHour": 11.28}, "geometry": {"type": "Polygon", "coordinates": [[[-119.63567256746357, 34.552945234998205], [-119.63567256746357, 34.597860793747756], [-119.5811474920669, 34.597860793747756], [-119.5811474920669, 34.552945234998205], [-119.63567256746357, 34.552945234998205]]]}}, {"type": "Feature", "properties": {"grid_id": "06083_5km_0089", "county": "Santa Barbara County", "county_short": "Santa Barbara", "geoid": "06083", "grid_km": 5.0, "center_lat": 34.575403, "center_lon": -119.553885, "row_index": 4, "col_index": 20, "is_mock": 1, "shape_model": "county_boundary_clipped_grid", "month": "2020-08", "monthly_fire_probability_pct": 41.33, "risk_score": 0.6038, "risk_level": "medium", "mock_ndvi": 0.6513, "mock_avgtempF": 83.39, "mock_humid": 40.11, "mock_wind": 5.68, "county_avgtempF": 82.39, "county_humid": 43.77, "county_wind": 4.71, "county_precip": 0.0032, "county_sunHour": 11.28}, "geometry": {"type": "Polygon", "coordinates": [[[-119.58114749206692, 34.552945234998205], [-119.58114749206692, 34.597860793747756], [-119.52662241667025, 34.597860793747756], [-119.52662241667025, 34.552945234998205], [-119.58114749206692, 34.552945234998205]]]}}, {"type": "Feature", "properties": {"grid_id": "06083_5km_0090", "county": "Santa Barbara County", "county_short": "Santa Barbara", "geoid": "06083", "grid_km": 5.0, "center_lat": 34.575403, "center_lon": -119.49936, "row_index": 4, "col_index": 21, "is_mock": 1, "shape_model": "county_boundary_clipped_grid", "month": "2020-08", "monthly_fire_probability_pct": 41.33, "risk_score": 0.6007, "risk_level": "medium", "mock_ndvi": 0.6554, "mock_avgtempF": 83.35, "mock_humid": 40.41, "mock_wind": 5.59, "county_avgtempF": 82.39, "county_humid": 43.77, "county_wind": 4.71, "county_precip": 0.0032, "county_sunHour": 11.28}, "geometry": {"type": "Polygon", "coordinates": [[[-119.52662241667026, 34.552945234998205], [-119.52662241667026, 34.597860793747756], [-119.4720973412736, 34.597860793747756], [-119.4720973412736, 34.552945234998205], [-119.52662241667026, 34.552945234998205]]]}}, {"type": "Feature", "properties": {"grid_id": "06083_5km_0091", "county": "Santa Barbara County", "county_short": "Santa Barbara", "geoid": "06083", "grid_km": 5.0, "center_lat": 34.575403, "center_lon": -119.457226, "row_index": 4, "col_index": 22, "is_mock": 1, "shape_model": "county_boundary_clipped_grid", "month": "2020-08", "monthly_fire_probability_pct": 41.33, "risk_score": 0.5978, "risk_level": "medium", "mock_ndvi": 0.6582, "mock_avgtempF": 83.3, "mock_humid": 40.69, "mock_wind": 5.52, "county_avgtempF": 82.39, "county_humid": 43.77, "county_wind": 4.71, "county_precip": 0.0032, "county_sunHour": 11.28}, "geometry": {"type": "Polygon", "coordinates": [[[-119.44233885269512, 34.552945234998205], [-119.47209734127361, 34.552945234998205], [-119.47209734127361, 34.597860793747756], [-119.44237142101427, 34.597860793747756], [-119.44233885269512, 34.552945234998205]]]}}, {"type": "Feature", "properties": {"grid_id": "06083_5km_0092", "county": "Santa Barbara County", "county_short": "Santa Barbara", "geoid": "06083", "grid_km": 5.0, "center_lat": 34.625404, "center_lon": -120.623538, "row_index": 5, "col_index": 0, "is_mock": 1, "shape_model": "county_boundary_clipped_grid", "month": "2020-08", "monthly_fire_probability_pct": 41.33, "risk_score": 0.5904, "risk_level": "medium", "mock_ndvi": 0.6573, "mock_avgtempF": 83.04, "mock_humid": 41.46, "mock_wind": 5.32, "county_avgtempF": 82.39, "county_humid": 43.77, "county_wind": 4.71, "county_precip": 0.0032, "county_sunHour": 11.28}, "geometry": {"type": "Polygon", "coordinates": [[[-120.637757, 34.608032], [-120.62214641173458, 34.64277635249731], [-120.61712392460333, 34.64277635249731], [-120.61712392460333, 34.597860793747756], [-120.64055602862786, 34.597860793747756], [-120.637757, 34.608032]]]}}, {"type": "Feature", "properties": {"grid_id": "06083_5km_0093", "county": "Santa Barbara County", "county_short": "Santa Barbara", "geoid": "06083", "grid_km": 5.0, "center_lat": 34.620319, "center_lon": -120.589861, "row_index": 5, "col_index": 1, "is_mock": 1, "shape_model": "county_boundary_clipped_grid", "month": "2020-08", "monthly_fire_probability_pct": 41.33, "risk_score": 0.594, "risk_level": "medium", "mock_ndvi": 0.6557, "mock_avgtempF": 83.14, "mock_humid": 41.1, "mock_wind": 5.41, "county_avgtempF": 82.39, "county_humid": 43.77, "county_wind": 4.71, "county_precip": 0.0032, "county_sunHour": 11.28}, "geometry": {"type": "Polygon", "coordinates": [[[-120.61712392460335, 34.597860793747756], [-120.61712392460335, 34.64277635249731], [-120.56259884920668, 34.64277635249731], [-120.56259884920668, 34.597860793747756], [-120.61712392460335, 34.597860793747756]]]}}, {"type": "Feature", "properties": {"grid_id": "06083_5km_0094", "county": "Santa Barbara County", "county_short": "Santa Barbara", "geoid": "06083", "grid_km": 5.0, "center_lat": 34.620319, "center_lon": -120.535336, "row_index": 5, "col_index": 2, "is_mock": 1, "shape_model": "county_boundary_clipped_grid", "month": "2020-08", "monthly_fire_probability_pct": 41.33, "risk_score": 0.5976, "risk_level": "medium", "mock_ndvi": 0.6525, "mock_avgtempF": 83.21, "mock_humid": 40.75, "mock_wind": 5.51, "county_avgtempF": 82.39, "county_humid": 43.77, "county_wind": 4.71, "county_precip": 0.0032, "county_sunHour": 11.28}, "geometry": {"type": "Polygon", "coordinates": [[[-120.5625988492067, 34.597860793747756], [-120.5625988492067, 34.64277635249731], [-120.50807377381003, 34.64277635249731], [-120.50807377381003, 34.597860793747756], [-120.5625988492067, 34.597860793747756]]]}}, {"type": "Feature", "properties": {"grid_id": "06083_5km_0095", "county": "Santa Barbara County", "county_short": "Santa Barbara", "geoid": "06083", "grid_km": 5.0, "center_lat": 34.620319, "center_lon": -120.480811, "row_index": 5, "col_index": 3, "is_mock": 1, "shape_model": "county_boundary_clipped_grid", "month": "2020-08", "monthly_fire_probability_pct": 41.33, "risk_score": 0.6004, "risk_level": "medium", "mock_ndvi": 0.6488, "mock_avgtempF": 83.24, "mock_humid": 40.49, "mock_wind": 5.58, "county_avgtempF": 82.39, "county_humid": 43.77, "county_wind": 4.71, "county_precip": 0.0032, "county_sunHour": 11.28}, "geometry": {"type": "Polygon", "coordinates": [[[-120.50807377381004, 34.597860793747756], [-120.50807377381004, 34.64277635249731], [-120.45354869841337, 34.64277635249731], [-120.45354869841337, 34.597860793747756], [-120.50807377381004, 34.597860793747756]]]}}, {"type": "Feature", "properties": {"grid_id": "06083_5km_0096", "county": "Santa Barbara County", "county_short": "Santa Barbara", "geoid": "06083", "grid_km": 5.0, "center_lat": 34.620319, "center_lon": -120.426286, "row_index": 5, "col_index": 4, "is_mock": 1, "shape_model": "county_boundary_clipped_grid", "month": "2020-08", "monthly_fire_probability_pct": 41.33, "risk_score": 0.6024, "risk_level": "medium", "mock_ndvi": 0.6448, "mock_avgtempF": 83.25, "mock_humid": 40.3, "mock_wind": 5.64, "county_avgtempF": 82.39, "county_humid": 43.77, "county_wind": 4.71, "county_precip": 0.0032, "county_sunHour": 11.28}, "geometry": {"type": "Polygon", "coordinates": [[[-120.45354869841339, 34.597860793747756], [-120.45354869841339, 34.64277635249731], [-120.39902362301672, 34.64277635249731], [-120.39902362301672, 34.597860793747756], [-120.45354869841339, 34.597860793747756]]]}}, {"type": "Feature", "properties": {"grid_id": "06083_5km_0097", "county": "Santa Barbara County", "county_short": "Santa Barbara", "geoid": "06083", "grid_km": 5.0, "center_lat": 34.620319, "center_lon": -120.371761, "row_index": 5, "col_index": 5, "is_mock": 1, "shape_model": "county_boundary_clipped_grid", "month": "2020-08", "monthly_fire_probability_pct": 41.33, "risk_score": 0.6039, "risk_level": "medium", "mock_ndvi": 0.6405, "mock_avgtempF": 83.24, "mock_humid": 40.18, "mock_wind": 5.79, "county_avgtempF": 82.39, "county_humid": 43.77, "county_wind": 4.71, "county_precip": 0.0032, "county_sunHour": 11.28}, "geometry": {"type": "Polygon", "coordinates": [[[-120.39902362301673, 34.597860793747756], [-120.39902362301673, 34.64277635249731], [-120.34449854762006, 34.64277635249731], [-120.34449854762006, 34.597860793747756], [-120.39902362301673, 34.597860793747756]]]}}, {"type": "Feature", "properties": {"grid_id": "06083_5km_0098", "county": "Santa Barbara County", "county_short": "Santa Barbara", "geoid": "06083", "grid_km": 5.0, "center_lat": 34.620319, "center_lon": -120.317236, "row_index": 5, "col_index": 6, "is_mock": 1, "shape_model": "county_boundary_clipped_grid", "month": "2020-08", "monthly_fire_probability_pct": 41.33, "risk_score": 0.6048, "risk_level": "medium", "mock_ndvi": 0.6363, "mock_avgtempF": 83.21, "mock_humid": 40.12, "mock_wind": 5.93, "county_avgtempF": 82.39, "county_humid": 43.77, "county_wind": 4.71, "county_precip": 0.0032, "county_sunHour": 11.28}, "geometry": {"type": "Polygon", "coordinates": [[[-120.34449854762008, 34.597860793747756], [-120.34449854762008, 34.64277635249731], [-120.28997347222341, 34.64277635249731], [-120.28997347222341, 34.597860793747756], [-120.34449854762008, 34.597860793747756]]]}}, {"type": "Feature", "properties": {"grid_id": "06083_5km_0099", "county": "Santa Barbara County", "county_short": "Santa Barbara", "geoid": "06083", "grid_km": 5.0, "center_lat": 34.620319, "center_lon": -120.262711, "row_index": 5, "col_index": 7, "is_mock": 1, "shape_model": "county_boundary_clipped_grid", "month": "2020-08", "monthly_fire_probability_pct": 41.33, "risk_score": 0.6053, "risk_level": "medium", "mock_ndvi": 0.6323, "mock_avgtempF": 83.17, "mock_humid": 40.09, "mock_wind": 6.06, "county_avgtempF": 82.39, "county_humid": 43.77, "county_wind": 4.71, "county_precip": 0.0032, "county_sunHour": 11.28}, "geometry": {"type": "Polygon", "coordinates": [[[-120.28997347222342, 34.597860793747756], [-120.28997347222342, 34.64277635249731], [-120.23544839682675, 34.64277635249731], [-120.23544839682675, 34.597860793747756], [-120.28997347222342, 34.597860793747756]]]}}, {"type": "Feature", "properties": {"grid_id": "06083_5km_0100", "county": "Santa Barbara County", "county_short": "Santa Barbara", "geoid": "06083", "grid_km": 5.0, "center_lat": 34.620319, "center_lon": -120.208186, "row_index": 5, "col_index": 8, "is_mock": 1, "shape_model": "county_boundary_clipped_grid", "month": "2020-08", "monthly_fire_probability_pct": 41.33, "risk_score": 0.6056, "risk_level": "medium", "mock_ndvi": 0.6287, "mock_avgtempF": 83.12, "mock_humid": 40.09, "mock_wind": 6.18, "county_avgtempF": 82.39, "county_humid": 43.77, "county_wind": 4.71, "county_precip": 0.0032, "county_sunHour": 11.28}, "geometry": {"type": "Polygon", "coordinates": [[[-120.23544839682677, 34.597860793747756], [-120.23544839682677, 34.64277635249731], [-120.1809233214301, 34.64277635249731], [-120.1809233214301, 34.597860793747756], [-120.23544839682677, 34.597860793747756]]]}}, {"type": "Feature", "properties": {"grid_id": "06083_5km_0101", "county": "Santa Barbara County", "county_short": "Santa Barbara", "geoid": "06083", "grid_km": 5.0, "center_lat": 34.620319, "center_lon": -120.153661, "row_index": 5, "col_index": 9, "is_mock": 1, "shape_model": "county_boundary_clipped_grid", "month": "2020-08", "monthly_fire_probability_pct": 41.33, "risk_score": 0.6056, "risk_level": "medium", "mock_ndvi": 0.6258, "mock_avgtempF": 83.08, "mock_humid": 40.11, "mock_wind": 6.27, "county_avgtempF": 82.39, "county_humid": 43.77, "county_wind": 4.71, "county_precip": 0.0032, "county_sunHour": 11.28}, "geometry": {"type": "Polygon", "coordinates": [[[-120.18092332143011, 34.597860793747756], [-120.18092332143011, 34.64277635249731], [-120.12639824603345, 34.64277635249731], [-120.12639824603345, 34.597860793747756], [-120.18092332143011, 34.597860793747756]]]}}, {"type": "Feature", "properties": {"grid_id": "06083_5km_0102", "county": "Santa Barbara County", "county_short": "Santa Barbara", "geoid": "06083", "grid_km": 5.0, "center_lat": 34.620319, "center_lon": -120.099136, "row_index": 5, "col_index": 10, "is_mock": 1, "shape_model": "county_boundary_clipped_grid", "month": "2020-08", "monthly_fire_probability_pct": 41.33, "risk_score": 0.6054, "risk_level": "medium", "mock_ndvi": 0.6238, "mock_avgtempF": 83.05, "mock_humid": 40.14, "mock_wind": 6.33, "county_avgtempF": 82.39, "county_humid": 43.77, "county_wind": 4.71, "county_precip": 0.0032, "county_sunHour": 11.28}, "geometry": {"type": "Polygon", "coordinates": [[[-120.12639824603346, 34.597860793747756], [-120.12639824603346, 34.64277635249731], [-120.07187317063679, 34.64277635249731], [-120.07187317063679, 34.597860793747756], [-120.12639824603346, 34.597860793747756]]]}}, {"type": "Feature", "properties": {"grid_id": "06083_5km_0103", "county": "Santa Barbara County", "county_short": "Santa Barbara", "geoid": "06083", "grid_km": 5.0, "center_lat": 34.620319, "center_lon": -120.044611, "row_index": 5, "col_index": 11, "is_mock": 1, "shape_model": "county_boundary_clipped_grid", "month": "2020-08", "monthly_fire_probability_pct": 41.33, "risk_score": 0.6051, "risk_level": "medium", "mock_ndvi": 0.6228, "mock_avgtempF": 83.02, "mock_humid": 40.18, "mock_wind": 6.36, "county_avgtempF": 82.39, "county_humid": 43.77, "county_wind": 4.71, "county_precip": 0.0032, "county_sunHour": 11.28}, "geometry": {"type": "Polygon", "coordinates": [[[-120.0718731706368, 34.597860793747756], [-120.0718731706368, 34.64277635249731], [-120.01734809524014, 34.64277635249731], [-120.01734809524014, 34.597860793747756], [-120.0718731706368, 34.597860793747756]]]}}, {"type": "Feature", "properties": {"grid_id": "06083_5km_0104", "county": "Santa Barbara County", "county_short": "Santa Barbara", "geoid": "06083", "grid_km": 5.0, "center_lat": 34.620319, "center_lon": -119.990086, "row_index": 5, "col_index": 12, "is_mock": 1, "shape_model": "county_boundary_clipped_grid", "month": "2020-08", "monthly_fire_probability_pct": 41.33, "risk_score": 0.6048, "risk_level": "medium", "mock_ndvi": 0.6228, "mock_avgtempF": 83.01, "mock_humid": 40.22, "mock_wind": 6.35, "county_avgtempF": 82.39, "county_humid": 43.77, "county_wind": 4.71, "county_precip": 0.0032, "county_sunHour": 11.28}, "geometry": {"type": "Polygon", "coordinates": [[[-120.01734809524015, 34.597860793747756], [-120.01734809524015, 34.64277635249731], [-119.96282301984348, 34.64277635249731], [-119.96282301984348, 34.597860793747756], [-120.01734809524015, 34.597860793747756]]]}}, {"type": "Feature", "properties": {"grid_id": "06083_5km_0105", "county": "Santa Barbara County", "county_short": "Santa Barbara", "geoid": "06083", "grid_km": 5.0, "center_lat": 34.620319, "center_lon": -119.93556, "row_index": 5, "col_index": 13, "is_mock": 1, "shape_model": "county_boundary_clipped_grid", "month": "2020-08", "monthly_fire_probability_pct": 41.33, "risk_score": 0.6043, "risk_level": "medium", "mock_ndvi": 0.6239, "mock_avgtempF": 83.01, "mock_humid": 40.26, "mock_wind": 6.31, "county_avgtempF": 82.39, "county_humid": 43.77, "county_wind": 4.71, "county_precip": 0.0032, "county_sunHour": 11.28}, "geometry": {"type": "Polygon", "coordinates": [[[-119.9628230198435, 34.597860793747756], [-119.9628230198435, 34.64277635249731], [-119.90829794444683, 34.64277635249731], [-119.90829794444683, 34.597860793747756], [-119.9628230198435, 34.597860793747756]]]}}, {"type": "Feature", "properties": {"grid_id": "06083_5km_0106", "county": "Santa Barbara County", "county_short": "Santa Barbara", "geoid": "06083", "grid_km": 5.0, "center_lat": 34.620319, "center_lon": -119.881035, "row_index": 5, "col_index": 14, "is_mock": 1, "shape_model": "county_boundary_clipped_grid", "month": "2020-08", "monthly_fire_probability_pct": 41.33, "risk_score": 0.6038, "risk_level": "medium", "mock_ndvi": 0.626, "mock_avgtempF": 83.03, "mock_humid": 40.29, "mock_wind": 6.24, "county_avgtempF": 82.39, "county_humid": 43.77, "county_wind": 4.71, "county_precip": 0.0032, "county_sunHour": 11.28}, "geometry": {"type": "Polygon", "coordinates": [[[-119.90829794444684, 34.597860793747756], [-119.90829794444684, 34.64277635249731], [-119.85377286905018, 34.64277635249731], [-119.85377286905018, 34.597860793747756], [-119.90829794444684, 34.597860793747756]]]}}, {"type": "Feature", "properties": {"grid_id": "06083_5km_0107", "county": "Santa Barbara County", "county_short": "Santa Barbara", "geoid": "06083", "grid_km": 5.0, "center_lat": 34.620319, "center_lon": -119.82651, "row_index": 5, "col_index": 15, "is_mock": 1, "shape_model": "county_boundary_clipped_grid", "month": "2020-08", "monthly_fire_probability_pct": 41.33, "risk_score": 0.6032, "risk_level": "medium", "mock_ndvi": 0.6289, "mock_avgtempF": 83.05, "mock_humid": 40.33, "mock_wind": 6.14, "county_avgtempF": 82.39, "county_humid": 43.77, "county_wind": 4.71, "county_precip": 0.0032, "county_sunHour": 11.28}, "geometry": {"type": "Polygon", "coordinates": [[[-119.85377286905019, 34.597860793747756], [-119.85377286905019, 34.64277635249731], [-119.79924779365352, 34.64277635249731], [-119.79924779365352, 34.597860793747756], [-119.85377286905019, 34.597860793747756]]]}}, {"type": "Feature", "properties": {"grid_id": "06083_5km_0108", "county": "Santa Barbara County", "county_short": "Santa Barbara", "geoid": "06083", "grid_km": 5.0, "center_lat": 34.620319, "center_lon": -119.771985, "row_index": 5, "col_index": 16, "is_mock": 1, "shape_model": "county_boundary_clipped_grid", "month": "2020-08", "monthly_fire_probability_pct": 41.33, "risk_score": 0.6025, "risk_level": "medium", "mock_ndvi": 0.6326, "mock_avgtempF": 83.08, "mock_humid": 40.38, "mock_wind": 6.02, "county_avgtempF": 82.39, "county_humid": 43.77, "county_wind": 4.71, "county_precip": 0.0032, "county_sunHour": 11.28}, "geometry": {"type": "Polygon", "coordinates": [[[-119.79924779365354, 34.597860793747756], [-119.79924779365354, 34.64277635249731], [-119.74472271825687, 34.64277635249731], [-119.74472271825687, 34.597860793747756], [-119.79924779365354, 34.597860793747756]]]}}, {"type": "Feature", "properties": {"grid_id": "06083_5km_0109", "county": "Santa Barbara County", "county_short": "Santa Barbara", "geoid": "06083", "grid_km": 5.0, "center_lat": 34.620319, "center_lon": -119.71746, "row_index": 5, "col_index": 17, "is_mock": 1, "shape_model": "county_boundary_clipped_grid", "month": "2020-08", "monthly_fire_probability_pct": 41.33, "risk_score": 0.6016, "risk_level": "medium", "mock_ndvi": 0.6367, "mock_avgtempF": 83.11, "mock_humid": 40.45, "mock_wind": 5.88, "county_avgtempF": 82.39, "county_humid": 43.77, "county_wind": 4.71, "county_precip": 0.0032, "county_sunHour": 11.28}, "geometry": {"type": "Polygon", "coordinates": [[[-119.74472271825688, 34.597860793747756], [-119.74472271825688, 34.64277635249731], [-119.69019764286021, 34.64277635249731], [-119.69019764286021, 34.597860793747756], [-119.74472271825688, 34.597860793747756]]]}}, {"type": "Feature", "properties": {"grid_id": "06083_5km_0110", "county": "Santa Barbara County", "county_short": "Santa Barbara", "geoid": "06083", "grid_km": 5.0, "center_lat": 34.620319, "center_lon": -119.662935, "row_index": 5, "col_index": 18, "is_mock": 1, "shape_model": "county_boundary_clipped_grid", "month": "2020-08", "monthly_fire_probability_pct": 41.33, "risk_score": 0.6004, "risk_level": "medium", "mock_ndvi": 0.6411, "mock_avgtempF": 83.13, "mock_humid": 40.54, "mock_wind": 5.73, "county_avgtempF": 82.39, "county_humid": 43.77, "county_wind": 4.71, "county_precip": 0.0032, "county_sunHour": 11.28}, "geometry": {"type": "Polygon", "coordinates": [[[-119.69019764286023, 34.597860793747756], [-119.69019764286023, 34.64277635249731], [-119.63567256746356, 34.64277635249731], [-119.63567256746356, 34.597860793747756], [-119.69019764286023, 34.597860793747756]]]}}, {"type": "Feature", "properties": {"grid_id": "06083_5km_0111", "county": "Santa Barbara County", "county_short": "Santa Barbara", "geoid": "06083", "grid_km": 5.0, "center_lat": 34.620319, "center_lon": -119.60841, "row_index": 5, "col_index": 19, "is_mock": 1, "shape_model": "county_boundary_clipped_grid", "month": "2020-08", "monthly_fire_probability_pct": 41.33, "risk_score": 0.5987, "risk_level": "medium", "mock_ndvi": 0.6456, "mock_avgtempF": 83.14, "mock_humid": 40.68, "mock_wind": 5.58, "county_avgtempF": 82.39, "county_humid": 43.77, "county_wind": 4.71, "county_precip": 0.0032, "county_sunHour": 11.28}, "geometry": {"type": "Polygon", "coordinates": [[[-119.63567256746357, 34.597860793747756], [-119.63567256746357, 34.64277635249731], [-119.5811474920669, 34.64277635249731], [-119.5811474920669, 34.597860793747756], [-119.63567256746357, 34.597860793747756]]]}}, {"type": "Feature", "properties": {"grid_id": "06083_5km_0112", "county": "Santa Barbara County", "county_short": "Santa Barbara", "geoid": "06083", "grid_km": 5.0, "center_lat": 34.620319, "center_lon": -119.553885, "row_index": 5, "col_index": 20, "is_mock": 1, "shape_model": "county_boundary_clipped_grid", "month": "2020-08", "monthly_fire_probability_pct": 41.33, "risk_score": 0.5965, "risk_level": "medium", "mock_ndvi": 0.6499, "mock_avgtempF": 83.13, "mock_humid": 40.88, "mock_wind": 5.48, "county_avgtempF": 82.39, "county_humid": 43.77, "county_wind": 4.71, "county_precip": 0.0032, "county_sunHour": 11.28}, "geometry": {"type": "Polygon", "coordinates": [[[-119.58114749206692, 34.597860793747756], [-119.58114749206692, 34.64277635249731], [-119.52662241667025, 34.64277635249731], [-119.52662241667025, 34.597860793747756], [-119.58114749206692, 34.597860793747756]]]}}, {"type": "Feature", "properties": {"grid_id": "06083_5km_0113", "county": "Santa Barbara County", "county_short": "Santa Barbara", "geoid": "06083", "grid_km": 5.0, "center_lat": 34.620319, "center_lon": -119.49936, "row_index": 5, "col_index": 21, "is_mock": 1, "shape_model": "county_boundary_clipped_grid", "month": "2020-08", "monthly_fire_probability_pct": 41.33, "risk_score": 0.5936, "risk_level": "medium", "mock_ndvi": 0.6539, "mock_avgtempF": 83.1, "mock_humid": 41.15, "mock_wind": 5.4, "county_avgtempF": 82.39, "county_humid": 43.77, "county_wind": 4.71, "county_precip": 0.0032, "county_sunHour": 11.28}, "geometry": {"type": "Polygon", "coordinates": [[[-119.52662241667026, 34.597860793747756], [-119.52662241667026, 34.64277635249731], [-119.4720973412736, 34.64277635249731], [-119.4720973412736, 34.597860793747756], [-119.52662241667026, 34.597860793747756]]]}}, {"type": "Feature", "properties": {"grid_id": "06083_5km_0114", "county": "Santa Barbara County", "county_short": "Santa Barbara", "geoid": "06083", "grid_km": 5.0, "center_lat": 34.61412, "center_lon": -119.45724, "row_index": 5, "col_index": 22, "is_mock": 1, "shape_model": "county_boundary_clipped_grid", "month": "2020-08", "monthly_fire_probability_pct": 41.33, "risk_score": 0.592, "risk_level": "medium", "mock_ndvi": 0.6568, "mock_avgtempF": 83.09, "mock_humid": 41.3, "mock_wind": 5.36, "county_avgtempF": 82.39, "county_humid": 43.77, "county_wind": 4.71, "county_precip": 0.0032, "county_sunHour": 11.28}, "geometry": {"type": "Polygon", "coordinates": [[[-119.442395, 34.630379], [-119.44237142101427, 34.597860793747756], [-119.47209734127361, 34.597860793747756], [-119.47209734127361, 34.64277635249731], [-119.44228201720796, 34.64277635249731], [-119.442395, 34.630379]]]}}, {"type": "Feature", "properties": {"grid_id": "06083_5km_0115", "county": "Santa Barbara County", "county_short": "Santa Barbara", "geoid": "06083", "grid_km": 5.0, "center_lat": 34.648366, "center_lon": -120.61838, "row_index": 6, "col_index": 0, "is_mock": 1, "shape_model": "county_boundary_clipped_grid", "month": "2020-08", "monthly_fire_probability_pct": 41.33, "risk_score": 0.5862, "risk_level": "medium", "mock_ndvi": 0.6571, "mock_avgtempF": 82.91, "mock_humid": 41.9, "mock_wind": 5.2, "county_avgtempF": 82.39, "county_humid": 43.77, "county_wind": 4.71, "county_precip": 0.0032, "county_sunHour": 11.28}, "geometry": {"type": "Polygon", "coordinates": [[[-120.61712392460333, 34.653954859055425], [-120.61712392460333, 34.64277635249731], [-120.62214641173458, 34.64277635249731], [-120.61712392460333, 34.653954859055425]]]}}, {"type": "Feature", "properties": {"grid_id": "06083_5km_0116", "county": "Santa Barbara County", "county_short": "Santa Barbara", "geoid": "06083", "grid_km": 5.0, "center_lat": 34.669519, "center_lon": -120.586888, "row_index": 6, "col_index": 1, "is_mock": 1, "shape_model": "county_boundary_clipped_grid", "month": "2020-08", "monthly_fire_probability_pct": 41.33, "risk_score": 0.5838, "risk_level": "medium", "mock_ndvi": 0.6561, "mock_avgtempF": 82.81, "mock_humid": 42.16, "mock_wind": 5.14, "county_avgtempF": 82.39, "county_humid": 43.77, "county_wind": 4.71, "county_precip": 0.0032, "county_sunHour": 11.28}, "geometry": {"type": "Polygon", "coordinates": [[[-120.615882, 34.656719], [-120.606472, 34.682318], [-120.60507136561382, 34.68769191124686], [-120.56259884920668, 34.68769191124686], [-120.56259884920668, 34.64277635249731], [-120.61712392460335, 34.64277635249731], [-120.61712392460335, 34.653954859055396], [-120.615882, 34.656719]]]}}, {"type": "Feature", "properties": {"grid_id": "06083_5km_0117", "county": "Santa Barbara County", "county_short": "Santa Barbara", "geoid": "06083", "grid_km": 5.0, "center_lat": 34.665234, "center_lon": -120.535336, "row_index": 6, "col_index": 2, "is_mock": 1, "shape_model": "county_boundary_clipped_grid", "month": "2020-08", "monthly_fire_probability_pct": 41.33, "risk_score": 0.5879, "risk_level": "medium", "mock_ndvi": 0.653, "mock_avgtempF": 82.9, "mock_humid": 41.75, "mock_wind": 5.25, "county_avgtempF": 82.39, "county_humid": 43.77, "county_wind": 4.71, "county_precip": 0.0032, "county_sunHour": 11.28}, "geometry": {"type": "Polygon", "coordinates": [[[-120.5625988492067, 34.64277635249731], [-120.5625988492067, 34.68769191124686], [-120.50807377381003, 34.68769191124686], [-120.50807377381003, 34.64277635249731], [-120.5625988492067, 34.64277635249731]]]}}, {"type": "Feature", "properties": {"grid_id": "06083_5km_0118", "county": "Santa Barbara County", "county_short": "Santa Barbara", "geoid": "06083", "grid_km": 5.0, "center_lat": 34.665234, "center_lon": -120.480811, "row_index": 6, "col_index": 3, "is_mock": 1, "shape_model": "county_boundary_clipped_grid", "month": "2020-08", "monthly_fire_probability_pct": 41.33, "risk_score": 0.5904, "risk_level": "medium", "mock_ndvi": 0.6495, "mock_avgtempF": 82.93, "mock_humid": 41.51, "mock_wind": 5.36, "county_avgtempF": 82.39, "county_humid": 43.77, "county_wind": 4.71, "county_precip": 0.0032, "county_sunHour": 11.28}, "geometry": {"type": "Polygon", "coordinates": [[[-120.50807377381004, 34.64277635249731], [-120.50807377381004, 34.68769191124686], [-120.45354869841337, 34.68769191124686], [-120.45354869841337, 34.64277635249731], [-120.50807377381004, 34.64277635249731]]]}}, {"type": "Feature", "properties": {"grid_id": "06083_5km_0119", "county": "Santa Barbara County", "county_short": "Santa Barbara", "geoid": "06083", "grid_km": 5.0, "center_lat": 34.665234, "center_lon": -120.426286, "row_index": 6, "col_index": 4, "is_mock": 1, "shape_model": "county_boundary_clipped_grid", "month": "2020-08", "monthly_fire_probability_pct": 41.33, "risk_score": 0.5922, "risk_level": "medium", "mock_ndvi": 0.6456, "mock_avgtempF": 82.93, "mock_humid": 41.36, "mock_wind": 5.5, "county_avgtempF": 82.39, "county_humid": 43.77, "county_wind": 4.71, "county_precip": 0.0032, "county_sunHour": 11.28}, "geometry": {"type": "Polygon", "coordinates": [[[-120.45354869841339, 34.64277635249731], [-120.45354869841339, 34.68769191124686], [-120.39902362301672, 34.68769191124686], [-120.39902362301672, 34.64277635249731], [-120.45354869841339, 34.64277635249731]]]}}, {"type": "Feature", "properties": {"grid_id": "06083_5km_0120", "county": "Santa Barbara County", "county_short": "Santa Barbara", "geoid": "06083", "grid_km": 5.0, "center_lat": 34.665234, "center_lon": -120.371761, "row_index": 6, "col_index": 5, "is_mock": 1, "shape_model": "county_boundary_clipped_grid", "month": "2020-08", "monthly_fire_probability_pct": 41.33, "risk_score": 0.5933, "risk_level": "medium", "mock_ndvi": 0.6415, "mock_avgtempF": 82.91, "mock_humid": 41.27, "mock_wind": 5.64, "county_avgtempF": 82.39, "county_humid": 43.77, "county_wind": 4.71, "county_precip": 0.0032, "county_sunHour": 11.28}, "geometry": {"type": "Polygon", "coordinates": [[[-120.39902362301673, 34.64277635249731], [-120.39902362301673, 34.68769191124686], [-120.34449854762006, 34.68769191124686], [-120.34449854762006, 34.64277635249731], [-120.39902362301673, 34.64277635249731]]]}}, {"type": "Feature", "properties": {"grid_id": "06083_5km_0121", "county": "Santa Barbara County", "county_short": "Santa Barbara", "geoid": "06083", "grid_km": 5.0, "center_lat": 34.665234, "center_lon": -120.317236, "row_index": 6, "col_index": 6, "is_mock": 1, "shape_model": "county_boundary_clipped_grid", "month": "2020-08", "monthly_fire_probability_pct": 41.33, "risk_score": 0.5939, "risk_level": "medium", "mock_ndvi": 0.6374, "mock_avgtempF": 82.87, "mock_humid": 41.24, "mock_wind": 5.78, "county_avgtempF": 82.39, "county_humid": 43.77, "county_wind": 4.71, "county_precip": 0.0032, "county_sunHour": 11.28}, "geometry": {"type": "Polygon", "coordinates": [[[-120.34449854762008, 34.64277635249731], [-120.34449854762008, 34.68769191124686], [-120.28997347222341, 34.68769191124686], [-120.28997347222341, 34.64277635249731], [-120.34449854762008, 34.64277635249731]]]}}, {"type": "Feature", "properties": {"grid_id": "06083_5km_0122", "county": "Santa Barbara County", "county_short": "Santa Barbara", "geoid": "06083", "grid_km": 5.0, "center_lat": 34.665234, "center_lon": -120.262711, "row_index": 6, "col_index": 7, "is_mock": 1, "shape_model": "county_boundary_clipped_grid", "month": "2020-08", "monthly_fire_probability_pct": 41.33, "risk_score": 0.5941, "risk_level": "medium", "mock_ndvi": 0.6336, "mock_avgtempF": 82.82, "mock_humid": 41.25, "mock_wind": 5.9, "county_avgtempF": 82.39, "county_humid": 43.77, "county_wind": 4.71, "county_precip": 0.0032, "county_sunHour": 11.28}, "geometry": {"type": "Polygon", "coordinates": [[[-120.28997347222342, 34.64277635249731], [-120.28997347222342, 34.68769191124686], [-120.23544839682675, 34.68769191124686], [-120.23544839682675, 34.64277635249731], [-120.28997347222342, 34.64277635249731]]]}}, {"type": "Feature", "properties": {"grid_id": "06083_5km_0123", "county": "Santa Barbara County", "county_short": "Santa Barbara", "geoid": "06083", "grid_km": 5.0, "center_lat": 34.665234, "center_lon": -120.208186, "row_index": 6, "col_index": 8, "is_mock": 1, "shape_model": "county_boundary_clipped_grid", "month": "2020-08", "monthly_fire_probability_pct": 41.33, "risk_score": 0.594, "risk_level": "medium", "mock_ndvi": 0.6302, "mock_avgtempF": 82.77, "mock_humid": 41.28, "mock_wind": 6.0, "county_avgtempF": 82.39, "county_humid": 43.77, "county_wind": 4.71, "county_precip": 0.0032, "county_sunHour": 11.28}, "geometry": {"type": "Polygon", "coordinates": [[[-120.23544839682677, 34.64277635249731], [-120.23544839682677, 34.68769191124686], [-120.1809233214301, 34.68769191124686], [-120.1809233214301, 34.64277635249731], [-120.23544839682677, 34.64277635249731]]]}}, {"type": "Feature", "properties": {"grid_id": "06083_5km_0124", "county": "Santa Barbara County", "county_short": "Santa Barbara", "geoid": "06083", "grid_km": 5.0, "center_lat": 34.665234, "center_lon": -120.153661, "row_index": 6, "col_index": 9, "is_mock": 1, "shape_model": "county_boundary_clipped_grid", "month": "2020-08", "monthly_fire_probability_pct": 41.33, "risk_score": 0.5937, "risk_level": "medium", "mock_ndvi": 0.6274, "mock_avgtempF": 82.72, "mock_humid": 41.33, "mock_wind": 6.08, "county_avgtempF": 82.39, "county_humid": 43.77, "county_wind": 4.71, "county_precip": 0.0032, "county_sunHour": 11.28}, "geometry": {"type": "Polygon", "coordinates": [[[-120.18092332143011, 34.64277635249731], [-120.18092332143011, 34.68769191124686], [-120.12639824603345, 34.68769191124686], [-120.12639824603345, 34.64277635249731], [-120.18092332143011, 34.64277635249731]]]}}, {"type": "Feature", "properties": {"grid_id": "06083_5km_0125", "county": "Santa Barbara County", "county_short": "Santa Barbara", "geoid": "06083", "grid_km": 5.0, "center_lat": 34.665234, "center_lon": -120.099136, "row_index": 6, "col_index": 10, "is_mock": 1, "shape_model": "county_boundary_clipped_grid", "month": "2020-08", "monthly_fire_probability_pct": 41.33, "risk_score": 0.5934, "risk_level": "medium", "mock_ndvi": 0.6255, "mock_avgtempF": 82.68, "mock_humid": 41.38, "mock_wind": 6.14, "county_avgtempF": 82.39, "county_humid": 43.77, "county_wind": 4.71, "county_precip": 0.0032, "county_sunHour": 11.28}, "geometry": {"type": "Polygon", "coordinates": [[[-120.12639824603346, 34.64277635249731], [-120.12639824603346, 34.68769191124686], [-120.07187317063679, 34.68769191124686], [-120.07187317063679, 34.64277635249731], [-120.12639824603346, 34.64277635249731]]]}}, {"type": "Feature", "properties": {"grid_id": "06083_5km_0126", "county": "Santa Barbara County", "county_short": "Santa Barbara", "geoid": "06083", "grid_km": 5.0, "center_lat": 34.665234, "center_lon": -120.044611, "row_index": 6, "col_index": 11, "is_mock": 1, "shape_model": "county_boundary_clipped_grid", "month": "2020-08", "monthly_fire_probability_pct": 41.33, "risk_score": 0.593, "risk_level": "medium", "mock_ndvi": 0.6245, "mock_avgtempF": 82.66, "mock_humid": 41.42, "mock_wind": 6.17, "county_avgtempF": 82.39, "county_humid": 43.77, "county_wind": 4.71, "county_precip": 0.0032, "county_sunHour": 11.28}, "geometry": {"type": "Polygon", "coordinates": [[[-120.0718731706368, 34.64277635249731], [-120.0718731706368, 34.68769191124686], [-120.01734809524014, 34.68769191124686], [-120.01734809524014, 34.64277635249731], [-120.0718731706368, 34.64277635249731]]]}}, {"type": "Feature", "properties": {"grid_id": "06083_5km_0127", "county": "Santa Barbara County", "county_short": "Santa Barbara", "geoid": "06083", "grid_km": 5.0, "center_lat": 34.665234, "center_lon": -119.990086, "row_index": 6, "col_index": 12, "is_mock": 1, "shape_model": "county_boundary_clipped_grid", "month": "2020-08", "monthly_fire_probability_pct": 41.33, "risk_score": 0.5927, "risk_level": "medium", "mock_ndvi": 0.6245, "mock_avgtempF": 82.65, "mock_humid": 41.46, "mock_wind": 6.16, "county_avgtempF": 82.39, "county_humid": 43.77, "county_wind": 4.71, "county_precip": 0.0032, "county_sunHour": 11.28}, "geometry": {"type": "Polygon", "coordinates": [[[-120.01734809524015, 34.64277635249731], [-120.01734809524015, 34.68769191124686], [-119.96282301984348, 34.68769191124686], [-119.96282301984348, 34.64277635249731], [-120.01734809524015, 34.64277635249731]]]}}, {"type": "Feature", "properties": {"grid_id": "06083_5km_0128", "county": "Santa Barbara County", "county_short": "Santa Barbara", "geoid": "06083", "grid_km": 5.0, "center_lat": 34.665234, "center_lon": -119.93556, "row_index": 6, "col_index": 13, "is_mock": 1, "shape_model": "county_boundary_clipped_grid", "month": "2020-08", "monthly_fire_probability_pct": 41.33, "risk_score": 0.5924, "risk_level": "medium", "mock_ndvi": 0.6255, "mock_avgtempF": 82.65, "mock_humid": 41.48, "mock_wind": 6.13, "county_avgtempF": 82.39, "county_humid": 43.77, "county_wind": 4.71, "county_precip": 0.0032, "county_sunHour": 11.28}, "geometry": {"type": "Polygon", "coordinates": [[[-119.9628230198435, 34.64277635249731], [-119.9628230198435, 34.68769191124686], [-119.90829794444683, 34.68769191124686], [-119.90829794444683, 34.64277635249731], [-119.9628230198435, 34.64277635249731]]]}}, {"type": "Feature", "properties": {"grid_id": "06083_5km_0129", "county": "Santa Barbara County", "county_short": "Santa Barbara", "geoid": "06083", "grid_km": 5.0, "center_lat": 34.665234, "center_lon": -119.881035, "row_index": 6, "col_index": 14, "is_mock": 1, "shape_model": "county_boundary_clipped_grid", "month": "2020-08", "monthly_fire_probability_pct": 41.33, "risk_score": 0.5922, "risk_level": "medium", "mock_ndvi": 0.6274, "mock_avgtempF": 82.67, "mock_humid": 41.49, "mock_wind": 6.07, "county_avgtempF": 82.39, "county_humid": 43.77, "county_wind": 4.71, "county_precip": 0.0032, "county_sunHour": 11.28}, "geometry": {"type": "Polygon", "coordinates": [[[-119.90829794444684, 34.64277635249731], [-119.90829794444684, 34.68769191124686], [-119.85377286905018, 34.68769191124686], [-119.85377286905018, 34.64277635249731], [-119.90829794444684, 34.64277635249731]]]}}, {"type": "Feature", "properties": {"grid_id": "06083_5km_0130", "county": "Santa Barbara County", "county_short": "Santa Barbara", "geoid": "06083", "grid_km": 5.0, "center_lat": 34.665234, "center_lon": -119.82651, "row_index": 6, "col_index": 15, "is_mock": 1, "shape_model": "county_boundary_clipped_grid", "month": "2020-08", "monthly_fire_probability_pct": 41.33, "risk_score": 0.5919, "risk_level": "medium", "mock_ndvi": 0.6302, "mock_avgtempF": 82.71, "mock_humid": 41.5, "mock_wind": 5.98, "county_avgtempF": 82.39, "county_humid": 43.77, "county_wind": 4.71, "county_precip": 0.0032, "county_sunHour": 11.28}, "geometry": {"type": "Polygon", "coordinates": [[[-119.85377286905019, 34.64277635249731], [-119.85377286905019, 34.68769191124686], [-119.79924779365352, 34.68769191124686], [-119.79924779365352, 34.64277635249731], [-119.85377286905019, 34.64277635249731]]]}}, {"type": "Feature", "properties": {"grid_id": "06083_5km_0131", "county": "Santa Barbara County", "county_short": "Santa Barbara", "geoid": "06083", "grid_km": 5.0, "center_lat": 34.665234, "center_lon": -119.771985, "row_index": 6, "col_index": 16, "is_mock": 1, "shape_model": "county_boundary_clipped_grid", "month": "2020-08", "monthly_fire_probability_pct": 41.33, "risk_score": 0.5915, "risk_level": "medium", "mock_ndvi": 0.6337, "mock_avgtempF": 82.74, "mock_humid": 41.51, "mock_wind": 5.86, "county_avgtempF": 82.39, "county_humid": 43.77, "county_wind": 4.71, "county_precip": 0.0032, "county_sunHour": 11.28}, "geometry": {"type": "Polygon", "coordinates": [[[-119.79924779365354, 34.64277635249731], [-119.79924779365354, 34.68769191124686], [-119.74472271825687, 34.68769191124686], [-119.74472271825687, 34.64277635249731], [-119.79924779365354, 34.64277635249731]]]}}, {"type": "Feature", "properties": {"grid_id": "06083_5km_0132", "county": "Santa Barbara County", "county_short": "Santa Barbara", "geoid": "06083", "grid_km": 5.0, "center_lat": 34.665234, "center_lon": -119.71746, "row_index": 6, "col_index": 17, "is_mock": 1, "shape_model": "county_boundary_clipped_grid", "month": "2020-08", "monthly_fire_probability_pct": 41.33, "risk_score": 0.591, "risk_level": "medium", "mock_ndvi": 0.6377, "mock_avgtempF": 82.78, "mock_humid": 41.54, "mock_wind": 5.74, "county_avgtempF": 82.39, "county_humid": 43.77, "county_wind": 4.71, "county_precip": 0.0032, "county_sunHour": 11.28}, "geometry": {"type": "Polygon", "coordinates": [[[-119.74472271825688, 34.64277635249731], [-119.74472271825688, 34.68769191124686], [-119.69019764286021, 34.68769191124686], [-119.69019764286021, 34.64277635249731], [-119.74472271825688, 34.64277635249731]]]}}, {"type": "Feature", "properties": {"grid_id": "06083_5km_0133", "county": "Santa Barbara County", "county_short": "Santa Barbara", "geoid": "06083", "grid_km": 5.0, "center_lat": 34.665234, "center_lon": -119.662935, "row_index": 6, "col_index": 18, "is_mock": 1, "shape_model": "county_boundary_clipped_grid", "month": "2020-08", "monthly_fire_probability_pct": 41.33, "risk_score": 0.5901, "risk_level": "medium", "mock_ndvi": 0.6419, "mock_avgtempF": 82.81, "mock_humid": 41.61, "mock_wind": 5.59, "county_avgtempF": 82.39, "county_humid": 43.77, "county_wind": 4.71, "county_precip": 0.0032, "county_sunHour": 11.28}, "geometry": {"type": "Polygon", "coordinates": [[[-119.69019764286023, 34.64277635249731], [-119.69019764286023, 34.68769191124686], [-119.63567256746356, 34.68769191124686], [-119.63567256746356, 34.64277635249731], [-119.69019764286023, 34.64277635249731]]]}}, {"type": "Feature", "properties": {"grid_id": "06083_5km_0134", "county": "Santa Barbara County", "county_short": "Santa Barbara", "geoid": "06083", "grid_km": 5.0, "center_lat": 34.665234, "center_lon": -119.60841, "row_index": 6, "col_index": 19, "is_mock": 1, "shape_model": "county_boundary_clipped_grid", "month": "2020-08", "monthly_fire_probability_pct": 41.33, "risk_score": 0.5887, "risk_level": "medium", "mock_ndvi": 0.6463, "mock_avgtempF": 82.83, "mock_humid": 41.71, "mock_wind": 5.44, "county_avgtempF": 82.39, "county_humid": 43.77, "county_wind": 4.71, "county_precip": 0.0032, "county_sunHour": 11.28}, "geometry": {"type": "Polygon", "coordinates": [[[-119.63567256746357, 34.64277635249731], [-119.63567256746357, 34.68769191124686], [-119.5811474920669, 34.68769191124686], [-119.5811474920669, 34.64277635249731], [-119.63567256746357, 34.64277635249731]]]}}, {"type": "Feature", "properties": {"grid_id": "06083_5km_0135", "county": "Santa Barbara County", "county_short": "Santa Barbara", "geoid": "06083", "grid_km": 5.0, "center_lat": 34.665234, "center_lon": -119.553885, "row_index": 6, "col_index": 20, "is_mock": 1, "shape_model": "county_boundary_clipped_grid", "month": "2020-08", "monthly_fire_probability_pct": 41.33, "risk_score": 0.5868, "risk_level": "medium", "mock_ndvi": 0.6504, "mock_avgtempF": 82.83, "mock_humid": 41.89, "mock_wind": 5.29, "county_avgtempF": 82.39, "county_humid": 43.77, "county_wind": 4.71, "county_precip": 0.0032, "county_sunHour": 11.28}, "geometry": {"type": "Polygon", "coordinates": [[[-119.58114749206692, 34.64277635249731], [-119.58114749206692, 34.68769191124686], [-119.52662241667025, 34.68769191124686], [-119.52662241667025, 34.64277635249731], [-119.58114749206692, 34.64277635249731]]]}}, {"type": "Feature", "properties": {"grid_id": "06083_5km_0136", "county": "Santa Barbara County", "county_short": "Santa Barbara", "geoid": "06083", "grid_km": 5.0, "center_lat": 34.665234, "center_lon": -119.49936, "row_index": 6, "col_index": 21, "is_mock": 1, "shape_model": "county_boundary_clipped_grid", "month": "2020-08", "monthly_fire_probability_pct": 41.33, "risk_score": 0.5841, "risk_level": "medium", "mock_ndvi": 0.6543, "mock_avgtempF": 82.8, "mock_humid": 42.13, "mock_wind": 5.15, "county_avgtempF": 82.39, "county_humid": 43.77, "county_wind": 4.71, "county_precip": 0.0032, "county_sunHour": 11.28}, "geometry": {"type": "Polygon", "coordinates": [[[-119.52662241667026, 34.64277635249731], [-119.52662241667026, 34.68769191124686], [-119.4720973412736, 34.68769191124686], [-119.4720973412736, 34.64277635249731], [-119.52662241667026, 34.64277635249731]]]}}, {"type": "Feature", "properties": {"grid_id": "06083_5km_0137", "county": "Santa Barbara County", "county_short": "Santa Barbara", "geoid": "06083", "grid_km": 5.0, "center_lat": 34.665234, "center_lon": -119.457087, "row_index": 6, "col_index": 22, "is_mock": 1, "shape_model": "county_boundary_clipped_grid", "month": "2020-08", "monthly_fire_probability_pct": 41.33, "risk_score": 0.5815, "risk_level": "medium", "mock_ndvi": 0.657, "mock_avgtempF": 82.75, "mock_humid": 42.38, "mock_wind": 5.08, "county_avgtempF": 82.39, "county_humid": 43.77, "county_wind": 4.71, "county_precip": 0.0032, "county_sunHour": 11.28}, "geometry": {"type": "Polygon", "coordinates": [[[-119.44228201720796, 34.64277635249731], [-119.47209734127361, 34.64277635249731], [-119.47209734127361, 34.68769191124686], [-119.4418726810021, 34.68769191124686], [-119.44228201720796, 34.64277635249731]]]}}, {"type": "Feature", "properties": {"grid_id": "06083_5km_0138", "county": "Santa Barbara County", "county_short": "Santa Barbara", "geoid": "06083", "grid_km": 5.0, "center_lat": 34.70972, "center_lon": -120.583324, "row_index": 7, "col_index": 1, "is_mock": 1, "shape_model": "county_boundary_clipped_grid", "month": "2020-08", "monthly_fire_probability_pct": 41.33, "risk_score": 0.5739, "risk_level": "medium", "mock_ndvi": 0.6581, "mock_avgtempF": 82.53, "mock_humid": 43.16, "mock_wind": 4.91, "county_avgtempF": 82.39, "county_humid": 43.77, "county_wind": 4.71, "county_precip": 0.0032, "county_sunHour": 11.28}, "geometry": {"type": "Polygon", "coordinates": [[[-120.600603, 34.704836], [-120.607496, 34.714604], [-120.61616105687074, 34.73260746999641], [-120.56259884920668, 34.73260746999641], [-120.56259884920668, 34.68769191124686], [-120.60507136561382, 34.68769191124686], [-120.600603, 34.704836]]]}}, {"type": "Feature", "properties": {"grid_id": "06083_5km_0139", "county": "Santa Barbara County", "county_short": "Santa Barbara", "geoid": "06083", "grid_km": 5.0, "center_lat": 34.71015, "center_lon": -120.535336, "row_index": 7, "col_index": 2, "is_mock": 1, "shape_model": "county_boundary_clipped_grid", "month": "2020-08", "monthly_fire_probability_pct": 41.33, "risk_score": 0.5765, "risk_level": "medium", "mock_ndvi": 0.6555, "mock_avgtempF": 82.57, "mock_humid": 42.92, "mock_wind": 5.02, "county_avgtempF": 82.39, "county_humid": 43.77, "county_wind": 4.71, "county_precip": 0.0032, "county_sunHour": 11.28}, "geometry": {"type": "Polygon", "coordinates": [[[-120.5625988492067, 34.68769191124686], [-120.5625988492067, 34.73260746999641], [-120.50807377381003, 34.73260746999641], [-120.50807377381003, 34.68769191124686], [-120.5625988492067, 34.68769191124686]]]}}, {"type": "Feature", "properties": {"grid_id": "06083_5km_0140", "county": "Santa Barbara County", "county_short": "Santa Barbara", "geoid": "06083", "grid_km": 5.0, "center_lat": 34.71015, "center_lon": -120.480811, "row_index": 7, "col_index": 3, "is_mock": 1, "shape_model": "county_boundary_clipped_grid", "month": "2020-08", "monthly_fire_probability_pct": 41.33, "risk_score": 0.5787, "risk_level": "medium", "mock_ndvi": 0.6521, "mock_avgtempF": 82.59, "mock_humid": 42.71, "mock_wind": 5.15, "county_avgtempF": 82.39, "county_humid": 43.77, "county_wind": 4.71, "county_precip": 0.0032, "county_sunHour": 11.28}, "geometry": {"type": "Polygon", "coordinates": [[[-120.50807377381004, 34.68769191124686], [-120.50807377381004, 34.73260746999641], [-120.45354869841337, 34.73260746999641], [-120.45354869841337, 34.68769191124686], [-120.50807377381004, 34.68769191124686]]]}}, {"type": "Feature", "properties": {"grid_id": "06083_5km_0141", "county": "Santa Barbara County", "county_short": "Santa Barbara", "geoid": "06083", "grid_km": 5.0, "center_lat": 34.71015, "center_lon": -120.426286, "row_index": 7, "col_index": 4, "is_mock": 1, "shape_model": "county_boundary_clipped_grid", "month": "2020-08", "monthly_fire_probability_pct": 41.33, "risk_score": 0.5802, "risk_level": "medium", "mock_ndvi": 0.6483, "mock_avgtempF": 82.59, "mock_humid": 42.58, "mock_wind": 5.28, "county_avgtempF": 82.39, "county_humid": 43.77, "county_wind": 4.71, "county_precip": 0.0032, "county_sunHour": 11.28}, "geometry": {"type": "Polygon", "coordinates": [[[-120.45354869841339, 34.68769191124686], [-120.45354869841339, 34.73260746999641], [-120.39902362301672, 34.73260746999641], [-120.39902362301672, 34.68769191124686], [-120.45354869841339, 34.68769191124686]]]}}, {"type": "Feature", "properties": {"grid_id": "06083_5km_0142", "county": "Santa Barbara County", "county_short": "Santa Barbara", "geoid": "06083", "grid_km": 5.0, "center_lat": 34.71015, "center_lon": -120.371761, "row_index": 7, "col_index": 5, "is_mock": 1, "shape_model": "county_boundary_clipped_grid", "month": "2020-08", "monthly_fire_probability_pct": 41.33, "risk_score": 0.581, "risk_level": "medium", "mock_ndvi": 0.6444, "mock_avgtempF": 82.56, "mock_humid": 42.52, "mock_wind": 5.42, "county_avgtempF": 82.39, "county_humid": 43.77, "county_wind": 4.71, "county_precip": 0.0032, "county_sunHour": 11.28}, "geometry": {"type": "Polygon", "coordinates": [[[-120.39902362301673, 34.68769191124686], [-120.39902362301673, 34.73260746999641], [-120.34449854762006, 34.73260746999641], [-120.34449854762006, 34.68769191124686], [-120.39902362301673, 34.68769191124686]]]}}, {"type": "Feature", "properties": {"grid_id": "06083_5km_0143", "county": "Santa Barbara County", "county_short": "Santa Barbara", "geoid": "06083", "grid_km": 5.0, "center_lat": 34.71015, "center_lon": -120.317236, "row_index": 7, "col_index": 6, "is_mock": 1, "shape_model": "county_boundary_clipped_grid", "month": "2020-08", "monthly_fire_probability_pct": 41.33, "risk_score": 0.5813, "risk_level": "medium", "mock_ndvi": 0.6404, "mock_avgtempF": 82.51, "mock_humid": 42.52, "mock_wind": 5.54, "county_avgtempF": 82.39, "county_humid": 43.77, "county_wind": 4.71, "county_precip": 0.0032, "county_sunHour": 11.28}, "geometry": {"type": "Polygon", "coordinates": [[[-120.34449854762008, 34.68769191124686], [-120.34449854762008, 34.73260746999641], [-120.28997347222341, 34.73260746999641], [-120.28997347222341, 34.68769191124686], [-120.34449854762008, 34.68769191124686]]]}}, {"type": "Feature", "properties": {"grid_id": "06083_5km_0144", "county": "Santa Barbara County", "county_short": "Santa Barbara", "geoid": "06083", "grid_km": 5.0, "center_lat": 34.71015, "center_lon": -120.262711, "row_index": 7, "col_index": 7, "is_mock": 1, "shape_model": "county_boundary_clipped_grid", "month": "2020-08", "monthly_fire_probability_pct": 41.33, "risk_score": 0.5813, "risk_level": "medium", "mock_ndvi": 0.6367, "mock_avgtempF": 82.46, "mock_humid": 42.55, "mock_wind": 5.66, "county_avgtempF": 82.39, "county_humid": 43.77, "county_wind": 4.71, "county_precip": 0.0032, "county_sunHour": 11.28}, "geometry": {"type": "Polygon", "coordinates": [[[-120.28997347222342, 34.68769191124686], [-120.28997347222342, 34.73260746999641], [-120.23544839682675, 34.73260746999641], [-120.23544839682675, 34.68769191124686], [-120.28997347222342, 34.68769191124686]]]}}, {"type": "Feature", "properties": {"grid_id": "06083_5km_0145", "county": "Santa Barbara County", "county_short": "Santa Barbara", "geoid": "06083", "grid_km": 5.0, "center_lat": 34.71015, "center_lon": -120.208186, "row_index": 7, "col_index": 8, "is_mock": 1, "shape_model": "county_boundary_clipped_grid", "month": "2020-08", "monthly_fire_probability_pct": 41.33, "risk_score": 0.581, "risk_level": "medium", "mock_ndvi": 0.6334, "mock_avgtempF": 82.4, "mock_humid": 42.61, "mock_wind": 5.75, "county_avgtempF": 82.39, "county_humid": 43.77, "county_wind": 4.71, "county_precip": 0.0032, "county_sunHour": 11.28}, "geometry": {"type": "Polygon", "coordinates": [[[-120.23544839682677, 34.68769191124686], [-120.23544839682677, 34.73260746999641], [-120.1809233214301, 34.73260746999641], [-120.1809233214301, 34.68769191124686], [-120.23544839682677, 34.68769191124686]]]}}, {"type": "Feature", "properties": {"grid_id": "06083_5km_0146", "county": "Santa Barbara County", "county_short": "Santa Barbara", "geoid": "06083", "grid_km": 5.0, "center_lat": 34.71015, "center_lon": -120.153661, "row_index": 7, "col_index": 9, "is_mock": 1, "shape_model": "county_boundary_clipped_grid", "month": "2020-08", "monthly_fire_probability_pct": 41.33, "risk_score": 0.5805, "risk_level": "medium", "mock_ndvi": 0.6308, "mock_avgtempF": 82.35, "mock_humid": 42.67, "mock_wind": 5.83, "county_avgtempF": 82.39, "county_humid": 43.77, "county_wind": 4.71, "county_precip": 0.0032, "county_sunHour": 11.28}, "geometry": {"type": "Polygon", "coordinates": [[[-120.18092332143011, 34.68769191124686], [-120.18092332143011, 34.73260746999641], [-120.12639824603345, 34.73260746999641], [-120.12639824603345, 34.68769191124686], [-120.18092332143011, 34.68769191124686]]]}}, {"type": "Feature", "properties": {"grid_id": "06083_5km_0147", "county": "Santa Barbara County", "county_short": "Santa Barbara", "geoid": "06083", "grid_km": 5.0, "center_lat": 34.71015, "center_lon": -120.099136, "row_index": 7, "col_index": 10, "is_mock": 1, "shape_model": "county_boundary_clipped_grid", "month": "2020-08", "monthly_fire_probability_pct": 41.33, "risk_score": 0.5801, "risk_level": "medium", "mock_ndvi": 0.6289, "mock_avgtempF": 82.31, "mock_humid": 42.73, "mock_wind": 5.88, "county_avgtempF": 82.39, "county_humid": 43.77, "county_wind": 4.71, "county_precip": 0.0032, "county_sunHour": 11.28}, "geometry": {"type": "Polygon", "coordinates": [[[-120.12639824603346, 34.68769191124686], [-120.12639824603346, 34.73260746999641], [-120.07187317063679, 34.73260746999641], [-120.07187317063679, 34.68769191124686], [-120.12639824603346, 34.68769191124686]]]}}, {"type": "Feature", "properties": {"grid_id": "06083_5km_0148", "county": "Santa Barbara County", "county_short": "Santa Barbara", "geoid": "06083", "grid_km": 5.0, "center_lat": 34.71015, "center_lon": -120.044611, "row_index": 7, "col_index": 11, "is_mock": 1, "shape_model": "county_boundary_clipped_grid", "month": "2020-08", "monthly_fire_probability_pct": 41.33, "risk_score": 0.5797, "risk_level": "medium", "mock_ndvi": 0.6279, "mock_avgtempF": 82.28, "mock_humid": 42.78, "mock_wind": 5.91, "county_avgtempF": 82.39, "county_humid": 43.77, "county_wind": 4.71, "county_precip": 0.0032, "county_sunHour": 11.28}, "geometry": {"type": "Polygon", "coordinates": [[[-120.0718731706368, 34.68769191124686], [-120.0718731706368, 34.73260746999641], [-120.01734809524014, 34.73260746999641], [-120.01734809524014, 34.68769191124686], [-120.0718731706368, 34.68769191124686]]]}}, {"type": "Feature", "properties": {"grid_id": "06083_5km_0149", "county": "Santa Barbara County", "county_short": "Santa Barbara", "geoid": "06083", "grid_km": 5.0, "center_lat": 34.71015, "center_lon": -119.990086, "row_index": 7, "col_index": 12, "is_mock": 1, "shape_model": "county_boundary_clipped_grid", "month": "2020-08", "monthly_fire_probability_pct": 41.33, "risk_score": 0.5794, "risk_level": "medium", "mock_ndvi": 0.6279, "mock_avgtempF": 82.27, "mock_humid": 42.81, "mock_wind": 5.91, "county_avgtempF": 82.39, "county_humid": 43.77, "county_wind": 4.71, "county_precip": 0.0032, "county_sunHour": 11.28}, "geometry": {"type": "Polygon", "coordinates": [[[-120.01734809524015, 34.68769191124686], [-120.01734809524015, 34.73260746999641], [-119.96282301984348, 34.73260746999641], [-119.96282301984348, 34.68769191124686], [-120.01734809524015, 34.68769191124686]]]}}, {"type": "Feature", "properties": {"grid_id": "06083_5km_0150", "county": "Santa Barbara County", "county_short": "Santa Barbara", "geoid": "06083", "grid_km": 5.0, "center_lat": 34.71015, "center_lon": -119.93556, "row_index": 7, "col_index": 13, "is_mock": 1, "shape_model": "county_boundary_clipped_grid", "month": "2020-08", "monthly_fire_probability_pct": 41.33, "risk_score": 0.5792, "risk_level": "medium", "mock_ndvi": 0.6289, "mock_avgtempF": 82.28, "mock_humid": 42.82, "mock_wind": 5.88, "county_avgtempF": 82.39, "county_humid": 43.77, "county_wind": 4.71, "county_precip": 0.0032, "county_sunHour": 11.28}, "geometry": {"type": "Polygon", "coordinates": [[[-119.9628230198435, 34.68769191124686], [-119.9628230198435, 34.73260746999641], [-119.90829794444683, 34.73260746999641], [-119.90829794444683, 34.68769191124686], [-119.9628230198435, 34.68769191124686]]]}}, {"type": "Feature", "properties": {"grid_id": "06083_5km_0151", "county": "Santa Barbara County", "county_short": "Santa Barbara", "geoid": "06083", "grid_km": 5.0, "center_lat": 34.71015, "center_lon": -119.881035, "row_index": 7, "col_index": 14, "is_mock": 1, "shape_model": "county_boundary_clipped_grid", "month": "2020-08", "monthly_fire_probability_pct": 41.33, "risk_score": 0.5791, "risk_level": "medium", "mock_ndvi": 0.6307, "mock_avgtempF": 82.3, "mock_humid": 42.82, "mock_wind": 5.82, "county_avgtempF": 82.39, "county_humid": 43.77, "county_wind": 4.71, "county_precip": 0.0032, "county_sunHour": 11.28}, "geometry": {"type": "Polygon", "coordinates": [[[-119.90829794444684, 34.68769191124686], [-119.90829794444684, 34.73260746999641], [-119.85377286905018, 34.73260746999641], [-119.85377286905018, 34.68769191124686], [-119.90829794444684, 34.68769191124686]]]}}, {"type": "Feature", "properties": {"grid_id": "06083_5km_0152", "county": "Santa Barbara County", "county_short": "Santa Barbara", "geoid": "06083", "grid_km": 5.0, "center_lat": 34.71015, "center_lon": -119.82651, "row_index": 7, "col_index": 15, "is_mock": 1, "shape_model": "county_boundary_clipped_grid", "month": "2020-08", "monthly_fire_probability_pct": 41.33, "risk_score": 0.5791, "risk_level": "medium", "mock_ndvi": 0.6334, "mock_avgtempF": 82.34, "mock_humid": 42.8, "mock_wind": 5.73, "county_avgtempF": 82.39, "county_humid": 43.77, "county_wind": 4.71, "county_precip": 0.0032, "county_sunHour": 11.28}, "geometry": {"type": "Polygon", "coordinates": [[[-119.85377286905019, 34.68769191124686], [-119.85377286905019, 34.73260746999641], [-119.79924779365352, 34.73260746999641], [-119.79924779365352, 34.68769191124686], [-119.85377286905019, 34.68769191124686]]]}}, {"type": "Feature", "properties": {"grid_id": "06083_5km_0153", "county": "Santa Barbara County", "county_short": "Santa Barbara", "geoid": "06083", "grid_km": 5.0, "center_lat": 34.71015, "center_lon": -119.771985, "row_index": 7, "col_index": 16, "is_mock": 1, "shape_model": "county_boundary_clipped_grid", "month": "2020-08", "monthly_fire_probability_pct": 41.33, "risk_score": 0.5789, "risk_level": "medium", "mock_ndvi": 0.6368, "mock_avgtempF": 82.38, "mock_humid": 42.79, "mock_wind": 5.63, "county_avgtempF": 82.39, "county_humid": 43.77, "county_wind": 4.71, "county_precip": 0.0032, "county_sunHour": 11.28}, "geometry": {"type": "Polygon", "coordinates": [[[-119.79924779365354, 34.68769191124686], [-119.79924779365354, 34.73260746999641], [-119.74472271825687, 34.73260746999641], [-119.74472271825687, 34.68769191124686], [-119.79924779365354, 34.68769191124686]]]}}, {"type": "Feature", "properties": {"grid_id": "06083_5km_0154", "county": "Santa Barbara County", "county_short": "Santa Barbara", "geoid": "06083", "grid_km": 5.0, "center_lat": 34.71015, "center_lon": -119.71746, "row_index": 7, "col_index": 17, "is_mock": 1, "shape_model": "county_boundary_clipped_grid", "month": "2020-08", "monthly_fire_probability_pct": 41.33, "risk_score": 0.5786, "risk_level": "medium", "mock_ndvi": 0.6406, "mock_avgtempF": 82.43, "mock_humid": 42.8, "mock_wind": 5.51, "county_avgtempF": 82.39, "county_humid": 43.77, "county_wind": 4.71, "county_precip": 0.0032, "county_sunHour": 11.28}, "geometry": {"type": "Polygon", "coordinates": [[[-119.74472271825688, 34.68769191124686], [-119.74472271825688, 34.73260746999641], [-119.69019764286021, 34.73260746999641], [-119.69019764286021, 34.68769191124686], [-119.74472271825688, 34.68769191124686]]]}}, {"type": "Feature", "properties": {"grid_id": "06083_5km_0155", "county": "Santa Barbara County", "county_short": "Santa Barbara", "geoid": "06083", "grid_km": 5.0, "center_lat": 34.71015, "center_lon": -119.662935, "row_index": 7, "col_index": 18, "is_mock": 1, "shape_model": "county_boundary_clipped_grid", "month": "2020-08", "monthly_fire_probability_pct": 41.33, "risk_score": 0.578, "risk_level": "medium", "mock_ndvi": 0.6447, "mock_avgtempF": 82.47, "mock_humid": 42.83, "mock_wind": 5.37, "county_avgtempF": 82.39, "county_humid": 43.77, "county_wind": 4.71, "county_precip": 0.0032, "county_sunHour": 11.28}, "geometry": {"type": "Polygon", "coordinates": [[[-119.69019764286023, 34.68769191124686], [-119.69019764286023, 34.73260746999641], [-119.63567256746356, 34.73260746999641], [-119.63567256746356, 34.68769191124686], [-119.69019764286023, 34.68769191124686]]]}}, {"type": "Feature", "properties": {"grid_id": "06083_5km_0156", "county": "Santa Barbara County", "county_short": "Santa Barbara", "geoid": "06083", "grid_km": 5.0, "center_lat": 34.71015, "center_lon": -119.60841, "row_index": 7, "col_index": 19, "is_mock": 1, "shape_model": "county_boundary_clipped_grid", "month": "2020-08", "monthly_fire_probability_pct": 41.33, "risk_score": 0.5769, "risk_level": "medium", "mock_ndvi": 0.6489, "mock_avgtempF": 82.49, "mock_humid": 42.91, "mock_wind": 5.23, "county_avgtempF": 82.39, "county_humid": 43.77, "county_wind": 4.71, "county_precip": 0.0032, "county_sunHour": 11.28}, "geometry": {"type": "Polygon", "coordinates": [[[-119.63567256746357, 34.68769191124686], [-119.63567256746357, 34.73260746999641], [-119.5811474920669, 34.73260746999641], [-119.5811474920669, 34.68769191124686], [-119.63567256746357, 34.68769191124686]]]}}, {"type": "Feature", "properties": {"grid_id": "06083_5km_0157", "county": "Santa Barbara County", "county_short": "Santa Barbara", "geoid": "06083", "grid_km": 5.0, "center_lat": 34.71015, "center_lon": -119.553885, "row_index": 7, "col_index": 20, "is_mock": 1, "shape_model": "county_boundary_clipped_grid", "month": "2020-08", "monthly_fire_probability_pct": 41.33, "risk_score": 0.5753, "risk_level": "medium", "mock_ndvi": 0.6529, "mock_avgtempF": 82.5, "mock_humid": 43.06, "mock_wind": 5.09, "county_avgtempF": 82.39, "county_humid": 43.77, "county_wind": 4.71, "county_precip": 0.0032, "county_sunHour": 11.28}, "geometry": {"type": "Polygon", "coordinates": [[[-119.58114749206692, 34.68769191124686], [-119.58114749206692, 34.73260746999641], [-119.52662241667025, 34.73260746999641], [-119.52662241667025, 34.68769191124686], [-119.58114749206692, 34.68769191124686]]]}}, {"type": "Feature", "properties": {"grid_id": "06083_5km_0158", "county": "Santa Barbara County", "county_short": "Santa Barbara", "geoid": "06083", "grid_km": 5.0, "center_lat": 34.71015, "center_lon": -119.49936, "row_index": 7, "col_index": 21, "is_mock": 1, "shape_model": "county_boundary_clipped_grid", "month": "2020-08", "monthly_fire_probability_pct": 41.33, "risk_score": 0.5729, "risk_level": "medium", "mock_ndvi": 0.6567, "mock_avgtempF": 82.47, "mock_humid": 43.27, "mock_wind": 4.95, "county_avgtempF": 82.39, "county_humid": 43.77, "county_wind": 4.71, "county_precip": 0.0032, "county_sunHour": 11.28}, "geometry": {"type": "Polygon", "coordinates": [[[-119.52662241667026, 34.68769191124686], [-119.52662241667026, 34.73260746999641], [-119.4720973412736, 34.73260746999641], [-119.4720973412736, 34.68769191124686], [-119.52662241667026, 34.68769191124686]]]}}, {"type": "Feature", "properties": {"grid_id": "06083_5km_0159", "county": "Santa Barbara County", "county_short": "Santa Barbara", "geoid": "06083", "grid_km": 5.0, "center_lat": 34.71015, "center_lon": -119.456883, "row_index": 7, "col_index": 22, "is_mock": 1, "shape_model": "county_boundary_clipped_grid", "month": "2020-08", "monthly_fire_probability_pct": 41.33, "risk_score": 0.5705, "risk_level": "medium", "mock_ndvi": 0.6592, "mock_avgtempF": 82.43, "mock_humid": 43.5, "mock_wind": 4.84, "county_avgtempF": 82.39, "county_humid": 43.77, "county_wind": 4.71, "county_precip": 0.0032, "county_sunHour": 11.28}, "geometry": {"type": "Polygon", "coordinates": [[[-119.4418726810021, 34.68769191124686], [-119.47209734127361, 34.68769191124686], [-119.47209734127361, 34.73260746999641], [-119.44146334479622, 34.73260746999641], [-119.4418726810021, 34.68769191124686]]]}}, {"type": "Feature", "properties": {"grid_id": "06083_5km_0160", "county": "Santa Barbara County", "county_short": "Santa Barbara", "geoid": "06083", "grid_km": 5.0, "center_lat": 34.754576, "center_lon": -120.625883, "row_index": 8, "col_index": 0, "is_mock": 1, "shape_model": "county_boundary_clipped_grid", "month": "2020-08", "monthly_fire_probability_pct": 41.33, "risk_score": 0.5663, "risk_level": "medium", "mock_ndvi": 0.6606, "mock_avgtempF": 82.32, "mock_humid": 43.94, "mock_wind": 4.75, "county_avgtempF": 82.39, "county_humid": 43.77, "county_wind": 4.71, "county_precip": 0.0032, "county_sunHour": 11.28}, "geometry": {"type": "Polygon", "coordinates": [[[-120.626178, 34.738066], [-120.631629, 34.753154], [-120.637654, 34.755998], [-120.6290724555188, 34.77752302874596], [-120.61712392460333, 34.77752302874596], [-120.61712392460333, 34.73375907911797], [-120.626178, 34.738066]]]}}, {"type": "Feature", "properties": {"grid_id": "06083_5km_0161", "county": "Santa Barbara County", "county_short": "Santa Barbara", "geoid": "06083", "grid_km": 5.0, "center_lat": 34.755641, "center_lon": -120.589861, "row_index": 8, "col_index": 1, "is_mock": 1, "shape_model": "county_boundary_clipped_grid", "month": "2020-08", "monthly_fire_probability_pct": 41.33, "risk_score": 0.566, "risk_level": "medium", "mock_ndvi": 0.6603, "mock_avgtempF": 82.3, "mock_humid": 43.96, "mock_wind": 4.76, "county_avgtempF": 82.39, "county_humid": 43.77, "county_wind": 4.71, "county_precip": 0.0032, "county_sunHour": 11.28}, "geometry": {"type": "Polygon", "coordinates": [[[-120.616594, 34.733507], [-120.61712392460335, 34.733759079117974], [-120.61712392460335, 34.77752302874596], [-120.56259884920668, 34.77752302874596], [-120.56259884920668, 34.73260746999641], [-120.61616105687074, 34.73260746999641], [-120.616594, 34.733507]]]}}, {"type": "Feature", "properties": {"grid_id": "06083_5km_0162", "county": "Santa Barbara County", "county_short": "Santa Barbara", "geoid": "06083", "grid_km": 5.0, "center_lat": 34.755065, "center_lon": -120.535336, "row_index": 8, "col_index": 2, "is_mock": 1, "shape_model": "county_boundary_clipped_grid", "month": "2020-08", "monthly_fire_probability_pct": 41.33, "risk_score": 0.5653, "risk_level": "medium", "mock_ndvi": 0.6593, "mock_avgtempF": 82.26, "mock_humid": 44.05, "mock_wind": 4.78, "county_avgtempF": 82.39, "county_humid": 43.77, "county_wind": 4.71, "county_precip": 0.0032, "county_sunHour": 11.28}, "geometry": {"type": "Polygon", "coordinates": [[[-120.5625988492067, 34.73260746999641], [-120.5625988492067, 34.77752302874596], [-120.50807377381003, 34.77752302874596], [-120.50807377381003, 34.73260746999641], [-120.5625988492067, 34.73260746999641]]]}}, {"type": "Feature", "properties": {"grid_id": "06083_5km_0163", "county": "Santa Barbara County", "county_short": "Santa Barbara", "geoid": "06083", "grid_km": 5.0, "center_lat": 34.755065, "center_lon": -120.480811, "row_index": 8, "col_index": 3, "is_mock": 1, "shape_model": "county_boundary_clipped_grid", "month": "2020-08", "monthly_fire_probability_pct": 41.33, "risk_score": 0.5659, "risk_level": "medium", "mock_ndvi": 0.6568, "mock_avgtempF": 82.25, "mock_humid": 44.01, "mock_wind": 4.86, "county_avgtempF": 82.39, "county_humid": 43.77, "county_wind": 4.71, "county_precip": 0.0032, "county_sunHour": 11.28}, "geometry": {"type": "Polygon", "coordinates": [[[-120.50807377381004, 34.73260746999641], [-120.50807377381004, 34.77752302874596], [-120.45354869841337, 34.77752302874596], [-120.45354869841337, 34.73260746999641], [-120.50807377381004, 34.73260746999641]]]}}, {"type": "Feature", "properties": {"grid_id": "06083_5km_0164", "county": "Santa Barbara County", "county_short": "Santa Barbara", "geoid": "06083", "grid_km": 5.0, "center_lat": 34.755065, "center_lon": -120.426286, "row_index": 8, "col_index": 4, "is_mock": 1, "shape_model": "county_boundary_clipped_grid", "month": "2020-08", "monthly_fire_probability_pct": 41.33, "risk_score": 0.5671, "risk_level": "medium", "mock_ndvi": 0.6531, "mock_avgtempF": 82.23, "mock_humid": 43.9, "mock_wind": 4.99, "county_avgtempF": 82.39, "county_humid": 43.77, "county_wind": 4.71, "county_precip": 0.0032, "county_sunHour": 11.28}, "geometry": {"type": "Polygon", "coordinates": [[[-120.45354869841339, 34.73260746999641], [-120.45354869841339, 34.77752302874596], [-120.39902362301672, 34.77752302874596], [-120.39902362301672, 34.73260746999641], [-120.45354869841339, 34.73260746999641]]]}}, {"type": "Feature", "properties": {"grid_id": "06083_5km_0165", "county": "Santa Barbara County", "county_short": "Santa Barbara", "geoid": "06083", "grid_km": 5.0, "center_lat": 34.755065, "center_lon": -120.371761, "row_index": 8, "col_index": 5, "is_mock": 1, "shape_model": "county_boundary_clipped_grid", "month": "2020-08", "monthly_fire_probability_pct": 41.33, "risk_score": 0.5677, "risk_level": "medium", "mock_ndvi": 0.6493, "mock_avgtempF": 82.2, "mock_humid": 43.87, "mock_wind": 5.12, "county_avgtempF": 82.39, "county_humid": 43.77, "county_wind": 4.71, "county_precip": 0.0032, "county_sunHour": 11.28}, "geometry": {"type": "Polygon", "coordinates": [[[-120.39902362301673, 34.73260746999641], [-120.39902362301673, 34.77752302874596], [-120.34449854762006, 34.77752302874596], [-120.34449854762006, 34.73260746999641], [-120.39902362301673, 34.73260746999641]]]}}, {"type": "Feature", "properties": {"grid_id": "06083_5km_0166", "county": "Santa Barbara County", "county_short": "Santa Barbara", "geoid": "06083", "grid_km": 5.0, "center_lat": 34.755065, "center_lon": -120.317236, "row_index": 8, "col_index": 6, "is_mock": 1, "shape_model": "county_boundary_clipped_grid", "month": "2020-08", "monthly_fire_probability_pct": 41.33, "risk_score": 0.5678, "risk_level": "medium", "mock_ndvi": 0.6454, "mock_avgtempF": 82.15, "mock_humid": 43.89, "mock_wind": 5.24, "county_avgtempF": 82.39, "county_humid": 43.77, "county_wind": 4.71, "county_precip": 0.0032, "county_sunHour": 11.28}, "geometry": {"type": "Polygon", "coordinates": [[[-120.34449854762008, 34.73260746999641], [-120.34449854762008, 34.77752302874596], [-120.28997347222341, 34.77752302874596], [-120.28997347222341, 34.73260746999641], [-120.34449854762008, 34.73260746999641]]]}}, {"type": "Feature", "properties": {"grid_id": "06083_5km_0167", "county": "Santa Barbara County", "county_short": "Santa Barbara", "geoid": "06083", "grid_km": 5.0, "center_lat": 34.755065, "center_lon": -120.262711, "row_index": 8, "col_index": 7, "is_mock": 1, "shape_model": "county_boundary_clipped_grid", "month": "2020-08", "monthly_fire_probability_pct": 41.33, "risk_score": 0.5675, "risk_level": "medium", "mock_ndvi": 0.6418, "mock_avgtempF": 82.09, "mock_humid": 43.94, "mock_wind": 5.34, "county_avgtempF": 82.39, "county_humid": 43.77, "county_wind": 4.71, "county_precip": 0.0032, "county_sunHour": 11.28}, "geometry": {"type": "Polygon", "coordinates": [[[-120.28997347222342, 34.73260746999641], [-120.28997347222342, 34.77752302874596], [-120.23544839682675, 34.77752302874596], [-120.23544839682675, 34.73260746999641], [-120.28997347222342, 34.73260746999641]]]}}, {"type": "Feature", "properties": {"grid_id": "06083_5km_0168", "county": "Santa Barbara County", "county_short": "Santa Barbara", "geoid": "06083", "grid_km": 5.0, "center_lat": 34.755065, "center_lon": -120.208186, "row_index": 8, "col_index": 8, "is_mock": 1, "shape_model": "county_boundary_clipped_grid", "month": "2020-08", "monthly_fire_probability_pct": 41.33, "risk_score": 0.567, "risk_level": "medium", "mock_ndvi": 0.6386, "mock_avgtempF": 82.03, "mock_humid": 44.01, "mock_wind": 5.44, "county_avgtempF": 82.39, "county_humid": 43.77, "county_wind": 4.71, "county_precip": 0.0032, "county_sunHour": 11.28}, "geometry": {"type": "Polygon", "coordinates": [[[-120.23544839682677, 34.73260746999641], [-120.23544839682677, 34.77752302874596], [-120.1809233214301, 34.77752302874596], [-120.1809233214301, 34.73260746999641], [-120.23544839682677, 34.73260746999641]]]}}, {"type": "Feature", "properties": {"grid_id": "06083_5km_0169", "county": "Santa Barbara County", "county_short": "Santa Barbara", "geoid": "06083", "grid_km": 5.0, "center_lat": 34.755065, "center_lon": -120.153661, "row_index": 8, "col_index": 9, "is_mock": 1, "shape_model": "county_boundary_clipped_grid", "month": "2020-08", "monthly_fire_probability_pct": 41.33, "risk_score": 0.5665, "risk_level": "medium", "mock_ndvi": 0.636, "mock_avgtempF": 81.97, "mock_humid": 44.09, "mock_wind": 5.51, "county_avgtempF": 82.39, "county_humid": 43.77, "county_wind": 4.71, "county_precip": 0.0032, "county_sunHour": 11.28}, "geometry": {"type": "Polygon", "coordinates": [[[-120.18092332143011, 34.73260746999641], [-120.18092332143011, 34.77752302874596], [-120.12639824603345, 34.77752302874596], [-120.12639824603345, 34.73260746999641], [-120.18092332143011, 34.73260746999641]]]}}, {"type": "Feature", "properties": {"grid_id": "06083_5km_0170", "county": "Santa Barbara County", "county_short": "Santa Barbara", "geoid": "06083", "grid_km": 5.0, "center_lat": 34.755065, "center_lon": -120.099136, "row_index": 8, "col_index": 10, "is_mock": 1, "shape_model": "county_boundary_clipped_grid", "month": "2020-08", "monthly_fire_probability_pct": 41.33, "risk_score": 0.5659, "risk_level": "medium", "mock_ndvi": 0.6342, "mock_avgtempF": 81.93, "mock_humid": 44.16, "mock_wind": 5.56, "county_avgtempF": 82.39, "county_humid": 43.77, "county_wind": 4.71, "county_precip": 0.0032, "county_sunHour": 11.28}, "geometry": {"type": "Polygon", "coordinates": [[[-120.12639824603346, 34.73260746999641], [-120.12639824603346, 34.77752302874596], [-120.07187317063679, 34.77752302874596], [-120.07187317063679, 34.73260746999641], [-120.12639824603346, 34.73260746999641]]]}}, {"type": "Feature", "properties": {"grid_id": "06083_5km_0171", "county": "Santa Barbara County", "county_short": "Santa Barbara", "geoid": "06083", "grid_km": 5.0, "center_lat": 34.755065, "center_lon": -120.044611, "row_index": 8, "col_index": 11, "is_mock": 1, "shape_model": "county_boundary_clipped_grid", "month": "2020-08", "monthly_fire_probability_pct": 41.33, "risk_score": 0.5655, "risk_level": "medium", "mock_ndvi": 0.6332, "mock_avgtempF": 81.9, "mock_humid": 44.21, "mock_wind": 5.59, "county_avgtempF": 82.39, "county_humid": 43.77, "county_wind": 4.71, "county_precip": 0.0032, "county_sunHour": 11.28}, "geometry": {"type": "Polygon", "coordinates": [[[-120.0718731706368, 34.73260746999641], [-120.0718731706368, 34.77752302874596], [-120.01734809524014, 34.77752302874596], [-120.01734809524014, 34.73260746999641], [-120.0718731706368, 34.73260746999641]]]}}, {"type": "Feature", "properties": {"grid_id": "06083_5km_0172", "county": "Santa Barbara County", "county_short": "Santa Barbara", "geoid": "06083", "grid_km": 5.0, "center_lat": 34.755065, "center_lon": -119.990086, "row_index": 8, "col_index": 12, "is_mock": 1, "shape_model": "county_boundary_clipped_grid", "month": "2020-08", "monthly_fire_probability_pct": 41.33, "risk_score": 0.5652, "risk_level": "medium", "mock_ndvi": 0.6332, "mock_avgtempF": 81.89, "mock_humid": 44.24, "mock_wind": 5.59, "county_avgtempF": 82.39, "county_humid": 43.77, "county_wind": 4.71, "county_precip": 0.0032, "county_sunHour": 11.28}, "geometry": {"type": "Polygon", "coordinates": [[[-120.01734809524015, 34.73260746999641], [-120.01734809524015, 34.77752302874596], [-119.96282301984348, 34.77752302874596], [-119.96282301984348, 34.73260746999641], [-120.01734809524015, 34.73260746999641]]]}}, {"type": "Feature", "properties": {"grid_id": "06083_5km_0173", "county": "Santa Barbara County", "county_short": "Santa Barbara", "geoid": "06083", "grid_km": 5.0, "center_lat": 34.755065, "center_lon": -119.93556, "row_index": 8, "col_index": 13, "is_mock": 1, "shape_model": "county_boundary_clipped_grid", "month": "2020-08", "monthly_fire_probability_pct": 41.33, "risk_score": 0.5651, "risk_level": "medium", "mock_ndvi": 0.6341, "mock_avgtempF": 81.9, "mock_humid": 44.24, "mock_wind": 5.56, "county_avgtempF": 82.39, "county_humid": 43.77, "county_wind": 4.71, "county_precip": 0.0032, "county_sunHour": 11.28}, "geometry": {"type": "Polygon", "coordinates": [[[-119.9628230198435, 34.73260746999641], [-119.9628230198435, 34.77752302874596], [-119.90829794444683, 34.77752302874596], [-119.90829794444683, 34.73260746999641], [-119.9628230198435, 34.73260746999641]]]}}, {"type": "Feature", "properties": {"grid_id": "06083_5km_0174", "county": "Santa Barbara County", "county_short": "Santa Barbara", "geoid": "06083", "grid_km": 5.0, "center_lat": 34.755065, "center_lon": -119.881035, "row_index": 8, "col_index": 14, "is_mock": 1, "shape_model": "county_boundary_clipped_grid", "month": "2020-08", "monthly_fire_probability_pct": 41.33, "risk_score": 0.5652, "risk_level": "medium", "mock_ndvi": 0.6359, "mock_avgtempF": 81.93, "mock_humid": 44.22, "mock_wind": 5.5, "county_avgtempF": 82.39, "county_humid": 43.77, "county_wind": 4.71, "county_precip": 0.0032, "county_sunHour": 11.28}, "geometry": {"type": "Polygon", "coordinates": [[[-119.90829794444684, 34.73260746999641], [-119.90829794444684, 34.77752302874596], [-119.85377286905018, 34.77752302874596], [-119.85377286905018, 34.73260746999641], [-119.90829794444684, 34.73260746999641]]]}}, {"type": "Feature", "properties": {"grid_id": "06083_5km_0175", "county": "Santa Barbara County", "county_short": "Santa Barbara", "geoid": "06083", "grid_km": 5.0, "center_lat": 34.755065, "center_lon": -119.82651, "row_index": 8, "col_index": 15, "is_mock": 1, "shape_model": "county_boundary_clipped_grid", "month": "2020-08", "monthly_fire_probability_pct": 41.33, "risk_score": 0.5653, "risk_level": "medium", "mock_ndvi": 0.6385, "mock_avgtempF": 81.97, "mock_humid": 44.2, "mock_wind": 5.42, "county_avgtempF": 82.39, "county_humid": 43.77, "county_wind": 4.71, "county_precip": 0.0032, "county_sunHour": 11.28}, "geometry": {"type": "Polygon", "coordinates": [[[-119.85377286905019, 34.73260746999641], [-119.85377286905019, 34.77752302874596], [-119.79924779365352, 34.77752302874596], [-119.79924779365352, 34.73260746999641], [-119.85377286905019, 34.73260746999641]]]}}, {"type": "Feature", "properties": {"grid_id": "06083_5km_0176", "county": "Santa Barbara County", "county_short": "Santa Barbara", "geoid": "06083", "grid_km": 5.0, "center_lat": 34.755065, "center_lon": -119.771985, "row_index": 8, "col_index": 16, "is_mock": 1, "shape_model": "county_boundary_clipped_grid", "month": "2020-08", "monthly_fire_probability_pct": 41.33, "risk_score": 0.5654, "risk_level": "medium", "mock_ndvi": 0.6418, "mock_avgtempF": 82.02, "mock_humid": 44.16, "mock_wind": 5.32, "county_avgtempF": 82.39, "county_humid": 43.77, "county_wind": 4.71, "county_precip": 0.0032, "county_sunHour": 11.28}, "geometry": {"type": "Polygon", "coordinates": [[[-119.79924779365354, 34.73260746999641], [-119.79924779365354, 34.77752302874596], [-119.74472271825687, 34.77752302874596], [-119.74472271825687, 34.73260746999641], [-119.79924779365354, 34.73260746999641]]]}}, {"type": "Feature", "properties": {"grid_id": "06083_5km_0177", "county": "Santa Barbara County", "county_short": "Santa Barbara", "geoid": "06083", "grid_km": 5.0, "center_lat": 34.755065, "center_lon": -119.71746, "row_index": 8, "col_index": 17, "is_mock": 1, "shape_model": "county_boundary_clipped_grid", "month": "2020-08", "monthly_fire_probability_pct": 41.33, "risk_score": 0.5653, "risk_level": "medium", "mock_ndvi": 0.6455, "mock_avgtempF": 82.07, "mock_humid": 44.15, "mock_wind": 5.2, "county_avgtempF": 82.39, "county_humid": 43.77, "county_wind": 4.71, "county_precip": 0.0032, "county_sunHour": 11.28}, "geometry": {"type": "Polygon", "coordinates": [[[-119.74472271825688, 34.73260746999641], [-119.74472271825688, 34.77752302874596], [-119.69019764286021, 34.77752302874596], [-119.69019764286021, 34.73260746999641], [-119.74472271825688, 34.73260746999641]]]}}, {"type": "Feature", "properties": {"grid_id": "06083_5km_0178", "county": "Santa Barbara County", "county_short": "Santa Barbara", "geoid": "06083", "grid_km": 5.0, "center_lat": 34.755065, "center_lon": -119.662935, "row_index": 8, "col_index": 18, "is_mock": 1, "shape_model": "county_boundary_clipped_grid", "month": "2020-08", "monthly_fire_probability_pct": 41.33, "risk_score": 0.5649, "risk_level": "medium", "mock_ndvi": 0.6495, "mock_avgtempF": 82.11, "mock_humid": 44.16, "mock_wind": 5.08, "county_avgtempF": 82.39, "county_humid": 43.77, "county_wind": 4.71, "county_precip": 0.0032, "county_sunHour": 11.28}, "geometry": {"type": "Polygon", "coordinates": [[[-119.69019764286023, 34.73260746999641], [-119.69019764286023, 34.77752302874596], [-119.63567256746356, 34.77752302874596], [-119.63567256746356, 34.73260746999641], [-119.69019764286023, 34.73260746999641]]]}}, {"type": "Feature", "properties": {"grid_id": "06083_5km_0179", "county": "Santa Barbara County", "county_short": "Santa Barbara", "geoid": "06083", "grid_km": 5.0, "center_lat": 34.755065, "center_lon": -119.60841, "row_index": 8, "col_index": 19, "is_mock": 1, "shape_model": "county_boundary_clipped_grid", "month": "2020-08", "monthly_fire_probability_pct": 41.33, "risk_score": 0.564, "risk_level": "medium", "mock_ndvi": 0.6536, "mock_avgtempF": 82.14, "mock_humid": 44.22, "mock_wind": 4.94, "county_avgtempF": 82.39, "county_humid": 43.77, "county_wind": 4.71, "county_precip": 0.0032, "county_sunHour": 11.28}, "geometry": {"type": "Polygon", "coordinates": [[[-119.63567256746357, 34.73260746999641], [-119.63567256746357, 34.77752302874596], [-119.5811474920669, 34.77752302874596], [-119.5811474920669, 34.73260746999641], [-119.63567256746357, 34.73260746999641]]]}}, {"type": "Feature", "properties": {"grid_id": "06083_5km_0180", "county": "Santa Barbara County", "county_short": "Santa Barbara", "geoid": "06083", "grid_km": 5.0, "center_lat": 34.755065, "center_lon": -119.553885, "row_index": 8, "col_index": 20, "is_mock": 1, "shape_model": "county_boundary_clipped_grid", "month": "2020-08", "monthly_fire_probability_pct": 41.33, "risk_score": 0.5634, "risk_level": "medium", "mock_ndvi": 0.6571, "mock_avgtempF": 82.17, "mock_humid": 44.25, "mock_wind": 4.83, "county_avgtempF": 82.39, "county_humid": 43.77, "county_wind": 4.71, "county_precip": 0.0032, "county_sunHour": 11.28}, "geometry": {"type": "Polygon", "coordinates": [[[-119.58114749206692, 34.73260746999641], [-119.58114749206692, 34.77752302874596], [-119.52662241667025, 34.77752302874596], [-119.52662241667025, 34.73260746999641], [-119.58114749206692, 34.73260746999641]]]}}, {"type": "Feature", "properties": {"grid_id": "06083_5km_0181", "county": "Santa Barbara County", "county_short": "Santa Barbara", "geoid": "06083", "grid_km": 5.0, "center_lat": 34.755065, "center_lon": -119.49936, "row_index": 8, "col_index": 21, "is_mock": 1, "shape_model": "county_boundary_clipped_grid", "month": "2020-08", "monthly_fire_probability_pct": 41.33, "risk_score": 0.5649, "risk_level": "medium", "mock_ndvi": 0.6589, "mock_avgtempF": 82.25, "mock_humid": 44.09, "mock_wind": 4.79, "county_avgtempF": 82.39, "county_humid": 43.77, "county_wind": 4.71, "county_precip": 0.0032, "county_sunHour": 11.28}, "geometry": {"type": "Polygon", "coordinates": [[[-119.52662241667026, 34.73260746999641], [-119.52662241667026, 34.77752302874596], [-119.4720973412736, 34.77752302874596], [-119.4720973412736, 34.73260746999641], [-119.52662241667026, 34.73260746999641]]]}}, {"type": "Feature", "properties": {"grid_id": "06083_5km_0182", "county": "Santa Barbara County", "county_short": "Santa Barbara", "geoid": "06083", "grid_km": 5.0, "center_lat": 34.755201, "center_lon": -119.456957, "row_index": 8, "col_index": 22, "is_mock": 1, "shape_model": "county_boundary_clipped_grid", "month": "2020-08", "monthly_fire_probability_pct": 41.33, "risk_score": 0.5657, "risk_level": "medium", "mock_ndvi": 0.6599, "mock_avgtempF": 82.29, "mock_humid": 44.0, "mock_wind": 4.76, "county_avgtempF": 82.39, "county_humid": 43.77, "county_wind": 4.71, "county_precip": 0.0032, "county_sunHour": 11.28}, "geometry": {"type": "Polygon", "coordinates": [[[-119.442284, 34.765138], [-119.441348, 34.745264], [-119.44146334479622, 34.73260746999641], [-119.47209734127361, 34.73260746999641], [-119.47209734127361, 34.77752302874596], [-119.44229018632805, 34.77752302874596], [-119.442284, 34.765138]]]}}, {"type": "Feature", "properties": {"grid_id": "06083_5km_0183", "county": "Santa Barbara County", "county_short": "Santa Barbara", "geoid": "06083", "grid_km": 5.0, "center_lat": 34.80381, "center_lon": -120.618684, "row_index": 9, "col_index": 0, "is_mock": 1, "shape_model": "county_boundary_clipped_grid", "month": "2020-08", "monthly_fire_probability_pct": 41.33, "risk_score": 0.5662, "risk_level": "medium", "mock_ndvi": 0.6605, "mock_avgtempF": 82.31, "mock_humid": 43.95, "mock_wind": 4.75, "county_avgtempF": 82.39, "county_humid": 43.77, "county_wind": 4.71, "county_precip": 0.0032, "county_sunHour": 11.28}, "geometry": {"type": "Polygon", "coordinates": [[[-120.623365, 34.791839], [-120.61712392460333, 34.815781330159155], [-120.61712392460333, 34.77752302874596], [-120.6290724555188, 34.77752302874596], [-120.623365, 34.791839]]]}}, {"type": "Feature", "properties": {"grid_id": "06083_5km_0184", "county": "Santa Barbara County", "county_short": "Santa Barbara", "geoid": "06083", "grid_km": 5.0, "center_lat": 34.796652, "center_lon": -120.589861, "row_index": 9, "col_index": 1, "is_mock": 1, "shape_model": "county_boundary_clipped_grid", "month": "2020-08", "monthly_fire_probability_pct": 41.33, "risk_score": 0.5659, "risk_level": "medium", "mock_ndvi": 0.6602, "mock_avgtempF": 82.3, "mock_humid": 43.97, "mock_wind": 4.76, "county_avgtempF": 82.39, "county_humid": 43.77, "county_wind": 4.71, "county_precip": 0.0032, "county_sunHour": 11.28}, "geometry": {"type": "Polygon", "coordinates": [[[-120.61538856949399, 34.82243858749551], [-120.56259884920668, 34.82243858749551], [-120.56259884920668, 34.77752302874596], [-120.61712392460335, 34.77752302874596], [-120.61712392460335, 34.815781330159105], [-120.61538856949399, 34.82243858749551]]]}}, {"type": "Feature", "properties": {"grid_id": "06083_5km_0185", "county": "Santa Barbara County", "county_short": "Santa Barbara", "geoid": "06083", "grid_km": 5.0, "center_lat": 34.799981, "center_lon": -120.535336, "row_index": 9, "col_index": 2, "is_mock": 1, "shape_model": "county_boundary_clipped_grid", "month": "2020-08", "monthly_fire_probability_pct": 41.33, "risk_score": 0.5652, "risk_level": "medium", "mock_ndvi": 0.6592, "mock_avgtempF": 82.26, "mock_humid": 44.06, "mock_wind": 4.78, "county_avgtempF": 82.39, "county_humid": 43.77, "county_wind": 4.71, "county_precip": 0.0032, "county_sunHour": 11.28}, "geometry": {"type": "Polygon", "coordinates": [[[-120.5625988492067, 34.77752302874596], [-120.5625988492067, 34.82243858749551], [-120.50807377381003, 34.82243858749551], [-120.50807377381003, 34.77752302874596], [-120.5625988492067, 34.77752302874596]]]}}, {"type": "Feature", "properties": {"grid_id": "06083_5km_0186", "county": "Santa Barbara County", "county_short": "Santa Barbara", "geoid": "06083", "grid_km": 5.0, "center_lat": 34.799981, "center_lon": -120.480811, "row_index": 9, "col_index": 3, "is_mock": 1, "shape_model": "county_boundary_clipped_grid", "month": "2020-08", "monthly_fire_probability_pct": 41.33, "risk_score": 0.5639, "risk_level": "medium", "mock_ndvi": 0.6576, "mock_avgtempF": 82.19, "mock_humid": 44.21, "mock_wind": 4.82, "county_avgtempF": 82.39, "county_humid": 43.77, "county_wind": 4.71, "county_precip": 0.0032, "county_sunHour": 11.28}, "geometry": {"type": "Polygon", "coordinates": [[[-120.50807377381004, 34.77752302874596], [-120.50807377381004, 34.82243858749551], [-120.45354869841337, 34.82243858749551], [-120.45354869841337, 34.77752302874596], [-120.50807377381004, 34.77752302874596]]]}}, {"type": "Feature", "properties": {"grid_id": "06083_5km_0187", "county": "Santa Barbara County", "county_short": "Santa Barbara", "geoid": "06083", "grid_km": 5.0, "center_lat": 34.799981, "center_lon": -120.426286, "row_index": 9, "col_index": 4, "is_mock": 1, "shape_model": "county_boundary_clipped_grid", "month": "2020-08", "monthly_fire_probability_pct": 41.33, "risk_score": 0.5621, "risk_level": "medium", "mock_ndvi": 0.6554, "mock_avgtempF": 82.11, "mock_humid": 44.4, "mock_wind": 4.86, "county_avgtempF": 82.39, "county_humid": 43.77, "county_wind": 4.71, "county_precip": 0.0032, "county_sunHour": 11.28}, "geometry": {"type": "Polygon", "coordinates": [[[-120.45354869841339, 34.77752302874596], [-120.45354869841339, 34.82243858749551], [-120.39902362301672, 34.82243858749551], [-120.39902362301672, 34.77752302874596], [-120.45354869841339, 34.77752302874596]]]}}, {"type": "Feature", "properties": {"grid_id": "06083_5km_0188", "county": "Santa Barbara County", "county_short": "Santa Barbara", "geoid": "06083", "grid_km": 5.0, "center_lat": 34.799981, "center_lon": -120.371761, "row_index": 9, "col_index": 5, "is_mock": 1, "shape_model": "county_boundary_clipped_grid", "month": "2020-08", "monthly_fire_probability_pct": 41.33, "risk_score": 0.5601, "risk_level": "medium", "mock_ndvi": 0.6529, "mock_avgtempF": 82.01, "mock_humid": 44.63, "mock_wind": 4.92, "county_avgtempF": 82.39, "county_humid": 43.77, "county_wind": 4.71, "county_precip": 0.0032, "county_sunHour": 11.28}, "geometry": {"type": "Polygon", "coordinates": [[[-120.39902362301673, 34.77752302874596], [-120.39902362301673, 34.82243858749551], [-120.34449854762006, 34.82243858749551], [-120.34449854762006, 34.77752302874596], [-120.39902362301673, 34.77752302874596]]]}}, {"type": "Feature", "properties": {"grid_id": "06083_5km_0189", "county": "Santa Barbara County", "county_short": "Santa Barbara", "geoid": "06083", "grid_km": 5.0, "center_lat": 34.799981, "center_lon": -120.317236, "row_index": 9, "col_index": 6, "is_mock": 1, "shape_model": "county_boundary_clipped_grid", "month": "2020-08", "monthly_fire_probability_pct": 41.33, "risk_score": 0.5579, "risk_level": "medium", "mock_ndvi": 0.6502, "mock_avgtempF": 81.9, "mock_humid": 44.87, "mock_wind": 4.98, "county_avgtempF": 82.39, "county_humid": 43.77, "county_wind": 4.71, "county_precip": 0.0032, "county_sunHour": 11.28}, "geometry": {"type": "Polygon", "coordinates": [[[-120.34449854762008, 34.77752302874596], [-120.34449854762008, 34.82243858749551], [-120.28997347222341, 34.82243858749551], [-120.28997347222341, 34.77752302874596], [-120.34449854762008, 34.77752302874596]]]}}, {"type": "Feature", "properties": {"grid_id": "06083_5km_0190", "county": "Santa Barbara County", "county_short": "Santa Barbara", "geoid": "06083", "grid_km": 5.0, "center_lat": 34.799981, "center_lon": -120.262711, "row_index": 9, "col_index": 7, "is_mock": 1, "shape_model": "county_boundary_clipped_grid", "month": "2020-08", "monthly_fire_probability_pct": 41.33, "risk_score": 0.5558, "risk_level": "medium", "mock_ndvi": 0.6475, "mock_avgtempF": 81.79, "mock_humid": 45.11, "mock_wind": 5.04, "county_avgtempF": 82.39, "county_humid": 43.77, "county_wind": 4.71, "county_precip": 0.0032, "county_sunHour": 11.28}, "geometry": {"type": "Polygon", "coordinates": [[[-120.28997347222342, 34.77752302874596], [-120.28997347222342, 34.82243858749551], [-120.23544839682675, 34.82243858749551], [-120.23544839682675, 34.77752302874596], [-120.28997347222342, 34.77752302874596]]]}}, {"type": "Feature", "properties": {"grid_id": "06083_5km_0191", "county": "Santa Barbara County", "county_short": "Santa Barbara", "geoid": "06083", "grid_km": 5.0, "center_lat": 34.799981, "center_lon": -120.208186, "row_index": 9, "col_index": 8, "is_mock": 1, "shape_model": "county_boundary_clipped_grid", "month": "2020-08", "monthly_fire_probability_pct": 41.33, "risk_score": 0.5538, "risk_level": "medium", "mock_ndvi": 0.6451, "mock_avgtempF": 81.69, "mock_humid": 45.33, "mock_wind": 5.09, "county_avgtempF": 82.39, "county_humid": 43.77, "county_wind": 4.71, "county_precip": 0.0032, "county_sunHour": 11.28}, "geometry": {"type": "Polygon", "coordinates": [[[-120.23544839682677, 34.77752302874596], [-120.23544839682677, 34.82243858749551], [-120.1809233214301, 34.82243858749551], [-120.1809233214301, 34.77752302874596], [-120.23544839682677, 34.77752302874596]]]}}, {"type": "Feature", "properties": {"grid_id": "06083_5km_0192", "county": "Santa Barbara County", "county_short": "Santa Barbara", "geoid": "06083", "grid_km": 5.0, "center_lat": 34.799981, "center_lon": -120.153661, "row_index": 9, "col_index": 9, "is_mock": 1, "shape_model": "county_boundary_clipped_grid", "month": "2020-08", "monthly_fire_probability_pct": 41.33, "risk_score": 0.5522, "risk_level": "medium", "mock_ndvi": 0.643, "mock_avgtempF": 81.61, "mock_humid": 45.52, "mock_wind": 5.14, "county_avgtempF": 82.39, "county_humid": 43.77, "county_wind": 4.71, "county_precip": 0.0032, "county_sunHour": 11.28}, "geometry": {"type": "Polygon", "coordinates": [[[-120.18092332143011, 34.77752302874596], [-120.18092332143011, 34.82243858749551], [-120.12639824603345, 34.82243858749551], [-120.12639824603345, 34.77752302874596], [-120.18092332143011, 34.77752302874596]]]}}, {"type": "Feature", "properties": {"grid_id": "06083_5km_0193", "county": "Santa Barbara County", "county_short": "Santa Barbara", "geoid": "06083", "grid_km": 5.0, "center_lat": 34.799981, "center_lon": -120.099136, "row_index": 9, "col_index": 10, "is_mock": 1, "shape_model": "county_boundary_clipped_grid", "month": "2020-08", "monthly_fire_probability_pct": 41.33, "risk_score": 0.5513, "risk_level": "medium", "mock_ndvi": 0.6413, "mock_avgtempF": 81.56, "mock_humid": 45.62, "mock_wind": 5.18, "county_avgtempF": 82.39, "county_humid": 43.77, "county_wind": 4.71, "county_precip": 0.0032, "county_sunHour": 11.28}, "geometry": {"type": "Polygon", "coordinates": [[[-120.12639824603346, 34.77752302874596], [-120.12639824603346, 34.82243858749551], [-120.07187317063679, 34.82243858749551], [-120.07187317063679, 34.77752302874596], [-120.12639824603346, 34.77752302874596]]]}}, {"type": "Feature", "properties": {"grid_id": "06083_5km_0194", "county": "Santa Barbara County", "county_short": "Santa Barbara", "geoid": "06083", "grid_km": 5.0, "center_lat": 34.799981, "center_lon": -120.044611, "row_index": 9, "col_index": 11, "is_mock": 1, "shape_model": "county_boundary_clipped_grid", "month": "2020-08", "monthly_fire_probability_pct": 41.33, "risk_score": 0.5509, "risk_level": "medium", "mock_ndvi": 0.6404, "mock_avgtempF": 81.53, "mock_humid": 45.68, "mock_wind": 5.2, "county_avgtempF": 82.39, "county_humid": 43.77, "county_wind": 4.71, "county_precip": 0.0032, "county_sunHour": 11.28}, "geometry": {"type": "Polygon", "coordinates": [[[-120.0718731706368, 34.77752302874596], [-120.0718731706368, 34.82243858749551], [-120.01734809524014, 34.82243858749551], [-120.01734809524014, 34.77752302874596], [-120.0718731706368, 34.77752302874596]]]}}, {"type": "Feature", "properties": {"grid_id": "06083_5km_0195", "county": "Santa Barbara County", "county_short": "Santa Barbara", "geoid": "06083", "grid_km": 5.0, "center_lat": 34.799981, "center_lon": -119.990086, "row_index": 9, "col_index": 12, "is_mock": 1, "shape_model": "county_boundary_clipped_grid", "month": "2020-08", "monthly_fire_probability_pct": 41.33, "risk_score": 0.5506, "risk_level": "medium", "mock_ndvi": 0.6403, "mock_avgtempF": 81.52, "mock_humid": 45.7, "mock_wind": 5.2, "county_avgtempF": 82.39, "county_humid": 43.77, "county_wind": 4.71, "county_precip": 0.0032, "county_sunHour": 11.28}, "geometry": {"type": "Polygon", "coordinates": [[[-120.01734809524015, 34.77752302874596], [-120.01734809524015, 34.82243858749551], [-119.96282301984348, 34.82243858749551], [-119.96282301984348, 34.77752302874596], [-120.01734809524015, 34.77752302874596]]]}}, {"type": "Feature", "properties": {"grid_id": "06083_5km_0196", "county": "Santa Barbara County", "county_short": "Santa Barbara", "geoid": "06083", "grid_km": 5.0, "center_lat": 34.799981, "center_lon": -119.93556, "row_index": 9, "col_index": 13, "is_mock": 1, "shape_model": "county_boundary_clipped_grid", "month": "2020-08", "monthly_fire_probability_pct": 41.33, "risk_score": 0.5507, "risk_level": "medium", "mock_ndvi": 0.6412, "mock_avgtempF": 81.54, "mock_humid": 45.69, "mock_wind": 5.18, "county_avgtempF": 82.39, "county_humid": 43.77, "county_wind": 4.71, "county_precip": 0.0032, "county_sunHour": 11.28}, "geometry": {"type": "Polygon", "coordinates": [[[-119.9628230198435, 34.77752302874596], [-119.9628230198435, 34.82243858749551], [-119.90829794444683, 34.82243858749551], [-119.90829794444683, 34.77752302874596], [-119.9628230198435, 34.77752302874596]]]}}, {"type": "Feature", "properties": {"grid_id": "06083_5km_0197", "county": "Santa Barbara County", "county_short": "Santa Barbara", "geoid": "06083", "grid_km": 5.0, "center_lat": 34.799981, "center_lon": -119.881035, "row_index": 9, "col_index": 14, "is_mock": 1, "shape_model": "county_boundary_clipped_grid", "month": "2020-08", "monthly_fire_probability_pct": 41.33, "risk_score": 0.5518, "risk_level": "medium", "mock_ndvi": 0.6425, "mock_avgtempF": 81.59, "mock_humid": 45.57, "mock_wind": 5.15, "county_avgtempF": 82.39, "county_humid": 43.77, "county_wind": 4.71, "county_precip": 0.0032, "county_sunHour": 11.28}, "geometry": {"type": "Polygon", "coordinates": [[[-119.90829794444684, 34.77752302874596], [-119.90829794444684, 34.82243858749551], [-119.85377286905018, 34.82243858749551], [-119.85377286905018, 34.77752302874596], [-119.90829794444684, 34.77752302874596]]]}}, {"type": "Feature", "properties": {"grid_id": "06083_5km_0198", "county": "Santa Barbara County", "county_short": "Santa Barbara", "geoid": "06083", "grid_km": 5.0, "center_lat": 34.799981, "center_lon": -119.82651, "row_index": 9, "col_index": 15, "is_mock": 1, "shape_model": "county_boundary_clipped_grid", "month": "2020-08", "monthly_fire_probability_pct": 41.33, "risk_score": 0.5533, "risk_level": "medium", "mock_ndvi": 0.6444, "mock_avgtempF": 81.67, "mock_humid": 45.4, "mock_wind": 5.11, "county_avgtempF": 82.39, "county_humid": 43.77, "county_wind": 4.71, "county_precip": 0.0032, "county_sunHour": 11.28}, "geometry": {"type": "Polygon", "coordinates": [[[-119.85377286905019, 34.77752302874596], [-119.85377286905019, 34.82243858749551], [-119.79924779365352, 34.82243858749551], [-119.79924779365352, 34.77752302874596], [-119.85377286905019, 34.77752302874596]]]}}, {"type": "Feature", "properties": {"grid_id": "06083_5km_0199", "county": "Santa Barbara County", "county_short": "Santa Barbara", "geoid": "06083", "grid_km": 5.0, "center_lat": 34.799981, "center_lon": -119.771985, "row_index": 9, "col_index": 16, "is_mock": 1, "shape_model": "county_boundary_clipped_grid", "month": "2020-08", "monthly_fire_probability_pct": 41.33, "risk_score": 0.5552, "risk_level": "medium", "mock_ndvi": 0.6467, "mock_avgtempF": 81.76, "mock_humid": 45.18, "mock_wind": 5.05, "county_avgtempF": 82.39, "county_humid": 43.77, "county_wind": 4.71, "county_precip": 0.0032, "county_sunHour": 11.28}, "geometry": {"type": "Polygon", "coordinates": [[[-119.79924779365354, 34.77752302874596], [-119.79924779365354, 34.82243858749551], [-119.74472271825687, 34.82243858749551], [-119.74472271825687, 34.77752302874596], [-119.79924779365354, 34.77752302874596]]]}}, {"type": "Feature", "properties": {"grid_id": "06083_5km_0200", "county": "Santa Barbara County", "county_short": "Santa Barbara", "geoid": "06083", "grid_km": 5.0, "center_lat": 34.799981, "center_lon": -119.71746, "row_index": 9, "col_index": 17, "is_mock": 1, "shape_model": "county_boundary_clipped_grid", "month": "2020-08", "monthly_fire_probability_pct": 41.33, "risk_score": 0.5573, "risk_level": "medium", "mock_ndvi": 0.6494, "mock_avgtempF": 81.87, "mock_humid": 44.95, "mock_wind": 5.0, "county_avgtempF": 82.39, "county_humid": 43.77, "county_wind": 4.71, "county_precip": 0.0032, "county_sunHour": 11.28}, "geometry": {"type": "Polygon", "coordinates": [[[-119.74472271825688, 34.77752302874596], [-119.74472271825688, 34.82243858749551], [-119.69019764286021, 34.82243858749551], [-119.69019764286021, 34.77752302874596], [-119.74472271825688, 34.77752302874596]]]}}, {"type": "Feature", "properties": {"grid_id": "06083_5km_0201", "county": "Santa Barbara County", "county_short": "Santa Barbara", "geoid": "06083", "grid_km": 5.0, "center_lat": 34.799981, "center_lon": -119.662935, "row_index": 9, "col_index": 18, "is_mock": 1, "shape_model": "county_boundary_clipped_grid", "month": "2020-08", "monthly_fire_probability_pct": 41.33, "risk_score": 0.5594, "risk_level": "medium", "mock_ndvi": 0.6521, "mock_avgtempF": 81.97, "mock_humid": 44.7, "mock_wind": 4.94, "county_avgtempF": 82.39, "county_humid": 43.77, "county_wind": 4.71, "county_precip": 0.0032, "county_sunHour": 11.28}, "geometry": {"type": "Polygon", "coordinates": [[[-119.69019764286023, 34.77752302874596], [-119.69019764286023, 34.82243858749551], [-119.63567256746356, 34.82243858749551], [-119.63567256746356, 34.77752302874596], [-119.69019764286023, 34.77752302874596]]]}}, {"type": "Feature", "properties": {"grid_id": "06083_5km_0202", "county": "Santa Barbara County", "county_short": "Santa Barbara", "geoid": "06083", "grid_km": 5.0, "center_lat": 34.799981, "center_lon": -119.60841, "row_index": 9, "col_index": 19, "is_mock": 1, "shape_model": "county_boundary_clipped_grid", "month": "2020-08", "monthly_fire_probability_pct": 41.33, "risk_score": 0.5615, "risk_level": "medium", "mock_ndvi": 0.6547, "mock_avgtempF": 82.08, "mock_humid": 44.47, "mock_wind": 4.88, "county_avgtempF": 82.39, "county_humid": 43.77, "county_wind": 4.71, "county_precip": 0.0032, "county_sunHour": 11.28}, "geometry": {"type": "Polygon", "coordinates": [[[-119.63567256746357, 34.77752302874596], [-119.63567256746357, 34.82243858749551], [-119.5811474920669, 34.82243858749551], [-119.5811474920669, 34.77752302874596], [-119.63567256746357, 34.77752302874596]]]}}, {"type": "Feature", "properties": {"grid_id": "06083_5km_0203", "county": "Santa Barbara County", "county_short": "Santa Barbara", "geoid": "06083", "grid_km": 5.0, "center_lat": 34.799981, "center_lon": -119.553885, "row_index": 9, "col_index": 20, "is_mock": 1, "shape_model": "county_boundary_clipped_grid", "month": "2020-08", "monthly_fire_probability_pct": 41.33, "risk_score": 0.5634, "risk_level": "medium", "mock_ndvi": 0.657, "mock_avgtempF": 82.17, "mock_humid": 44.26, "mock_wind": 4.83, "county_avgtempF": 82.39, "county_humid": 43.77, "county_wind": 4.71, "county_precip": 0.0032, "county_sunHour": 11.28}, "geometry": {"type": "Polygon", "coordinates": [[[-119.58114749206692, 34.77752302874596], [-119.58114749206692, 34.82243858749551], [-119.52662241667025, 34.82243858749551], [-119.52662241667025, 34.77752302874596], [-119.58114749206692, 34.77752302874596]]]}}, {"type": "Feature", "properties": {"grid_id": "06083_5km_0204", "county": "Santa Barbara County", "county_short": "Santa Barbara", "geoid": "06083", "grid_km": 5.0, "center_lat": 34.799981, "center_lon": -119.49936, "row_index": 9, "col_index": 21, "is_mock": 1, "shape_model": "county_boundary_clipped_grid", "month": "2020-08", "monthly_fire_probability_pct": 41.33, "risk_score": 0.5648, "risk_level": "medium", "mock_ndvi": 0.6588, "mock_avgtempF": 82.24, "mock_humid": 44.1, "mock_wind": 4.79, "county_avgtempF": 82.39, "county_humid": 43.77, "county_wind": 4.71, "county_precip": 0.0032, "county_sunHour": 11.28}, "geometry": {"type": "Polygon", "coordinates": [[[-119.52662241667026, 34.77752302874596], [-119.52662241667026, 34.82243858749551], [-119.4720973412736, 34.82243858749551], [-119.4720973412736, 34.77752302874596], [-119.52662241667026, 34.77752302874596]]]}}, {"type": "Feature", "properties": {"grid_id": "06083_5km_0205", "county": "Santa Barbara County", "county_short": "Santa Barbara", "geoid": "06083", "grid_km": 5.0, "center_lat": 34.799981, "center_lon": -119.457199, "row_index": 9, "col_index": 22, "is_mock": 1, "shape_model": "county_boundary_clipped_grid", "month": "2020-08", "monthly_fire_probability_pct": 41.33, "risk_score": 0.5656, "risk_level": "medium", "mock_ndvi": 0.6598, "mock_avgtempF": 82.28, "mock_humid": 44.01, "mock_wind": 4.77, "county_avgtempF": 82.39, "county_humid": 43.77, "county_wind": 4.71, "county_precip": 0.0032, "county_sunHour": 11.28}, "geometry": {"type": "Polygon", "coordinates": [[[-119.44229018632805, 34.77752302874596], [-119.47209734127361, 34.77752302874596], [-119.47209734127361, 34.82243858749551], [-119.44231262167207, 34.82243858749551], [-119.44229018632805, 34.77752302874596]]]}}, {"type": "Feature", "properties": {"grid_id": "06083_5km_0206", "county": "Santa Barbara County", "county_short": "Santa Barbara", "geoid": "06083", "grid_km": 5.0, "center_lat": 34.866664, "center_lon": -120.617518, "row_index": 10, "col_index": 0, "is_mock": 1, "shape_model": "county_boundary_clipped_grid", "month": "2020-08", "monthly_fire_probability_pct": 41.33, "risk_score": 0.5677, "risk_level": "medium", "mock_ndvi": 0.6624, "mock_avgtempF": 82.39, "mock_humid": 43.77, "mock_wind": 4.71, "county_avgtempF": 82.39, "county_humid": 43.77, "county_wind": 4.71, "county_precip": 0.0032, "county_sunHour": 11.28}, "geometry": {"type": "Polygon", "coordinates": [[[-120.61870089031777, 34.86735414624506], [-120.61712392460333, 34.86735414624506], [-120.61712392460333, 34.86597317727984], [-120.61870089031777, 34.86735414624506]]]}}, {"type": "Feature", "properties": {"grid_id": "06083_5km_0207", "county": "Santa Barbara County", "county_short": "Santa Barbara", "geoid": "06083", "grid_km": 5.0, "center_lat": 34.852248, "center_lon": -120.586767, "row_index": 10, "col_index": 1, "is_mock": 1, "shape_model": "county_boundary_clipped_grid", "month": "2020-08", "monthly_fire_probability_pct": 41.33, "risk_score": 0.567, "risk_level": "medium", "mock_ndvi": 0.6615, "mock_avgtempF": 82.35, "mock_humid": 43.85, "mock_wind": 4.73, "county_avgtempF": 82.39, "county_humid": 43.77, "county_wind": 4.71, "county_precip": 0.0032, "county_sunHour": 11.28}, "geometry": {"type": "Polygon", "coordinates": [[[-120.609997, 34.843122], [-120.611872, 34.861374], [-120.61712392460335, 34.865973177279855], [-120.61712392460335, 34.86735414624506], [-120.56259884920668, 34.86735414624506], [-120.56259884920668, 34.82243858749551], [-120.61538856949399, 34.82243858749551], [-120.609997, 34.843122]]]}}, {"type": "Feature", "properties": {"grid_id": "06083_5km_0208", "county": "Santa Barbara County", "county_short": "Santa Barbara", "geoid": "06083", "grid_km": 5.0, "center_lat": 34.844896, "center_lon": -120.535336, "row_index": 10, "col_index": 2, "is_mock": 1, "shape_model": "county_boundary_clipped_grid", "month": "2020-08", "monthly_fire_probability_pct": 41.33, "risk_score": 0.566, "risk_level": "medium", "mock_ndvi": 0.6603, "mock_avgtempF": 82.3, "mock_humid": 43.97, "mock_wind": 4.76, "county_avgtempF": 82.39, "county_humid": 43.77, "county_wind": 4.71, "county_precip": 0.0032, "county_sunHour": 11.28}, "geometry": {"type": "Polygon", "coordinates": [[[-120.5625988492067, 34.82243858749551], [-120.5625988492067, 34.86735414624506], [-120.50807377381003, 34.86735414624506], [-120.50807377381003, 34.82243858749551], [-120.5625988492067, 34.82243858749551]]]}}, {"type": "Feature", "properties": {"grid_id": "06083_5km_0209", "county": "Santa Barbara County", "county_short": "Santa Barbara", "geoid": "06083", "grid_km": 5.0, "center_lat": 34.844896, "center_lon": -120.480811, "row_index": 10, "col_index": 3, "is_mock": 1, "shape_model": "county_boundary_clipped_grid", "month": "2020-08", "monthly_fire_probability_pct": 41.33, "risk_score": 0.5647, "risk_level": "medium", "mock_ndvi": 0.6586, "mock_avgtempF": 82.24, "mock_humid": 44.11, "mock_wind": 4.79, "county_avgtempF": 82.39, "county_humid": 43.77, "county_wind": 4.71, "county_precip": 0.0032, "county_sunHour": 11.28}, "geometry": {"type": "Polygon", "coordinates": [[[-120.50807377381004, 34.82243858749551], [-120.50807377381004, 34.86735414624506], [-120.45354869841337, 34.86735414624506], [-120.45354869841337, 34.82243858749551], [-120.50807377381004, 34.82243858749551]]]}}, {"type": "Feature", "properties": {"grid_id": "06083_5km_0210", "county": "Santa Barbara County", "county_short": "Santa Barbara", "geoid": "06083", "grid_km": 5.0, "center_lat": 34.844896, "center_lon": -120.426286, "row_index": 10, "col_index": 4, "is_mock": 1, "shape_model": "county_boundary_clipped_grid", "month": "2020-08", "monthly_fire_probability_pct": 41.33, "risk_score": 0.563, "risk_level": "medium", "mock_ndvi": 0.6565, "mock_avgtempF": 82.15, "mock_humid": 44.31, "mock_wind": 4.84, "county_avgtempF": 82.39, "county_humid": 43.77, "county_wind": 4.71, "county_precip": 0.0032, "county_sunHour": 11.28}, "geometry": {"type": "Polygon", "coordinates": [[[-120.45354869841339, 34.82243858749551], [-120.45354869841339, 34.86735414624506], [-120.39902362301672, 34.86735414624506], [-120.39902362301672, 34.82243858749551], [-120.45354869841339, 34.82243858749551]]]}}, {"type": "Feature", "properties": {"grid_id": "06083_5km_0211", "county": "Santa Barbara County", "county_short": "Santa Barbara", "geoid": "06083", "grid_km": 5.0, "center_lat": 34.844896, "center_lon": -120.371761, "row_index": 10, "col_index": 5, "is_mock": 1, "shape_model": "county_boundary_clipped_grid", "month": "2020-08", "monthly_fire_probability_pct": 41.33, "risk_score": 0.5609, "risk_level": "medium", "mock_ndvi": 0.654, "mock_avgtempF": 82.05, "mock_humid": 44.53, "mock_wind": 4.9, "county_avgtempF": 82.39, "county_humid": 43.77, "county_wind": 4.71, "county_precip": 0.0032, "county_sunHour": 11.28}, "geometry": {"type": "Polygon", "coordinates": [[[-120.39902362301673, 34.82243858749551], [-120.39902362301673, 34.86735414624506], [-120.34449854762006, 34.86735414624506], [-120.34449854762006, 34.82243858749551], [-120.39902362301673, 34.82243858749551]]]}}, {"type": "Feature", "properties": {"grid_id": "06083_5km_0212", "county": "Santa Barbara County", "county_short": "Santa Barbara", "geoid": "06083", "grid_km": 5.0, "center_lat": 34.844896, "center_lon": -120.317236, "row_index": 10, "col_index": 6, "is_mock": 1, "shape_model": "county_boundary_clipped_grid", "month": "2020-08", "monthly_fire_probability_pct": 41.33, "risk_score": 0.5588, "risk_level": "medium", "mock_ndvi": 0.6513, "mock_avgtempF": 81.94, "mock_humid": 44.78, "mock_wind": 4.95, "county_avgtempF": 82.39, "county_humid": 43.77, "county_wind": 4.71, "county_precip": 0.0032, "county_sunHour": 11.28}, "geometry": {"type": "Polygon", "coordinates": [[[-120.34449854762008, 34.82243858749551], [-120.34449854762008, 34.86735414624506], [-120.28997347222341, 34.86735414624506], [-120.28997347222341, 34.82243858749551], [-120.34449854762008, 34.82243858749551]]]}}, {"type": "Feature", "properties": {"grid_id": "06083_5km_0213", "county": "Santa Barbara County", "county_short": "Santa Barbara", "geoid": "06083", "grid_km": 5.0, "center_lat": 34.844896, "center_lon": -120.262711, "row_index": 10, "col_index": 7, "is_mock": 1, "shape_model": "county_boundary_clipped_grid", "month": "2020-08", "monthly_fire_probability_pct": 41.33, "risk_score": 0.5566, "risk_level": "medium", "mock_ndvi": 0.6486, "mock_avgtempF": 81.83, "mock_humid": 45.02, "mock_wind": 5.01, "county_avgtempF": 82.39, "county_humid": 43.77, "county_wind": 4.71, "county_precip": 0.0032, "county_sunHour": 11.28}, "geometry": {"type": "Polygon", "coordinates": [[[-120.28997347222342, 34.82243858749551], [-120.28997347222342, 34.86735414624506], [-120.23544839682675, 34.86735414624506], [-120.23544839682675, 34.82243858749551], [-120.28997347222342, 34.82243858749551]]]}}, {"type": "Feature", "properties": {"grid_id": "06083_5km_0214", "county": "Santa Barbara County", "county_short": "Santa Barbara", "geoid": "06083", "grid_km": 5.0, "center_lat": 34.844896, "center_lon": -120.208186, "row_index": 10, "col_index": 8, "is_mock": 1, "shape_model": "county_boundary_clipped_grid", "month": "2020-08", "monthly_fire_probability_pct": 41.33, "risk_score": 0.5547, "risk_level": "medium", "mock_ndvi": 0.6461, "mock_avgtempF": 81.74, "mock_humid": 45.24, "mock_wind": 5.07, "county_avgtempF": 82.39, "county_humid": 43.77, "county_wind": 4.71, "county_precip": 0.0032, "county_sunHour": 11.28}, "geometry": {"type": "Polygon", "coordinates": [[[-120.23544839682677, 34.82243858749551], [-120.23544839682677, 34.86735414624506], [-120.1809233214301, 34.86735414624506], [-120.1809233214301, 34.82243858749551], [-120.23544839682677, 34.82243858749551]]]}}, {"type": "Feature", "properties": {"grid_id": "06083_5km_0215", "county": "Santa Barbara County", "county_short": "Santa Barbara", "geoid": "06083", "grid_km": 5.0, "center_lat": 34.844896, "center_lon": -120.153661, "row_index": 10, "col_index": 9, "is_mock": 1, "shape_model": "county_boundary_clipped_grid", "month": "2020-08", "monthly_fire_probability_pct": 41.33, "risk_score": 0.553, "risk_level": "medium", "mock_ndvi": 0.6441, "mock_avgtempF": 81.65, "mock_humid": 45.43, "mock_wind": 5.11, "county_avgtempF": 82.39, "county_humid": 43.77, "county_wind": 4.71, "county_precip": 0.0032, "county_sunHour": 11.28}, "geometry": {"type": "Polygon", "coordinates": [[[-120.18092332143011, 34.82243858749551], [-120.18092332143011, 34.86735414624506], [-120.12639824603345, 34.86735414624506], [-120.12639824603345, 34.82243858749551], [-120.18092332143011, 34.82243858749551]]]}}, {"type": "Feature", "properties": {"grid_id": "06083_5km_0216", "county": "Santa Barbara County", "county_short": "Santa Barbara", "geoid": "06083", "grid_km": 5.0, "center_lat": 34.844896, "center_lon": -120.099136, "row_index": 10, "col_index": 10, "is_mock": 1, "shape_model": "county_boundary_clipped_grid", "month": "2020-08", "monthly_fire_probability_pct": 41.33, "risk_score": 0.5518, "risk_level": "medium", "mock_ndvi": 0.6425, "mock_avgtempF": 81.59, "mock_humid": 45.56, "mock_wind": 5.15, "county_avgtempF": 82.39, "county_humid": 43.77, "county_wind": 4.71, "county_precip": 0.0032, "county_sunHour": 11.28}, "geometry": {"type": "Polygon", "coordinates": [[[-120.12639824603346, 34.82243858749551], [-120.12639824603346, 34.86735414624506], [-120.07187317063679, 34.86735414624506], [-120.07187317063679, 34.82243858749551], [-120.12639824603346, 34.82243858749551]]]}}, {"type": "Feature", "properties": {"grid_id": "06083_5km_0217", "county": "Santa Barbara County", "county_short": "Santa Barbara", "geoid": "06083", "grid_km": 5.0, "center_lat": 34.844896, "center_lon": -120.044611, "row_index": 10, "col_index": 11, "is_mock": 1, "shape_model": "county_boundary_clipped_grid", "month": "2020-08", "monthly_fire_probability_pct": 41.33, "risk_score": 0.5511, "risk_level": "medium", "mock_ndvi": 0.6417, "mock_avgtempF": 81.56, "mock_humid": 45.64, "mock_wind": 5.16, "county_avgtempF": 82.39, "county_humid": 43.77, "county_wind": 4.71, "county_precip": 0.0032, "county_sunHour": 11.28}, "geometry": {"type": "Polygon", "coordinates": [[[-120.0718731706368, 34.82243858749551], [-120.0718731706368, 34.86735414624506], [-120.01734809524014, 34.86735414624506], [-120.01734809524014, 34.82243858749551], [-120.0718731706368, 34.82243858749551]]]}}, {"type": "Feature", "properties": {"grid_id": "06083_5km_0218", "county": "Santa Barbara County", "county_short": "Santa Barbara", "geoid": "06083", "grid_km": 5.0, "center_lat": 34.844896, "center_lon": -119.990086, "row_index": 10, "col_index": 12, "is_mock": 1, "shape_model": "county_boundary_clipped_grid", "month": "2020-08", "monthly_fire_probability_pct": 41.33, "risk_score": 0.5511, "risk_level": "medium", "mock_ndvi": 0.6416, "mock_avgtempF": 81.55, "mock_humid": 45.65, "mock_wind": 5.17, "county_avgtempF": 82.39, "county_humid": 43.77, "county_wind": 4.71, "county_precip": 0.0032, "county_sunHour": 11.28}, "geometry": {"type": "Polygon", "coordinates": [[[-120.01734809524015, 34.82243858749551], [-120.01734809524015, 34.86735414624506], [-119.96282301984348, 34.86735414624506], [-119.96282301984348, 34.82243858749551], [-120.01734809524015, 34.82243858749551]]]}}, {"type": "Feature", "properties": {"grid_id": "06083_5km_0219", "county": "Santa Barbara County", "county_short": "Santa Barbara", "geoid": "06083", "grid_km": 5.0, "center_lat": 34.844896, "center_lon": -119.93556, "row_index": 10, "col_index": 13, "is_mock": 1, "shape_model": "county_boundary_clipped_grid", "month": "2020-08", "monthly_fire_probability_pct": 41.33, "risk_score": 0.5515, "risk_level": "medium", "mock_ndvi": 0.6422, "mock_avgtempF": 81.58, "mock_humid": 45.59, "mock_wind": 5.15, "county_avgtempF": 82.39, "county_humid": 43.77, "county_wind": 4.71, "county_precip": 0.0032, "county_sunHour": 11.28}, "geometry": {"type": "Polygon", "coordinates": [[[-119.9628230198435, 34.82243858749551], [-119.9628230198435, 34.86735414624506], [-119.90829794444683, 34.86735414624506], [-119.90829794444683, 34.82243858749551], [-119.9628230198435, 34.82243858749551]]]}}, {"type": "Feature", "properties": {"grid_id": "06083_5km_0220", "county": "Santa Barbara County", "county_short": "Santa Barbara", "geoid": "06083", "grid_km": 5.0, "center_lat": 34.844896, "center_lon": -119.881035, "row_index": 10, "col_index": 14, "is_mock": 1, "shape_model": "county_boundary_clipped_grid", "month": "2020-08", "monthly_fire_probability_pct": 41.33, "risk_score": 0.5526, "risk_level": "medium", "mock_ndvi": 0.6435, "mock_avgtempF": 81.63, "mock_humid": 45.47, "mock_wind": 5.13, "county_avgtempF": 82.39, "county_humid": 43.77, "county_wind": 4.71, "county_precip": 0.0032, "county_sunHour": 11.28}, "geometry": {"type": "Polygon", "coordinates": [[[-119.90829794444684, 34.82243858749551], [-119.90829794444684, 34.86735414624506], [-119.85377286905018, 34.86735414624506], [-119.85377286905018, 34.82243858749551], [-119.90829794444684, 34.82243858749551]]]}}, {"type": "Feature", "properties": {"grid_id": "06083_5km_0221", "county": "Santa Barbara County", "county_short": "Santa Barbara", "geoid": "06083", "grid_km": 5.0, "center_lat": 34.844896, "center_lon": -119.82651, "row_index": 10, "col_index": 15, "is_mock": 1, "shape_model": "county_boundary_clipped_grid", "month": "2020-08", "monthly_fire_probability_pct": 41.33, "risk_score": 0.5541, "risk_level": "medium", "mock_ndvi": 0.6454, "mock_avgtempF": 81.71, "mock_humid": 45.3, "mock_wind": 5.08, "county_avgtempF": 82.39, "county_humid": 43.77, "county_wind": 4.71, "county_precip": 0.0032, "county_sunHour": 11.28}, "geometry": {"type": "Polygon", "coordinates": [[[-119.85377286905019, 34.82243858749551], [-119.85377286905019, 34.86735414624506], [-119.79924779365352, 34.86735414624506], [-119.79924779365352, 34.82243858749551], [-119.85377286905019, 34.82243858749551]]]}}, {"type": "Feature", "properties": {"grid_id": "06083_5km_0222", "county": "Santa Barbara County", "county_short": "Santa Barbara", "geoid": "06083", "grid_km": 5.0, "center_lat": 34.844896, "center_lon": -119.771985, "row_index": 10, "col_index": 16, "is_mock": 1, "shape_model": "county_boundary_clipped_grid", "month": "2020-08", "monthly_fire_probability_pct": 41.33, "risk_score": 0.556, "risk_level": "medium", "mock_ndvi": 0.6478, "mock_avgtempF": 81.8, "mock_humid": 45.09, "mock_wind": 5.03, "county_avgtempF": 82.39, "county_humid": 43.77, "county_wind": 4.71, "county_precip": 0.0032, "county_sunHour": 11.28}, "geometry": {"type": "Polygon", "coordinates": [[[-119.79924779365354, 34.82243858749551], [-119.79924779365354, 34.86735414624506], [-119.74472271825687, 34.86735414624506], [-119.74472271825687, 34.82243858749551], [-119.79924779365354, 34.82243858749551]]]}}, {"type": "Feature", "properties": {"grid_id": "06083_5km_0223", "county": "Santa Barbara County", "county_short": "Santa Barbara", "geoid": "06083", "grid_km": 5.0, "center_lat": 34.844896, "center_lon": -119.71746, "row_index": 10, "col_index": 17, "is_mock": 1, "shape_model": "county_boundary_clipped_grid", "month": "2020-08", "monthly_fire_probability_pct": 41.33, "risk_score": 0.5581, "risk_level": "medium", "mock_ndvi": 0.6504, "mock_avgtempF": 81.91, "mock_humid": 44.85, "mock_wind": 4.97, "county_avgtempF": 82.39, "county_humid": 43.77, "county_wind": 4.71, "county_precip": 0.0032, "county_sunHour": 11.28}, "geometry": {"type": "Polygon", "coordinates": [[[-119.74472271825688, 34.82243858749551], [-119.74472271825688, 34.86735414624506], [-119.69019764286021, 34.86735414624506], [-119.69019764286021, 34.82243858749551], [-119.74472271825688, 34.82243858749551]]]}}, {"type": "Feature", "properties": {"grid_id": "06083_5km_0224", "county": "Santa Barbara County", "county_short": "Santa Barbara", "geoid": "06083", "grid_km": 5.0, "center_lat": 34.844896, "center_lon": -119.662935, "row_index": 10, "col_index": 18, "is_mock": 1, "shape_model": "county_boundary_clipped_grid", "month": "2020-08", "monthly_fire_probability_pct": 41.33, "risk_score": 0.5603, "risk_level": "medium", "mock_ndvi": 0.6531, "mock_avgtempF": 82.02, "mock_humid": 44.61, "mock_wind": 4.91, "county_avgtempF": 82.39, "county_humid": 43.77, "county_wind": 4.71, "county_precip": 0.0032, "county_sunHour": 11.28}, "geometry": {"type": "Polygon", "coordinates": [[[-119.69019764286023, 34.82243858749551], [-119.69019764286023, 34.86735414624506], [-119.63567256746356, 34.86735414624506], [-119.63567256746356, 34.82243858749551], [-119.69019764286023, 34.82243858749551]]]}}, {"type": "Feature", "properties": {"grid_id": "06083_5km_0225", "county": "Santa Barbara County", "county_short": "Santa Barbara", "geoid": "06083", "grid_km": 5.0, "center_lat": 34.844896, "center_lon": -119.60841, "row_index": 10, "col_index": 19, "is_mock": 1, "shape_model": "county_boundary_clipped_grid", "month": "2020-08", "monthly_fire_probability_pct": 41.33, "risk_score": 0.5624, "risk_level": "medium", "mock_ndvi": 0.6557, "mock_avgtempF": 82.12, "mock_humid": 44.37, "mock_wind": 4.86, "county_avgtempF": 82.39, "county_humid": 43.77, "county_wind": 4.71, "county_precip": 0.0032, "county_sunHour": 11.28}, "geometry": {"type": "Polygon", "coordinates": [[[-119.63567256746357, 34.82243858749551], [-119.63567256746357, 34.86735414624506], [-119.5811474920669, 34.86735414624506], [-119.5811474920669, 34.82243858749551], [-119.63567256746357, 34.82243858749551]]]}}, {"type": "Feature", "properties": {"grid_id": "06083_5km_0226", "county": "Santa Barbara County", "county_short": "Santa Barbara", "geoid": "06083", "grid_km": 5.0, "center_lat": 34.844896, "center_lon": -119.553885, "row_index": 10, "col_index": 20, "is_mock": 1, "shape_model": "county_boundary_clipped_grid", "month": "2020-08", "monthly_fire_probability_pct": 41.33, "risk_score": 0.5642, "risk_level": "medium", "mock_ndvi": 0.658, "mock_avgtempF": 82.21, "mock_humid": 44.17, "mock_wind": 4.81, "county_avgtempF": 82.39, "county_humid": 43.77, "county_wind": 4.71, "county_precip": 0.0032, "county_sunHour": 11.28}, "geometry": {"type": "Polygon", "coordinates": [[[-119.58114749206692, 34.82243858749551], [-119.58114749206692, 34.86735414624506], [-119.52662241667025, 34.86735414624506], [-119.52662241667025, 34.82243858749551], [-119.58114749206692, 34.82243858749551]]]}}, {"type": "Feature", "properties": {"grid_id": "06083_5km_0227", "county": "Santa Barbara County", "county_short": "Santa Barbara", "geoid": "06083", "grid_km": 5.0, "center_lat": 34.844896, "center_lon": -119.49936, "row_index": 10, "col_index": 21, "is_mock": 1, "shape_model": "county_boundary_clipped_grid", "month": "2020-08", "monthly_fire_probability_pct": 41.33, "risk_score": 0.5656, "risk_level": "medium", "mock_ndvi": 0.6598, "mock_avgtempF": 82.28, "mock_humid": 44.01, "mock_wind": 4.77, "county_avgtempF": 82.39, "county_humid": 43.77, "county_wind": 4.71, "county_precip": 0.0032, "county_sunHour": 11.28}, "geometry": {"type": "Polygon", "coordinates": [[[-119.52662241667026, 34.82243858749551], [-119.52662241667026, 34.86735414624506], [-119.4720973412736, 34.86735414624506], [-119.4720973412736, 34.82243858749551], [-119.52662241667026, 34.82243858749551]]]}}, {"type": "Feature", "properties": {"grid_id": "06083_5km_0228", "county": "Santa Barbara County", "county_short": "Santa Barbara", "geoid": "06083", "grid_km": 5.0, "center_lat": 34.844896, "center_lon": -119.457211, "row_index": 10, "col_index": 22, "is_mock": 1, "shape_model": "county_boundary_clipped_grid", "month": "2020-08", "monthly_fire_probability_pct": 41.33, "risk_score": 0.5664, "risk_level": "medium", "mock_ndvi": 0.6608, "mock_avgtempF": 82.32, "mock_humid": 43.92, "mock_wind": 4.74, "county_avgtempF": 82.39, "county_humid": 43.77, "county_wind": 4.71, "county_precip": 0.0032, "county_sunHour": 11.28}, "geometry": {"type": "Polygon", "coordinates": [[[-119.44231262167207, 34.82243858749551], [-119.47209734127361, 34.82243858749551], [-119.47209734127361, 34.86735414624506], [-119.44233505701611, 34.86735414624506], [-119.44231262167207, 34.82243858749551]]]}}, {"type": "Feature", "properties": {"grid_id": "06083_5km_0229", "county": "Santa Barbara County", "county_short": "Santa Barbara", "geoid": "06083", "grid_km": 5.0, "center_lat": 34.895214, "center_lon": -120.630106, "row_index": 11, "col_index": 0, "is_mock": 1, "shape_model": "county_boundary_clipped_grid", "month": "2020-08", "monthly_fire_probability_pct": 41.33, "risk_score": 0.569, "risk_level": "medium", "mock_ndvi": 0.664, "mock_avgtempF": 82.45, "mock_humid": 43.63, "mock_wind": 4.74, "county_avgtempF": 82.39, "county_humid": 43.77, "county_wind": 4.71, "county_precip": 0.0032, "county_sunHour": 11.28}, "geometry": {"type": "Polygon", "coordinates": [[[-120.625727, 34.873507], [-120.639304, 34.880359], [-120.639529, 34.889678], [-120.646648, 34.90075], [-120.671649, 34.902989], [-120.66763594475503, 34.912269704994614], [-120.61712392460333, 34.912269704994614], [-120.61712392460333, 34.86735414624506], [-120.61870089031777, 34.86735414624506], [-120.625727, 34.873507]]]}}, {"type": "Feature", "properties": {"grid_id": "06083_5km_0230", "county": "Santa Barbara County", "county_short": "Santa Barbara", "geoid": "06083", "grid_km": 5.0, "center_lat": 34.889812, "center_lon": -120.589861, "row_index": 11, "col_index": 1, "is_mock": 1, "shape_model": "county_boundary_clipped_grid", "month": "2020-08", "monthly_fire_probability_pct": 41.33, "risk_score": 0.5685, "risk_level": "medium", "mock_ndvi": 0.6634, "mock_avgtempF": 82.43, "mock_humid": 43.69, "mock_wind": 4.73, "county_avgtempF": 82.39, "county_humid": 43.77, "county_wind": 4.71, "county_precip": 0.0032, "county_sunHour": 11.28}, "geometry": {"type": "Polygon", "coordinates": [[[-120.61712392460335, 34.86735414624506], [-120.61712392460335, 34.912269704994614], [-120.56259884920668, 34.912269704994614], [-120.56259884920668, 34.86735414624506], [-120.61712392460335, 34.86735414624506]]]}}, {"type": "Feature", "properties": {"grid_id": "06083_5km_0231", "county": "Santa Barbara County", "county_short": "Santa Barbara", "geoid": "06083", "grid_km": 5.0, "center_lat": 34.889812, "center_lon": -120.535336, "row_index": 11, "col_index": 2, "is_mock": 1, "shape_model": "county_boundary_clipped_grid", "month": "2020-08", "monthly_fire_probability_pct": 41.33, "risk_score": 0.5677, "risk_level": "medium", "mock_ndvi": 0.6624, "mock_avgtempF": 82.39, "mock_humid": 43.77, "mock_wind": 4.71, "county_avgtempF": 82.39, "county_humid": 43.77, "county_wind": 4.71, "county_precip": 0.0032, "county_sunHour": 11.28}, "geometry": {"type": "Polygon", "coordinates": [[[-120.5625988492067, 34.86735414624506], [-120.5625988492067, 34.912269704994614], [-120.50807377381003, 34.912269704994614], [-120.50807377381003, 34.86735414624506], [-120.5625988492067, 34.86735414624506]]]}}, {"type": "Feature", "properties": {"grid_id": "06083_5km_0232", "county": "Santa Barbara County", "county_short": "Santa Barbara", "geoid": "06083", "grid_km": 5.0, "center_lat": 34.889812, "center_lon": -120.480811, "row_index": 11, "col_index": 3, "is_mock": 1, "shape_model": "county_boundary_clipped_grid", "month": "2020-08", "monthly_fire_probability_pct": 41.33, "risk_score": 0.5664, "risk_level": "medium", "mock_ndvi": 0.6608, "mock_avgtempF": 82.32, "mock_humid": 43.92, "mock_wind": 4.75, "county_avgtempF": 82.39, "county_humid": 43.77, "county_wind": 4.71, "county_precip": 0.0032, "county_sunHour": 11.28}, "geometry": {"type": "Polygon", "coordinates": [[[-120.50807377381004, 34.86735414624506], [-120.50807377381004, 34.912269704994614], [-120.45354869841337, 34.912269704994614], [-120.45354869841337, 34.86735414624506], [-120.50807377381004, 34.86735414624506]]]}}, {"type": "Feature", "properties": {"grid_id": "06083_5km_0233", "county": "Santa Barbara County", "county_short": "Santa Barbara", "geoid": "06083", "grid_km": 5.0, "center_lat": 34.889812, "center_lon": -120.426286, "row_index": 11, "col_index": 4, "is_mock": 1, "shape_model": "county_boundary_clipped_grid", "month": "2020-08", "monthly_fire_probability_pct": 41.33, "risk_score": 0.5647, "risk_level": "medium", "mock_ndvi": 0.6586, "mock_avgtempF": 82.24, "mock_humid": 44.12, "mock_wind": 4.79, "county_avgtempF": 82.39, "county_humid": 43.77, "county_wind": 4.71, "county_precip": 0.0032, "county_sunHour": 11.28}, "geometry": {"type": "Polygon", "coordinates": [[[-120.45354869841339, 34.86735414624506], [-120.45354869841339, 34.912269704994614], [-120.39902362301672, 34.912269704994614], [-120.39902362301672, 34.86735414624506], [-120.45354869841339, 34.86735414624506]]]}}, {"type": "Feature", "properties": {"grid_id": "06083_5km_0234", "county": "Santa Barbara County", "county_short": "Santa Barbara", "geoid": "06083", "grid_km": 5.0, "center_lat": 34.889812, "center_lon": -120.371761, "row_index": 11, "col_index": 5, "is_mock": 1, "shape_model": "county_boundary_clipped_grid", "month": "2020-08", "monthly_fire_probability_pct": 41.33, "risk_score": 0.5626, "risk_level": "medium", "mock_ndvi": 0.6561, "mock_avgtempF": 82.13, "mock_humid": 44.34, "mock_wind": 4.85, "county_avgtempF": 82.39, "county_humid": 43.77, "county_wind": 4.71, "county_precip": 0.0032, "county_sunHour": 11.28}, "geometry": {"type": "Polygon", "coordinates": [[[-120.39902362301673, 34.86735414624506], [-120.39902362301673, 34.912269704994614], [-120.34449854762006, 34.912269704994614], [-120.34449854762006, 34.86735414624506], [-120.39902362301673, 34.86735414624506]]]}}, {"type": "Feature", "properties": {"grid_id": "06083_5km_0235", "county": "Santa Barbara County", "county_short": "Santa Barbara", "geoid": "06083", "grid_km": 5.0, "center_lat": 34.886463, "center_lon": -120.317236, "row_index": 11, "col_index": 6, "is_mock": 1, "shape_model": "county_boundary_clipped_grid", "month": "2020-08", "monthly_fire_probability_pct": 41.33, "risk_score": 0.5603, "risk_level": "medium", "mock_ndvi": 0.6532, "mock_avgtempF": 82.02, "mock_humid": 44.6, "mock_wind": 4.91, "county_avgtempF": 82.39, "county_humid": 43.77, "county_wind": 4.71, "county_precip": 0.0032, "county_sunHour": 11.28}, "geometry": {"type": "Polygon", "coordinates": [[[-120.318298, 34.907038], [-120.301827, 34.905571], [-120.30068485832, 34.912269704994614], [-120.28997347222341, 34.912269704994614], [-120.28997347222341, 34.86735414624506], [-120.34449854762008, 34.86735414624506], [-120.34449854762008, 34.912269704994614], [-120.3210852902029, 34.912269704994614], [-120.318298, 34.907038]]]}}, {"type": "Feature", "properties": {"grid_id": "06083_5km_0236", "county": "Santa Barbara County", "county_short": "Santa Barbara", "geoid": "06083", "grid_km": 5.0, "center_lat": 34.889812, "center_lon": -120.262711, "row_index": 11, "col_index": 7, "is_mock": 1, "shape_model": "county_boundary_clipped_grid", "month": "2020-08", "monthly_fire_probability_pct": 41.33, "risk_score": 0.5583, "risk_level": "medium", "mock_ndvi": 0.6507, "mock_avgtempF": 81.92, "mock_humid": 44.83, "mock_wind": 4.97, "county_avgtempF": 82.39, "county_humid": 43.77, "county_wind": 4.71, "county_precip": 0.0032, "county_sunHour": 11.28}, "geometry": {"type": "Polygon", "coordinates": [[[-120.28997347222342, 34.86735414624506], [-120.28997347222342, 34.912269704994614], [-120.23544839682675, 34.912269704994614], [-120.23544839682675, 34.86735414624506], [-120.28997347222342, 34.86735414624506]]]}}, {"type": "Feature", "properties": {"grid_id": "06083_5km_0237", "county": "Santa Barbara County", "county_short": "Santa Barbara", "geoid": "06083", "grid_km": 5.0, "center_lat": 34.889812, "center_lon": -120.208186, "row_index": 11, "col_index": 8, "is_mock": 1, "shape_model": "county_boundary_clipped_grid", "month": "2020-08", "monthly_fire_probability_pct": 41.33, "risk_score": 0.5564, "risk_level": "medium", "mock_ndvi": 0.6482, "mock_avgtempF": 81.82, "mock_humid": 45.05, "mock_wind": 5.02, "county_avgtempF": 82.39, "county_humid": 43.77, "county_wind": 4.71, "county_precip": 0.0032, "county_sunHour": 11.28}, "geometry": {"type": "Polygon", "coordinates": [[[-120.23544839682677, 34.86735414624506], [-120.23544839682677, 34.912269704994614], [-120.1809233214301, 34.912269704994614], [-120.1809233214301, 34.86735414624506], [-120.23544839682677, 34.86735414624506]]]}}, {"type": "Feature", "properties": {"grid_id": "06083_5km_0238", "county": "Santa Barbara County", "county_short": "Santa Barbara", "geoid": "06083", "grid_km": 5.0, "center_lat": 34.889812, "center_lon": -120.153661, "row_index": 11, "col_index": 9, "is_mock": 1, "shape_model": "county_boundary_clipped_grid", "month": "2020-08", "monthly_fire_probability_pct": 41.33, "risk_score": 0.5547, "risk_level": "medium", "mock_ndvi": 0.6462, "mock_avgtempF": 81.74, "mock_humid": 45.23, "mock_wind": 5.07, "county_avgtempF": 82.39, "county_humid": 43.77, "county_wind": 4.71, "county_precip": 0.0032, "county_sunHour": 11.28}, "geometry": {"type": "Polygon", "coordinates": [[[-120.18092332143011, 34.86735414624506], [-120.18092332143011, 34.912269704994614], [-120.12639824603345, 34.912269704994614], [-120.12639824603345, 34.86735414624506], [-120.18092332143011, 34.86735414624506]]]}}, {"type": "Feature", "properties": {"grid_id": "06083_5km_0239", "county": "Santa Barbara County", "county_short": "Santa Barbara", "geoid": "06083", "grid_km": 5.0, "center_lat": 34.889812, "center_lon": -120.099136, "row_index": 11, "col_index": 10, "is_mock": 1, "shape_model": "county_boundary_clipped_grid", "month": "2020-08", "monthly_fire_probability_pct": 41.33, "risk_score": 0.5535, "risk_level": "medium", "mock_ndvi": 0.6447, "mock_avgtempF": 81.68, "mock_humid": 45.37, "mock_wind": 5.1, "county_avgtempF": 82.39, "county_humid": 43.77, "county_wind": 4.71, "county_precip": 0.0032, "county_sunHour": 11.28}, "geometry": {"type": "Polygon", "coordinates": [[[-120.12639824603346, 34.86735414624506], [-120.12639824603346, 34.912269704994614], [-120.07187317063679, 34.912269704994614], [-120.07187317063679, 34.86735414624506], [-120.12639824603346, 34.86735414624506]]]}}, {"type": "Feature", "properties": {"grid_id": "06083_5km_0240", "county": "Santa Barbara County", "county_short": "Santa Barbara", "geoid": "06083", "grid_km": 5.0, "center_lat": 34.889812, "center_lon": -120.044611, "row_index": 11, "col_index": 11, "is_mock": 1, "shape_model": "county_boundary_clipped_grid", "month": "2020-08", "monthly_fire_probability_pct": 41.33, "risk_score": 0.5528, "risk_level": "medium", "mock_ndvi": 0.6438, "mock_avgtempF": 81.64, "mock_humid": 45.45, "mock_wind": 5.12, "county_avgtempF": 82.39, "county_humid": 43.77, "county_wind": 4.71, "county_precip": 0.0032, "county_sunHour": 11.28}, "geometry": {"type": "Polygon", "coordinates": [[[-120.0718731706368, 34.86735414624506], [-120.0718731706368, 34.912269704994614], [-120.01734809524014, 34.912269704994614], [-120.01734809524014, 34.86735414624506], [-120.0718731706368, 34.86735414624506]]]}}, {"type": "Feature", "properties": {"grid_id": "06083_5km_0241", "county": "Santa Barbara County", "county_short": "Santa Barbara", "geoid": "06083", "grid_km": 5.0, "center_lat": 34.889812, "center_lon": -119.990086, "row_index": 11, "col_index": 12, "is_mock": 1, "shape_model": "county_boundary_clipped_grid", "month": "2020-08", "monthly_fire_probability_pct": 41.33, "risk_score": 0.5527, "risk_level": "medium", "mock_ndvi": 0.6437, "mock_avgtempF": 81.64, "mock_humid": 45.46, "mock_wind": 5.12, "county_avgtempF": 82.39, "county_humid": 43.77, "county_wind": 4.71, "county_precip": 0.0032, "county_sunHour": 11.28}, "geometry": {"type": "Polygon", "coordinates": [[[-120.01734809524015, 34.86735414624506], [-120.01734809524015, 34.912269704994614], [-119.96282301984348, 34.912269704994614], [-119.96282301984348, 34.86735414624506], [-120.01734809524015, 34.86735414624506]]]}}, {"type": "Feature", "properties": {"grid_id": "06083_5km_0242", "county": "Santa Barbara County", "county_short": "Santa Barbara", "geoid": "06083", "grid_km": 5.0, "center_lat": 34.889812, "center_lon": -119.93556, "row_index": 11, "col_index": 13, "is_mock": 1, "shape_model": "county_boundary_clipped_grid", "month": "2020-08", "monthly_fire_probability_pct": 41.33, "risk_score": 0.5532, "risk_level": "medium", "mock_ndvi": 0.6443, "mock_avgtempF": 81.66, "mock_humid": 45.4, "mock_wind": 5.11, "county_avgtempF": 82.39, "county_humid": 43.77, "county_wind": 4.71, "county_precip": 0.0032, "county_sunHour": 11.28}, "geometry": {"type": "Polygon", "coordinates": [[[-119.9628230198435, 34.86735414624506], [-119.9628230198435, 34.912269704994614], [-119.90829794444683, 34.912269704994614], [-119.90829794444683, 34.86735414624506], [-119.9628230198435, 34.86735414624506]]]}}, {"type": "Feature", "properties": {"grid_id": "06083_5km_0243", "county": "Santa Barbara County", "county_short": "Santa Barbara", "geoid": "06083", "grid_km": 5.0, "center_lat": 34.889812, "center_lon": -119.881035, "row_index": 11, "col_index": 14, "is_mock": 1, "shape_model": "county_boundary_clipped_grid", "month": "2020-08", "monthly_fire_probability_pct": 41.33, "risk_score": 0.5543, "risk_level": "medium", "mock_ndvi": 0.6456, "mock_avgtempF": 81.72, "mock_humid": 45.28, "mock_wind": 5.08, "county_avgtempF": 82.39, "county_humid": 43.77, "county_wind": 4.71, "county_precip": 0.0032, "county_sunHour": 11.28}, "geometry": {"type": "Polygon", "coordinates": [[[-119.90829794444684, 34.86735414624506], [-119.90829794444684, 34.912269704994614], [-119.85377286905018, 34.912269704994614], [-119.85377286905018, 34.86735414624506], [-119.90829794444684, 34.86735414624506]]]}}, {"type": "Feature", "properties": {"grid_id": "06083_5km_0244", "county": "Santa Barbara County", "county_short": "Santa Barbara", "geoid": "06083", "grid_km": 5.0, "center_lat": 34.889812, "center_lon": -119.82651, "row_index": 11, "col_index": 15, "is_mock": 1, "shape_model": "county_boundary_clipped_grid", "month": "2020-08", "monthly_fire_probability_pct": 41.33, "risk_score": 0.5558, "risk_level": "medium", "mock_ndvi": 0.6475, "mock_avgtempF": 81.79, "mock_humid": 45.11, "mock_wind": 5.04, "county_avgtempF": 82.39, "county_humid": 43.77, "county_wind": 4.71, "county_precip": 0.0032, "county_sunHour": 11.28}, "geometry": {"type": "Polygon", "coordinates": [[[-119.85377286905019, 34.86735414624506], [-119.85377286905019, 34.912269704994614], [-119.79924779365352, 34.912269704994614], [-119.79924779365352, 34.86735414624506], [-119.85377286905019, 34.86735414624506]]]}}, {"type": "Feature", "properties": {"grid_id": "06083_5km_0245", "county": "Santa Barbara County", "county_short": "Santa Barbara", "geoid": "06083", "grid_km": 5.0, "center_lat": 34.889812, "center_lon": -119.771985, "row_index": 11, "col_index": 16, "is_mock": 1, "shape_model": "county_boundary_clipped_grid", "month": "2020-08", "monthly_fire_probability_pct": 41.33, "risk_score": 0.5577, "risk_level": "medium", "mock_ndvi": 0.6499, "mock_avgtempF": 81.89, "mock_humid": 44.9, "mock_wind": 4.98, "county_avgtempF": 82.39, "county_humid": 43.77, "county_wind": 4.71, "county_precip": 0.0032, "county_sunHour": 11.28}, "geometry": {"type": "Polygon", "coordinates": [[[-119.79924779365354, 34.86735414624506], [-119.79924779365354, 34.912269704994614], [-119.74472271825687, 34.912269704994614], [-119.74472271825687, 34.86735414624506], [-119.79924779365354, 34.86735414624506]]]}}, {"type": "Feature", "properties": {"grid_id": "06083_5km_0246", "county": "Santa Barbara County", "county_short": "Santa Barbara", "geoid": "06083", "grid_km": 5.0, "center_lat": 34.889812, "center_lon": -119.71746, "row_index": 11, "col_index": 17, "is_mock": 1, "shape_model": "county_boundary_clipped_grid", "month": "2020-08", "monthly_fire_probability_pct": 41.33, "risk_score": 0.5598, "risk_level": "medium", "mock_ndvi": 0.6525, "mock_avgtempF": 81.99, "mock_humid": 44.66, "mock_wind": 4.93, "county_avgtempF": 82.39, "county_humid": 43.77, "county_wind": 4.71, "county_precip": 0.0032, "county_sunHour": 11.28}, "geometry": {"type": "Polygon", "coordinates": [[[-119.74472271825688, 34.86735414624506], [-119.74472271825688, 34.912269704994614], [-119.69019764286021, 34.912269704994614], [-119.69019764286021, 34.86735414624506], [-119.74472271825688, 34.86735414624506]]]}}, {"type": "Feature", "properties": {"grid_id": "06083_5km_0247", "county": "Santa Barbara County", "county_short": "Santa Barbara", "geoid": "06083", "grid_km": 5.0, "center_lat": 34.889812, "center_lon": -119.662935, "row_index": 11, "col_index": 18, "is_mock": 1, "shape_model": "county_boundary_clipped_grid", "month": "2020-08", "monthly_fire_probability_pct": 41.33, "risk_score": 0.562, "risk_level": "medium", "mock_ndvi": 0.6552, "mock_avgtempF": 82.1, "mock_humid": 44.42, "mock_wind": 4.87, "county_avgtempF": 82.39, "county_humid": 43.77, "county_wind": 4.71, "county_precip": 0.0032, "county_sunHour": 11.28}, "geometry": {"type": "Polygon", "coordinates": [[[-119.69019764286023, 34.86735414624506], [-119.69019764286023, 34.912269704994614], [-119.63567256746356, 34.912269704994614], [-119.63567256746356, 34.86735414624506], [-119.69019764286023, 34.86735414624506]]]}}, {"type": "Feature", "properties": {"grid_id": "06083_5km_0248", "county": "Santa Barbara County", "county_short": "Santa Barbara", "geoid": "06083", "grid_km": 5.0, "center_lat": 34.889812, "center_lon": -119.60841, "row_index": 11, "col_index": 19, "is_mock": 1, "shape_model": "county_boundary_clipped_grid", "month": "2020-08", "monthly_fire_probability_pct": 41.33, "risk_score": 0.5641, "risk_level": "medium", "mock_ndvi": 0.6578, "mock_avgtempF": 82.2, "mock_humid": 44.18, "mock_wind": 4.81, "county_avgtempF": 82.39, "county_humid": 43.77, "county_wind": 4.71, "county_precip": 0.0032, "county_sunHour": 11.28}, "geometry": {"type": "Polygon", "coordinates": [[[-119.63567256746357, 34.86735414624506], [-119.63567256746357, 34.912269704994614], [-119.5811474920669, 34.912269704994614], [-119.5811474920669, 34.86735414624506], [-119.63567256746357, 34.86735414624506]]]}}, {"type": "Feature", "properties": {"grid_id": "06083_5km_0249", "county": "Santa Barbara County", "county_short": "Santa Barbara", "geoid": "06083", "grid_km": 5.0, "center_lat": 34.882455, "center_lon": -119.553885, "row_index": 11, "col_index": 20, "is_mock": 1, "shape_model": "county_boundary_clipped_grid", "month": "2020-08", "monthly_fire_probability_pct": 41.33, "risk_score": 0.5656, "risk_level": "medium", "mock_ndvi": 0.6597, "mock_avgtempF": 82.28, "mock_humid": 44.02, "mock_wind": 4.77, "county_avgtempF": 82.39, "county_humid": 43.77, "county_wind": 4.71, "county_precip": 0.0032, "county_sunHour": 11.28}, "geometry": {"type": "Polygon", "coordinates": [[[-119.535757, 34.897576], [-119.52662241667025, 34.89755563460959], [-119.52662241667025, 34.86735414624506], [-119.58114749206692, 34.86735414624506], [-119.58114749206692, 34.912269704994614], [-119.55899576211166, 34.912269704994614], [-119.535757, 34.897576]]]}}, {"type": "Feature", "properties": {"grid_id": "06083_5km_0250", "county": "Santa Barbara County", "county_short": "Santa Barbara", "geoid": "06083", "grid_km": 5.0, "center_lat": 34.882415, "center_lon": -119.49936, "row_index": 11, "col_index": 21, "is_mock": 1, "shape_model": "county_boundary_clipped_grid", "month": "2020-08", "monthly_fire_probability_pct": 41.33, "risk_score": 0.567, "risk_level": "medium", "mock_ndvi": 0.6615, "mock_avgtempF": 82.35, "mock_humid": 43.85, "mock_wind": 4.73, "county_avgtempF": 82.39, "county_humid": 43.77, "county_wind": 4.71, "county_precip": 0.0032, "county_sunHour": 11.28}, "geometry": {"type": "Polygon", "coordinates": [[[-119.490455, 34.897475], [-119.490355, 34.901174], [-119.4720973412736, 34.90121203441186], [-119.4720973412736, 34.86735414624506], [-119.52662241667026, 34.86735414624506], [-119.52662241667026, 34.89755563460959], [-119.490455, 34.897475]]]}}, {"type": "Feature", "properties": {"grid_id": "06083_5km_0251", "county": "Santa Barbara County", "county_short": "Santa Barbara", "geoid": "06083", "grid_km": 5.0, "center_lat": 34.884283, "center_lon": -119.45722, "row_index": 11, "col_index": 22, "is_mock": 1, "shape_model": "county_boundary_clipped_grid", "month": "2020-08", "monthly_fire_probability_pct": 41.33, "risk_score": 0.5679, "risk_level": "medium", "mock_ndvi": 0.6626, "mock_avgtempF": 82.4, "mock_humid": 43.75, "mock_wind": 4.71, "county_avgtempF": 82.39, "county_humid": 43.77, "county_wind": 4.71, "county_precip": 0.0032, "county_sunHour": 11.28}, "geometry": {"type": "Polygon", "coordinates": [[[-119.442352, 34.901274], [-119.44233505701611, 34.86735414624506], [-119.47209734127361, 34.86735414624506], [-119.47209734127361, 34.90121203441186], [-119.442352, 34.901274]]]}}, {"type": "Feature", "properties": {"grid_id": "06083_5km_0252", "county": "Santa Barbara County", "county_short": "Santa Barbara", "geoid": "06083", "grid_km": 5.0, "center_lat": 34.945581, "center_lon": -120.638052, "row_index": 12, "col_index": 0, "is_mock": 1, "shape_model": "county_boundary_clipped_grid", "month": "2020-08", "monthly_fire_probability_pct": 41.33, "risk_score": 0.5717, "risk_level": "medium", "mock_ndvi": 0.6675, "mock_avgtempF": 82.59, "mock_humid": 43.32, "mock_wind": 4.82, "county_avgtempF": 82.39, "county_humid": 43.77, "county_wind": 4.71, "county_precip": 0.0032, "county_sunHour": 11.28}, "geometry": {"type": "Polygon", "coordinates": [[[-120.66434, 34.919892], [-120.662934, 34.933976], [-120.65502669968323, 34.957185263744165], [-120.61712392460333, 34.957185263744165], [-120.61712392460333, 34.912269704994614], [-120.66763594475503, 34.912269704994614], [-120.66434, 34.919892]]]}}, {"type": "Feature", "properties": {"grid_id": "06083_5km_0253", "county": "Santa Barbara County", "county_short": "Santa Barbara", "geoid": "06083", "grid_km": 5.0, "center_lat": 34.934727, "center_lon": -120.589861, "row_index": 12, "col_index": 1, "is_mock": 1, "shape_model": "county_boundary_clipped_grid", "month": "2020-08", "monthly_fire_probability_pct": 41.33, "risk_score": 0.5709, "risk_level": "medium", "mock_ndvi": 0.6664, "mock_avgtempF": 82.55, "mock_humid": 43.42, "mock_wind": 4.8, "county_avgtempF": 82.39, "county_humid": 43.77, "county_wind": 4.71, "county_precip": 0.0032, "county_sunHour": 11.28}, "geometry": {"type": "Polygon", "coordinates": [[[-120.61712392460335, 34.912269704994614], [-120.61712392460335, 34.957185263744165], [-120.56259884920668, 34.957185263744165], [-120.56259884920668, 34.912269704994614], [-120.61712392460335, 34.912269704994614]]]}}, {"type": "Feature", "properties": {"grid_id": "06083_5km_0254", "county": "Santa Barbara County", "county_short": "Santa Barbara", "geoid": "06083", "grid_km": 5.0, "center_lat": 34.934727, "center_lon": -120.535336, "row_index": 12, "col_index": 2, "is_mock": 1, "shape_model": "county_boundary_clipped_grid", "month": "2020-08", "monthly_fire_probability_pct": 41.33, "risk_score": 0.5701, "risk_level": "medium", "mock_ndvi": 0.6654, "mock_avgtempF": 82.51, "mock_humid": 43.51, "mock_wind": 4.77, "county_avgtempF": 82.39, "county_humid": 43.77, "county_wind": 4.71, "county_precip": 0.0032, "county_sunHour": 11.28}, "geometry": {"type": "Polygon", "coordinates": [[[-120.5625988492067, 34.912269704994614], [-120.5625988492067, 34.957185263744165], [-120.50807377381003, 34.957185263744165], [-120.50807377381003, 34.912269704994614], [-120.5625988492067, 34.912269704994614]]]}}, {"type": "Feature", "properties": {"grid_id": "06083_5km_0255", "county": "Santa Barbara County", "county_short": "Santa Barbara", "geoid": "06083", "grid_km": 5.0, "center_lat": 34.934727, "center_lon": -120.480811, "row_index": 12, "col_index": 3, "is_mock": 1, "shape_model": "county_boundary_clipped_grid", "month": "2020-08", "monthly_fire_probability_pct": 41.33, "risk_score": 0.5688, "risk_level": "medium", "mock_ndvi": 0.6637, "mock_avgtempF": 82.44, "mock_humid": 43.65, "mock_wind": 4.74, "county_avgtempF": 82.39, "county_humid": 43.77, "county_wind": 4.71, "county_precip": 0.0032, "county_sunHour": 11.28}, "geometry": {"type": "Polygon", "coordinates": [[[-120.50807377381004, 34.912269704994614], [-120.50807377381004, 34.957185263744165], [-120.45354869841337, 34.957185263744165], [-120.45354869841337, 34.912269704994614], [-120.50807377381004, 34.912269704994614]]]}}, {"type": "Feature", "properties": {"grid_id": "06083_5km_0256", "county": "Santa Barbara County", "county_short": "Santa Barbara", "geoid": "06083", "grid_km": 5.0, "center_lat": 34.934727, "center_lon": -120.426286, "row_index": 12, "col_index": 4, "is_mock": 1, "shape_model": "county_boundary_clipped_grid", "month": "2020-08", "monthly_fire_probability_pct": 41.33, "risk_score": 0.567, "risk_level": "medium", "mock_ndvi": 0.6616, "mock_avgtempF": 82.35, "mock_humid": 43.85, "mock_wind": 4.73, "county_avgtempF": 82.39, "county_humid": 43.77, "county_wind": 4.71, "county_precip": 0.0032, "county_sunHour": 11.28}, "geometry": {"type": "Polygon", "coordinates": [[[-120.45354869841339, 34.912269704994614], [-120.45354869841339, 34.957185263744165], [-120.39902362301672, 34.957185263744165], [-120.39902362301672, 34.912269704994614], [-120.45354869841339, 34.912269704994614]]]}}, {"type": "Feature", "properties": {"grid_id": "06083_5km_0257", "county": "Santa Barbara County", "county_short": "Santa Barbara", "geoid": "06083", "grid_km": 5.0, "center_lat": 34.936964, "center_lon": -120.373894, "row_index": 12, "col_index": 5, "is_mock": 1, "shape_model": "county_boundary_clipped_grid", "month": "2020-08", "monthly_fire_probability_pct": 41.33, "risk_score": 0.5652, "risk_level": "medium", "mock_ndvi": 0.6593, "mock_avgtempF": 82.26, "mock_humid": 44.05, "mock_wind": 4.78, "county_avgtempF": 82.39, "county_humid": 43.77, "county_wind": 4.71, "county_precip": 0.0032, "county_sunHour": 11.28}, "geometry": {"type": "Polygon", "coordinates": [[[-120.361245, 34.946466], [-120.35303, 34.939287], [-120.34449854762006, 34.93464050706781], [-120.34449854762006, 34.912269704994614], [-120.39902362301673, 34.912269704994614], [-120.39902362301673, 34.957185263744165], [-120.3802174411563, 34.957185263744165], [-120.361245, 34.946466]]]}}, {"type": "Feature", "properties": {"grid_id": "06083_5km_0258", "county": "Santa Barbara County", "county_short": "Santa Barbara", "geoid": "06083", "grid_km": 5.0, "center_lat": 34.919045, "center_lon": -120.334597, "row_index": 12, "col_index": 6, "is_mock": 1, "shape_model": "county_boundary_clipped_grid", "month": "2020-08", "monthly_fire_probability_pct": 41.33, "risk_score": 0.5627, "risk_level": "medium", "mock_ndvi": 0.6561, "mock_avgtempF": 82.13, "mock_humid": 44.34, "mock_wind": 4.85, "county_avgtempF": 82.39, "county_humid": 43.77, "county_wind": 4.71, "county_precip": 0.0032, "county_sunHour": 11.28}, "geometry": {"type": "MultiPolygon", "coordinates": [[[[-120.328305, 34.925821], [-120.3210852902029, 34.912269704994614], [-120.34449854762008, 34.912269704994614], [-120.34449854762008, 34.934640507067826], [-120.328305, 34.925821]]], [[[-120.300271, 34.914697], [-120.29218, 34.93031], [-120.294548, 34.946594], [-120.304134, 34.957099], [-120.30410399581646, 34.957185263744165], [-120.28997347222341, 34.957185263744165], [-120.28997347222341, 34.912269704994614], [-120.30068485832, 34.912269704994614], [-120.300271, 34.914697]]]]}}, {"type": "Feature", "properties": {"grid_id": "06083_5km_0259", "county": "Santa Barbara County", "county_short": "Santa Barbara", "geoid": "06083", "grid_km": 5.0, "center_lat": 34.934727, "center_lon": -120.262711, "row_index": 12, "col_index": 7, "is_mock": 1, "shape_model": "county_boundary_clipped_grid", "month": "2020-08", "monthly_fire_probability_pct": 41.33, "risk_score": 0.5607, "risk_level": "medium", "mock_ndvi": 0.6537, "mock_avgtempF": 82.04, "mock_humid": 44.56, "mock_wind": 4.9, "county_avgtempF": 82.39, "county_humid": 43.77, "county_wind": 4.71, "county_precip": 0.0032, "county_sunHour": 11.28}, "geometry": {"type": "Polygon", "coordinates": [[[-120.28997347222342, 34.912269704994614], [-120.28997347222342, 34.957185263744165], [-120.23544839682675, 34.957185263744165], [-120.23544839682675, 34.912269704994614], [-120.28997347222342, 34.912269704994614]]]}}, {"type": "Feature", "properties": {"grid_id": "06083_5km_0260", "county": "Santa Barbara County", "county_short": "Santa Barbara", "geoid": "06083", "grid_km": 5.0, "center_lat": 34.934727, "center_lon": -120.208186, "row_index": 12, "col_index": 8, "is_mock": 1, "shape_model": "county_boundary_clipped_grid", "month": "2020-08", "monthly_fire_probability_pct": 41.33, "risk_score": 0.5587, "risk_level": "medium", "mock_ndvi": 0.6512, "mock_avgtempF": 81.94, "mock_humid": 44.78, "mock_wind": 4.96, "county_avgtempF": 82.39, "county_humid": 43.77, "county_wind": 4.71, "county_precip": 0.0032, "county_sunHour": 11.28}, "geometry": {"type": "Polygon", "coordinates": [[[-120.23544839682677, 34.912269704994614], [-120.23544839682677, 34.957185263744165], [-120.1809233214301, 34.957185263744165], [-120.1809233214301, 34.912269704994614], [-120.23544839682677, 34.912269704994614]]]}}, {"type": "Feature", "properties": {"grid_id": "06083_5km_0261", "county": "Santa Barbara County", "county_short": "Santa Barbara", "geoid": "06083", "grid_km": 5.0, "center_lat": 34.934727, "center_lon": -120.153661, "row_index": 12, "col_index": 9, "is_mock": 1, "shape_model": "county_boundary_clipped_grid", "month": "2020-08", "monthly_fire_probability_pct": 41.33, "risk_score": 0.5571, "risk_level": "medium", "mock_ndvi": 0.6491, "mock_avgtempF": 81.86, "mock_humid": 44.97, "mock_wind": 5.0, "county_avgtempF": 82.39, "county_humid": 43.77, "county_wind": 4.71, "county_precip": 0.0032, "county_sunHour": 11.28}, "geometry": {"type": "Polygon", "coordinates": [[[-120.18092332143011, 34.912269704994614], [-120.18092332143011, 34.957185263744165], [-120.12639824603345, 34.957185263744165], [-120.12639824603345, 34.912269704994614], [-120.18092332143011, 34.912269704994614]]]}}, {"type": "Feature", "properties": {"grid_id": "06083_5km_0262", "county": "Santa Barbara County", "county_short": "Santa Barbara", "geoid": "06083", "grid_km": 5.0, "center_lat": 34.934727, "center_lon": -120.099136, "row_index": 12, "col_index": 10, "is_mock": 1, "shape_model": "county_boundary_clipped_grid", "month": "2020-08", "monthly_fire_probability_pct": 41.33, "risk_score": 0.5559, "risk_level": "medium", "mock_ndvi": 0.6476, "mock_avgtempF": 81.8, "mock_humid": 45.1, "mock_wind": 5.03, "county_avgtempF": 82.39, "county_humid": 43.77, "county_wind": 4.71, "county_precip": 0.0032, "county_sunHour": 11.28}, "geometry": {"type": "Polygon", "coordinates": [[[-120.12639824603346, 34.912269704994614], [-120.12639824603346, 34.957185263744165], [-120.07187317063679, 34.957185263744165], [-120.07187317063679, 34.912269704994614], [-120.12639824603346, 34.912269704994614]]]}}, {"type": "Feature", "properties": {"grid_id": "06083_5km_0263", "county": "Santa Barbara County", "county_short": "Santa Barbara", "geoid": "06083", "grid_km": 5.0, "center_lat": 34.934727, "center_lon": -120.044611, "row_index": 12, "col_index": 11, "is_mock": 1, "shape_model": "county_boundary_clipped_grid", "month": "2020-08", "monthly_fire_probability_pct": 41.33, "risk_score": 0.5552, "risk_level": "medium", "mock_ndvi": 0.6468, "mock_avgtempF": 81.76, "mock_humid": 45.18, "mock_wind": 5.05, "county_avgtempF": 82.39, "county_humid": 43.77, "county_wind": 4.71, "county_precip": 0.0032, "county_sunHour": 11.28}, "geometry": {"type": "Polygon", "coordinates": [[[-120.0718731706368, 34.912269704994614], [-120.0718731706368, 34.957185263744165], [-120.01734809524014, 34.957185263744165], [-120.01734809524014, 34.912269704994614], [-120.0718731706368, 34.912269704994614]]]}}, {"type": "Feature", "properties": {"grid_id": "06083_5km_0264", "county": "Santa Barbara County", "county_short": "Santa Barbara", "geoid": "06083", "grid_km": 5.0, "center_lat": 34.934727, "center_lon": -119.990086, "row_index": 12, "col_index": 12, "is_mock": 1, "shape_model": "county_boundary_clipped_grid", "month": "2020-08", "monthly_fire_probability_pct": 41.33, "risk_score": 0.5551, "risk_level": "medium", "mock_ndvi": 0.6467, "mock_avgtempF": 81.76, "mock_humid": 45.19, "mock_wind": 5.06, "county_avgtempF": 82.39, "county_humid": 43.77, "county_wind": 4.71, "county_precip": 0.0032, "county_sunHour": 11.28}, "geometry": {"type": "Polygon", "coordinates": [[[-120.01734809524015, 34.912269704994614], [-120.01734809524015, 34.957185263744165], [-119.96282301984348, 34.957185263744165], [-119.96282301984348, 34.912269704994614], [-120.01734809524015, 34.912269704994614]]]}}, {"type": "Feature", "properties": {"grid_id": "06083_5km_0265", "county": "Santa Barbara County", "county_short": "Santa Barbara", "geoid": "06083", "grid_km": 5.0, "center_lat": 34.934727, "center_lon": -119.93556, "row_index": 12, "col_index": 13, "is_mock": 1, "shape_model": "county_boundary_clipped_grid", "month": "2020-08", "monthly_fire_probability_pct": 41.33, "risk_score": 0.5556, "risk_level": "medium", "mock_ndvi": 0.6473, "mock_avgtempF": 81.78, "mock_humid": 45.13, "mock_wind": 5.04, "county_avgtempF": 82.39, "county_humid": 43.77, "county_wind": 4.71, "county_precip": 0.0032, "county_sunHour": 11.28}, "geometry": {"type": "Polygon", "coordinates": [[[-119.9628230198435, 34.912269704994614], [-119.9628230198435, 34.957185263744165], [-119.90829794444683, 34.957185263744165], [-119.90829794444683, 34.912269704994614], [-119.9628230198435, 34.912269704994614]]]}}, {"type": "Feature", "properties": {"grid_id": "06083_5km_0266", "county": "Santa Barbara County", "county_short": "Santa Barbara", "geoid": "06083", "grid_km": 5.0, "center_lat": 34.934727, "center_lon": -119.881035, "row_index": 12, "col_index": 14, "is_mock": 1, "shape_model": "county_boundary_clipped_grid", "month": "2020-08", "monthly_fire_probability_pct": 41.33, "risk_score": 0.5567, "risk_level": "medium", "mock_ndvi": 0.6486, "mock_avgtempF": 81.84, "mock_humid": 45.02, "mock_wind": 5.01, "county_avgtempF": 82.39, "county_humid": 43.77, "county_wind": 4.71, "county_precip": 0.0032, "county_sunHour": 11.28}, "geometry": {"type": "Polygon", "coordinates": [[[-119.90829794444684, 34.912269704994614], [-119.90829794444684, 34.957185263744165], [-119.85377286905018, 34.957185263744165], [-119.85377286905018, 34.912269704994614], [-119.90829794444684, 34.912269704994614]]]}}, {"type": "Feature", "properties": {"grid_id": "06083_5km_0267", "county": "Santa Barbara County", "county_short": "Santa Barbara", "geoid": "06083", "grid_km": 5.0, "center_lat": 34.934727, "center_lon": -119.82651, "row_index": 12, "col_index": 15, "is_mock": 1, "shape_model": "county_boundary_clipped_grid", "month": "2020-08", "monthly_fire_probability_pct": 41.33, "risk_score": 0.5582, "risk_level": "medium", "mock_ndvi": 0.6505, "mock_avgtempF": 81.91, "mock_humid": 44.84, "mock_wind": 4.97, "county_avgtempF": 82.39, "county_humid": 43.77, "county_wind": 4.71, "county_precip": 0.0032, "county_sunHour": 11.28}, "geometry": {"type": "Polygon", "coordinates": [[[-119.85377286905019, 34.912269704994614], [-119.85377286905019, 34.957185263744165], [-119.79924779365352, 34.957185263744165], [-119.79924779365352, 34.912269704994614], [-119.85377286905019, 34.912269704994614]]]}}, {"type": "Feature", "properties": {"grid_id": "06083_5km_0268", "county": "Santa Barbara County", "county_short": "Santa Barbara", "geoid": "06083", "grid_km": 5.0, "center_lat": 34.934727, "center_lon": -119.771985, "row_index": 12, "col_index": 16, "is_mock": 1, "shape_model": "county_boundary_clipped_grid", "month": "2020-08", "monthly_fire_probability_pct": 41.33, "risk_score": 0.5601, "risk_level": "medium", "mock_ndvi": 0.6529, "mock_avgtempF": 82.01, "mock_humid": 44.63, "mock_wind": 4.92, "county_avgtempF": 82.39, "county_humid": 43.77, "county_wind": 4.71, "county_precip": 0.0032, "county_sunHour": 11.28}, "geometry": {"type": "Polygon", "coordinates": [[[-119.79924779365354, 34.912269704994614], [-119.79924779365354, 34.957185263744165], [-119.74472271825687, 34.957185263744165], [-119.74472271825687, 34.912269704994614], [-119.79924779365354, 34.912269704994614]]]}}, {"type": "Feature", "properties": {"grid_id": "06083_5km_0269", "county": "Santa Barbara County", "county_short": "Santa Barbara", "geoid": "06083", "grid_km": 5.0, "center_lat": 34.934727, "center_lon": -119.71746, "row_index": 12, "col_index": 17, "is_mock": 1, "shape_model": "county_boundary_clipped_grid", "month": "2020-08", "monthly_fire_probability_pct": 41.33, "risk_score": 0.5622, "risk_level": "medium", "mock_ndvi": 0.6555, "mock_avgtempF": 82.11, "mock_humid": 44.4, "mock_wind": 4.86, "county_avgtempF": 82.39, "county_humid": 43.77, "county_wind": 4.71, "county_precip": 0.0032, "county_sunHour": 11.28}, "geometry": {"type": "Polygon", "coordinates": [[[-119.74472271825688, 34.912269704994614], [-119.74472271825688, 34.957185263744165], [-119.69019764286021, 34.957185263744165], [-119.69019764286021, 34.912269704994614], [-119.74472271825688, 34.912269704994614]]]}}, {"type": "Feature", "properties": {"grid_id": "06083_5km_0270", "county": "Santa Barbara County", "county_short": "Santa Barbara", "geoid": "06083", "grid_km": 5.0, "center_lat": 34.932922, "center_lon": -119.662935, "row_index": 12, "col_index": 18, "is_mock": 1, "shape_model": "county_boundary_clipped_grid", "month": "2020-08", "monthly_fire_probability_pct": 41.33, "risk_score": 0.5642, "risk_level": "medium", "mock_ndvi": 0.6581, "mock_avgtempF": 82.21, "mock_humid": 44.16, "mock_wind": 4.8, "county_avgtempF": 82.39, "county_humid": 43.77, "county_wind": 4.71, "county_precip": 0.0032, "county_sunHour": 11.28}, "geometry": {"type": "Polygon", "coordinates": [[[-119.644262, 34.953575], [-119.63567256746356, 34.953849101665874], [-119.63567256746356, 34.912269704994614], [-119.69019764286023, 34.912269704994614], [-119.69019764286023, 34.957185263744165], [-119.64815258345988, 34.957185263744165], [-119.644262, 34.953575]]]}}, {"type": "Feature", "properties": {"grid_id": "06083_5km_0271", "county": "Santa Barbara County", "county_short": "Santa Barbara", "geoid": "06083", "grid_km": 5.0, "center_lat": 34.929781, "center_lon": -119.611238, "row_index": 12, "col_index": 19, "is_mock": 1, "shape_model": "county_boundary_clipped_grid", "month": "2020-08", "monthly_fire_probability_pct": 41.33, "risk_score": 0.566, "risk_level": "medium", "mock_ndvi": 0.6603, "mock_avgtempF": 82.3, "mock_humid": 43.96, "mock_wind": 4.76, "county_avgtempF": 82.39, "county_humid": 43.77, "county_wind": 4.71, "county_precip": 0.0032, "county_sunHour": 11.28}, "geometry": {"type": "Polygon", "coordinates": [[[-119.634861, 34.953875], [-119.625361, 34.949275], [-119.616861, 34.950575], [-119.59246, 34.935076], [-119.5811474920669, 34.92448551583399], [-119.5811474920669, 34.912269704994614], [-119.63567256746357, 34.912269704994614], [-119.63567256746357, 34.953849101665874], [-119.634861, 34.953875]]]}}, {"type": "Feature", "properties": {"grid_id": "06083_5km_0272", "county": "Santa Barbara County", "county_short": "Santa Barbara", "geoid": "06083", "grid_km": 5.0, "center_lat": 34.918325, "center_lon": -119.575903, "row_index": 12, "col_index": 20, "is_mock": 1, "shape_model": "county_boundary_clipped_grid", "month": "2020-08", "monthly_fire_probability_pct": 41.33, "risk_score": 0.5666, "risk_level": "medium", "mock_ndvi": 0.6611, "mock_avgtempF": 82.33, "mock_humid": 43.89, "mock_wind": 4.74, "county_avgtempF": 82.39, "county_humid": 43.77, "county_wind": 4.71, "county_precip": 0.0032, "county_sunHour": 11.28}, "geometry": {"type": "Polygon", "coordinates": [[[-119.578359, 34.921875], [-119.562958, 34.914775], [-119.55899576211166, 34.912269704994614], [-119.58114749206692, 34.912269704994614], [-119.58114749206692, 34.92448551583401], [-119.578359, 34.921875]]]}}, {"type": "Feature", "properties": {"grid_id": "06083_5km_0273", "county": "Santa Barbara County", "county_short": "Santa Barbara", "geoid": "06083", "grid_km": 5.0, "center_lat": 34.970121, "center_lon": -120.647636, "row_index": 13, "col_index": 0, "is_mock": 1, "shape_model": "county_boundary_clipped_grid", "month": "2020-08", "monthly_fire_probability_pct": 41.33, "risk_score": 0.5733, "risk_level": "medium", "mock_ndvi": 0.6694, "mock_avgtempF": 82.67, "mock_humid": 43.15, "mock_wind": 4.86, "county_avgtempF": 82.39, "county_humid": 43.77, "county_wind": 4.71, "county_precip": 0.0032, "county_sunHour": 11.28}, "geometry": {"type": "Polygon", "coordinates": [[[-120.649098, 34.974587], [-120.634144, 34.959562], [-120.61712392460333, 34.96565545412324], [-120.61712392460333, 34.957185263744165], [-120.65502669968323, 34.957185263744165], [-120.649098, 34.974587]]]}}, {"type": "Feature", "properties": {"grid_id": "06083_5km_0274", "county": "Santa Barbara County", "county_short": "Santa Barbara", "geoid": "06083", "grid_km": 5.0, "center_lat": 34.969246, "center_lon": -120.573113, "row_index": 13, "col_index": 1, "is_mock": 1, "shape_model": "county_boundary_clipped_grid", "month": "2020-08", "monthly_fire_probability_pct": 41.33, "risk_score": 0.5728, "risk_level": "medium", "mock_ndvi": 0.6688, "mock_avgtempF": 82.64, "mock_humid": 43.2, "mock_wind": 4.85, "county_avgtempF": 82.39, "county_humid": 43.77, "county_wind": 4.71, "county_precip": 0.0032, "county_sunHour": 11.28}, "geometry": {"type": "Polygon", "coordinates": [[[-120.616304, 34.965949], [-120.613143, 34.971272], [-120.602199, 34.972749], [-120.5955, 34.966488], [-120.585516, 34.967221], [-120.575191, 34.978291], [-120.56259884920668, 34.975551550293595], [-120.56259884920668, 34.957185263744165], [-120.61712392460335, 34.957185263744165], [-120.61712392460335, 34.96565545412323], [-120.616304, 34.965949]]]}}, {"type": "Feature", "properties": {"grid_id": "06083_5km_0275", "county": "Santa Barbara County", "county_short": "Santa Barbara", "geoid": "06083", "grid_km": 5.0, "center_lat": 34.965533, "center_lon": -120.535336, "row_index": 13, "col_index": 2, "is_mock": 1, "shape_model": "county_boundary_clipped_grid", "month": "2020-08", "monthly_fire_probability_pct": 41.33, "risk_score": 0.572, "risk_level": "medium", "mock_ndvi": 0.6678, "mock_avgtempF": 82.6, "mock_humid": 43.29, "mock_wind": 4.83, "county_avgtempF": 82.39, "county_humid": 43.77, "county_wind": 4.71, "county_precip": 0.0032, "county_sunHour": 11.28}, "geometry": {"type": "Polygon", "coordinates": [[[-120.55492, 34.973881], [-120.53857, 34.983754], [-120.50807377381003, 34.99052397785992], [-120.50807377381003, 34.957185263744165], [-120.5625988492067, 34.957185263744165], [-120.5625988492067, 34.975551550293595], [-120.55492, 34.973881]]]}}, {"type": "Feature", "properties": {"grid_id": "06083_5km_0276", "county": "Santa Barbara County", "county_short": "Santa Barbara", "geoid": "06083", "grid_km": 5.0, "center_lat": 34.973188, "center_lon": -120.480811, "row_index": 13, "col_index": 3, "is_mock": 1, "shape_model": "county_boundary_clipped_grid", "month": "2020-08", "monthly_fire_probability_pct": 41.33, "risk_score": 0.5712, "risk_level": "medium", "mock_ndvi": 0.6667, "mock_avgtempF": 82.56, "mock_humid": 43.38, "mock_wind": 4.81, "county_avgtempF": 82.39, "county_humid": 43.77, "county_wind": 4.71, "county_precip": 0.0032, "county_sunHour": 11.28}, "geometry": {"type": "Polygon", "coordinates": [[[-120.45354869841337, 34.989190444419386], [-120.45354869841337, 34.957185263744165], [-120.50807377381004, 34.957185263744165], [-120.50807377381004, 34.99052397785992], [-120.496222, 34.993155], [-120.45354869841337, 34.989190444419386]]]}}, {"type": "Feature", "properties": {"grid_id": "06083_5km_0277", "county": "Santa Barbara County", "county_short": "Santa Barbara", "geoid": "06083", "grid_km": 5.0, "center_lat": 34.977602, "center_lon": -120.436055, "row_index": 13, "col_index": 4, "is_mock": 1, "shape_model": "county_boundary_clipped_grid", "month": "2020-08", "monthly_fire_probability_pct": 41.33, "risk_score": 0.5701, "risk_level": "medium", "mock_ndvi": 0.6654, "mock_avgtempF": 82.51, "mock_humid": 43.51, "mock_wind": 4.77, "county_avgtempF": 82.39, "county_humid": 43.77, "county_wind": 4.71, "county_precip": 0.0032, "county_sunHour": 11.28}, "geometry": {"type": "Polygon", "coordinates": [[[-120.438098, 34.987755], [-120.39902362301672, 34.967449180168735], [-120.39902362301672, 34.957185263744165], [-120.45354869841339, 34.957185263744165], [-120.45354869841339, 34.989190444419386], [-120.438098, 34.987755]]]}}, {"type": "Feature", "properties": {"grid_id": "06083_5km_0278", "county": "Santa Barbara County", "county_short": "Santa Barbara", "geoid": "06083", "grid_km": 5.0, "center_lat": 34.960245, "center_lon": -120.392328, "row_index": 13, "col_index": 5, "is_mock": 1, "shape_model": "county_boundary_clipped_grid", "month": "2020-08", "monthly_fire_probability_pct": 41.33, "risk_score": 0.5674, "risk_level": "medium", "mock_ndvi": 0.662, "mock_avgtempF": 82.37, "mock_humid": 43.81, "mock_wind": 4.72, "county_avgtempF": 82.39, "county_humid": 43.77, "county_wind": 4.71, "county_precip": 0.0032, "county_sunHour": 11.28}, "geometry": {"type": "Polygon", "coordinates": [[[-120.391049, 34.963305], [-120.3802174411563, 34.957185263744165], [-120.39902362301673, 34.957185263744165], [-120.39902362301673, 34.96744918016874], [-120.391049, 34.963305]]]}}, {"type": "Feature", "properties": {"grid_id": "06083_5km_0279", "county": "Santa Barbara County", "county_short": "Santa Barbara", "geoid": "06083", "grid_km": 5.0, "center_lat": 34.977663, "center_lon": -120.302318, "row_index": 13, "col_index": 6, "is_mock": 1, "shape_model": "county_boundary_clipped_grid", "month": "2020-08", "monthly_fire_probability_pct": 41.33, "risk_score": 0.565, "risk_level": "medium", "mock_ndvi": 0.659, "mock_avgtempF": 82.25, "mock_humid": 44.08, "mock_wind": 4.78, "county_avgtempF": 82.39, "county_humid": 43.77, "county_wind": 4.71, "county_precip": 0.0032, "county_sunHour": 11.28}, "geometry": {"type": "Polygon", "coordinates": [[[-120.301949, 34.963381], [-120.314791, 34.973824], [-120.314533, 34.981501], [-120.327115, 34.986525], [-120.333416, 34.994756], [-120.33413529570576, 35.002100822493716], [-120.28997347222341, 35.002100822493716], [-120.28997347222341, 34.957185263744165], [-120.30410399581646, 34.957185263744165], [-120.301949, 34.963381]]]}}, {"type": "Feature", "properties": {"grid_id": "06083_5km_0280", "county": "Santa Barbara County", "county_short": "Santa Barbara", "geoid": "06083", "grid_km": 5.0, "center_lat": 34.979643, "center_lon": -120.262711, "row_index": 13, "col_index": 7, "is_mock": 1, "shape_model": "county_boundary_clipped_grid", "month": "2020-08", "monthly_fire_probability_pct": 41.33, "risk_score": 0.5635, "risk_level": "medium", "mock_ndvi": 0.6572, "mock_avgtempF": 82.18, "mock_humid": 44.24, "mock_wind": 4.82, "county_avgtempF": 82.39, "county_humid": 43.77, "county_wind": 4.71, "county_precip": 0.0032, "county_sunHour": 11.28}, "geometry": {"type": "Polygon", "coordinates": [[[-120.28997347222342, 34.957185263744165], [-120.28997347222342, 35.002100822493716], [-120.23544839682675, 35.002100822493716], [-120.23544839682675, 34.957185263744165], [-120.28997347222342, 34.957185263744165]]]}}, {"type": "Feature", "properties": {"grid_id": "06083_5km_0281", "county": "Santa Barbara County", "county_short": "Santa Barbara", "geoid": "06083", "grid_km": 5.0, "center_lat": 34.979643, "center_lon": -120.208186, "row_index": 13, "col_index": 8, "is_mock": 1, "shape_model": "county_boundary_clipped_grid", "month": "2020-08", "monthly_fire_probability_pct": 41.33, "risk_score": 0.5616, "risk_level": "medium", "mock_ndvi": 0.6547, "mock_avgtempF": 82.08, "mock_humid": 44.46, "mock_wind": 4.88, "county_avgtempF": 82.39, "county_humid": 43.77, "county_wind": 4.71, "county_precip": 0.0032, "county_sunHour": 11.28}, "geometry": {"type": "Polygon", "coordinates": [[[-120.23544839682677, 34.957185263744165], [-120.23544839682677, 35.002100822493716], [-120.1809233214301, 35.002100822493716], [-120.1809233214301, 34.957185263744165], [-120.23544839682677, 34.957185263744165]]]}}, {"type": "Feature", "properties": {"grid_id": "06083_5km_0282", "county": "Santa Barbara County", "county_short": "Santa Barbara", "geoid": "06083", "grid_km": 5.0, "center_lat": 34.979643, "center_lon": -120.153661, "row_index": 13, "col_index": 9, "is_mock": 1, "shape_model": "county_boundary_clipped_grid", "month": "2020-08", "monthly_fire_probability_pct": 41.33, "risk_score": 0.5599, "risk_level": "medium", "mock_ndvi": 0.6527, "mock_avgtempF": 82.0, "mock_humid": 44.65, "mock_wind": 4.92, "county_avgtempF": 82.39, "county_humid": 43.77, "county_wind": 4.71, "county_precip": 0.0032, "county_sunHour": 11.28}, "geometry": {"type": "Polygon", "coordinates": [[[-120.18092332143011, 34.957185263744165], [-120.18092332143011, 35.002100822493716], [-120.12639824603345, 35.002100822493716], [-120.12639824603345, 34.957185263744165], [-120.18092332143011, 34.957185263744165]]]}}, {"type": "Feature", "properties": {"grid_id": "06083_5km_0283", "county": "Santa Barbara County", "county_short": "Santa Barbara", "geoid": "06083", "grid_km": 5.0, "center_lat": 34.979643, "center_lon": -120.099136, "row_index": 13, "col_index": 10, "is_mock": 1, "shape_model": "county_boundary_clipped_grid", "month": "2020-08", "monthly_fire_probability_pct": 41.33, "risk_score": 0.5587, "risk_level": "medium", "mock_ndvi": 0.6512, "mock_avgtempF": 81.94, "mock_humid": 44.78, "mock_wind": 4.96, "county_avgtempF": 82.39, "county_humid": 43.77, "county_wind": 4.71, "county_precip": 0.0032, "county_sunHour": 11.28}, "geometry": {"type": "Polygon", "coordinates": [[[-120.12639824603346, 34.957185263744165], [-120.12639824603346, 35.002100822493716], [-120.07187317063679, 35.002100822493716], [-120.07187317063679, 34.957185263744165], [-120.12639824603346, 34.957185263744165]]]}}, {"type": "Feature", "properties": {"grid_id": "06083_5km_0284", "county": "Santa Barbara County", "county_short": "Santa Barbara", "geoid": "06083", "grid_km": 5.0, "center_lat": 34.979643, "center_lon": -120.044611, "row_index": 13, "col_index": 11, "is_mock": 1, "shape_model": "county_boundary_clipped_grid", "month": "2020-08", "monthly_fire_probability_pct": 41.33, "risk_score": 0.558, "risk_level": "medium", "mock_ndvi": 0.6503, "mock_avgtempF": 81.9, "mock_humid": 44.86, "mock_wind": 4.98, "county_avgtempF": 82.39, "county_humid": 43.77, "county_wind": 4.71, "county_precip": 0.0032, "county_sunHour": 11.28}, "geometry": {"type": "Polygon", "coordinates": [[[-120.0718731706368, 34.957185263744165], [-120.0718731706368, 35.002100822493716], [-120.01734809524014, 35.002100822493716], [-120.01734809524014, 34.957185263744165], [-120.0718731706368, 34.957185263744165]]]}}, {"type": "Feature", "properties": {"grid_id": "06083_5km_0285", "county": "Santa Barbara County", "county_short": "Santa Barbara", "geoid": "06083", "grid_km": 5.0, "center_lat": 34.979643, "center_lon": -119.990086, "row_index": 13, "col_index": 12, "is_mock": 1, "shape_model": "county_boundary_clipped_grid", "month": "2020-08", "monthly_fire_probability_pct": 41.33, "risk_score": 0.558, "risk_level": "medium", "mock_ndvi": 0.6502, "mock_avgtempF": 81.9, "mock_humid": 44.87, "mock_wind": 4.98, "county_avgtempF": 82.39, "county_humid": 43.77, "county_wind": 4.71, "county_precip": 0.0032, "county_sunHour": 11.28}, "geometry": {"type": "Polygon", "coordinates": [[[-120.01734809524015, 34.957185263744165], [-120.01734809524015, 35.002100822493716], [-119.96282301984348, 35.002100822493716], [-119.96282301984348, 34.957185263744165], [-120.01734809524015, 34.957185263744165]]]}}, {"type": "Feature", "properties": {"grid_id": "06083_5km_0286", "county": "Santa Barbara County", "county_short": "Santa Barbara", "geoid": "06083", "grid_km": 5.0, "center_lat": 34.979643, "center_lon": -119.93556, "row_index": 13, "col_index": 13, "is_mock": 1, "shape_model": "county_boundary_clipped_grid", "month": "2020-08", "monthly_fire_probability_pct": 41.33, "risk_score": 0.5584, "risk_level": "medium", "mock_ndvi": 0.6508, "mock_avgtempF": 81.92, "mock_humid": 44.81, "mock_wind": 4.96, "county_avgtempF": 82.39, "county_humid": 43.77, "county_wind": 4.71, "county_precip": 0.0032, "county_sunHour": 11.28}, "geometry": {"type": "Polygon", "coordinates": [[[-119.9628230198435, 34.957185263744165], [-119.9628230198435, 35.002100822493716], [-119.90829794444683, 35.002100822493716], [-119.90829794444683, 34.957185263744165], [-119.9628230198435, 34.957185263744165]]]}}, {"type": "Feature", "properties": {"grid_id": "06083_5km_0287", "county": "Santa Barbara County", "county_short": "Santa Barbara", "geoid": "06083", "grid_km": 5.0, "center_lat": 34.979643, "center_lon": -119.881035, "row_index": 13, "col_index": 14, "is_mock": 1, "shape_model": "county_boundary_clipped_grid", "month": "2020-08", "monthly_fire_probability_pct": 41.33, "risk_score": 0.5595, "risk_level": "medium", "mock_ndvi": 0.6521, "mock_avgtempF": 81.98, "mock_humid": 44.7, "mock_wind": 4.94, "county_avgtempF": 82.39, "county_humid": 43.77, "county_wind": 4.71, "county_precip": 0.0032, "county_sunHour": 11.28}, "geometry": {"type": "Polygon", "coordinates": [[[-119.90829794444684, 34.957185263744165], [-119.90829794444684, 35.002100822493716], [-119.85377286905018, 35.002100822493716], [-119.85377286905018, 34.957185263744165], [-119.90829794444684, 34.957185263744165]]]}}, {"type": "Feature", "properties": {"grid_id": "06083_5km_0288", "county": "Santa Barbara County", "county_short": "Santa Barbara", "geoid": "06083", "grid_km": 5.0, "center_lat": 34.976163, "center_lon": -119.82651, "row_index": 13, "col_index": 15, "is_mock": 1, "shape_model": "county_boundary_clipped_grid", "month": "2020-08", "monthly_fire_probability_pct": 41.33, "risk_score": 0.5608, "risk_level": "medium", "mock_ndvi": 0.6538, "mock_avgtempF": 82.04, "mock_humid": 44.55, "mock_wind": 4.9, "county_avgtempF": 82.39, "county_humid": 43.77, "county_wind": 4.71, "county_precip": 0.0032, "county_sunHour": 11.28}, "geometry": {"type": "Polygon", "coordinates": [[[-119.809949, 35.002097], [-119.79924779365352, 34.99514124177691], [-119.79924779365352, 34.957185263744165], [-119.85377286905019, 34.957185263744165], [-119.85377286905019, 35.002100822493716], [-119.80997066079773, 35.002100822493716], [-119.809949, 35.002097]]]}}, {"type": "Feature", "properties": {"grid_id": "06083_5km_0289", "county": "Santa Barbara County", "county_short": "Santa Barbara", "geoid": "06083", "grid_km": 5.0, "center_lat": 34.981198, "center_lon": -119.78009, "row_index": 13, "col_index": 16, "is_mock": 1, "shape_model": "county_boundary_clipped_grid", "month": "2020-08", "monthly_fire_probability_pct": 41.33, "risk_score": 0.5627, "risk_level": "medium", "mock_ndvi": 0.6562, "mock_avgtempF": 82.14, "mock_humid": 44.34, "mock_wind": 4.85, "county_avgtempF": 82.39, "county_humid": 43.77, "county_wind": 4.71, "county_precip": 0.0032, "county_sunHour": 11.28}, "geometry": {"type": "Polygon", "coordinates": [[[-119.789292, 34.98867], [-119.780402, 34.990729], [-119.745566, 34.973676], [-119.74472271825687, 34.973726536655334], [-119.74472271825687, 34.957185263744165], [-119.79924779365354, 34.957185263744165], [-119.79924779365354, 34.99514124177693], [-119.789292, 34.98867]]]}}, {"type": "Feature", "properties": {"grid_id": "06083_5km_0290", "county": "Santa Barbara County", "county_short": "Santa Barbara", "geoid": "06083", "grid_km": 5.0, "center_lat": 34.964431, "center_lon": -119.71746, "row_index": 13, "col_index": 17, "is_mock": 1, "shape_model": "county_boundary_clipped_grid", "month": "2020-08", "monthly_fire_probability_pct": 41.33, "risk_score": 0.564, "risk_level": "medium", "mock_ndvi": 0.6578, "mock_avgtempF": 82.2, "mock_humid": 44.19, "mock_wind": 4.81, "county_avgtempF": 82.39, "county_humid": 43.77, "county_wind": 4.71, "county_precip": 0.0032, "county_sunHour": 11.28}, "geometry": {"type": "Polygon", "coordinates": [[[-119.72933, 34.974649], [-119.717465, 34.971676], [-119.700564, 34.976674], [-119.69019764286021, 34.974359287892995], [-119.69019764286021, 34.957185263744165], [-119.74472271825688, 34.957185263744165], [-119.74472271825688, 34.973726536655334], [-119.72933, 34.974649]]]}}, {"type": "Feature", "properties": {"grid_id": "06083_5km_0291", "county": "Santa Barbara County", "county_short": "Santa Barbara", "geoid": "06083", "grid_km": 5.0, "center_lat": 34.967788, "center_lon": -119.676425, "row_index": 13, "col_index": 18, "is_mock": 1, "shape_model": "county_boundary_clipped_grid", "month": "2020-08", "monthly_fire_probability_pct": 41.33, "risk_score": 0.5659, "risk_level": "medium", "mock_ndvi": 0.6601, "mock_avgtempF": 82.3, "mock_humid": 43.98, "mock_wind": 4.76, "county_avgtempF": 82.39, "county_humid": 43.77, "county_wind": 4.71, "county_precip": 0.0032, "county_sunHour": 11.28}, "geometry": {"type": "Polygon", "coordinates": [[[-119.678624, 34.971775], [-119.673163, 34.973475], [-119.655282, 34.963801], [-119.64815258345988, 34.957185263744165], [-119.69019764286023, 34.957185263744165], [-119.69019764286023, 34.974359287892995], [-119.678624, 34.971775]]]}}, {"type": "Feature", "properties": {"grid_id": "06083_5km_0292", "county": "Santa Barbara County", "county_short": "Santa Barbara", "geoid": "06083", "grid_km": 5.0, "center_lat": 35.012285, "center_lon": -120.321958, "row_index": 14, "col_index": 6, "is_mock": 1, "shape_model": "county_boundary_clipped_grid", "month": "2020-08", "monthly_fire_probability_pct": 41.33, "risk_score": 0.5681, "risk_level": "medium", "mock_ndvi": 0.6628, "mock_avgtempF": 82.41, "mock_humid": 43.73, "mock_wind": 4.72, "county_avgtempF": 82.39, "county_humid": 43.77, "county_wind": 4.71, "county_precip": 0.0032, "county_sunHour": 11.28}, "geometry": {"type": "Polygon", "coordinates": [[[-120.334548, 35.006315], [-120.323823, 35.017314], [-120.309926, 35.00922], [-120.290228, 35.015435], [-120.28997347222341, 35.01535004047426], [-120.28997347222341, 35.002100822493716], [-120.33413529570576, 35.002100822493716], [-120.334548, 35.006315]]]}}, {"type": "Feature", "properties": {"grid_id": "06083_5km_0293", "county": "Santa Barbara County", "county_short": "Santa Barbara", "geoid": "06083", "grid_km": 5.0, "center_lat": 35.013455, "center_lon": -120.256526, "row_index": 14, "col_index": 7, "is_mock": 1, "shape_model": "county_boundary_clipped_grid", "month": "2020-08", "monthly_fire_probability_pct": 41.33, "risk_score": 0.5656, "risk_level": "medium", "mock_ndvi": 0.6597, "mock_avgtempF": 82.28, "mock_humid": 44.01, "mock_wind": 4.77, "county_avgtempF": 82.39, "county_humid": 43.77, "county_wind": 4.71, "county_precip": 0.0032, "county_sunHour": 11.28}, "geometry": {"type": "Polygon", "coordinates": [[[-120.278619, 35.01156], [-120.27367, 35.020805], [-120.261357, 35.023551], [-120.24403, 35.02359], [-120.23544839682675, 35.022668525464596], [-120.23544839682675, 35.002100822493716], [-120.28997347222342, 35.002100822493716], [-120.28997347222342, 35.01535004047427], [-120.278619, 35.01156]]]}}, {"type": "Feature", "properties": {"grid_id": "06083_5km_0294", "county": "Santa Barbara County", "county_short": "Santa Barbara", "geoid": "06083", "grid_km": 5.0, "center_lat": 35.011605, "center_lon": -120.208186, "row_index": 14, "col_index": 8, "is_mock": 1, "shape_model": "county_boundary_clipped_grid", "month": "2020-08", "monthly_fire_probability_pct": 41.33, "risk_score": 0.5637, "risk_level": "medium", "mock_ndvi": 0.6574, "mock_avgtempF": 82.19, "mock_humid": 44.22, "mock_wind": 4.82, "county_avgtempF": 82.39, "county_humid": 43.77, "county_wind": 4.71, "county_precip": 0.0032, "county_sunHour": 11.28}, "geometry": {"type": "MultiPolygon", "coordinates": [[[[-120.220934, 35.02111], [-120.191422, 35.02996], [-120.1809233214301, 35.03878036668599], [-120.1809233214301, 35.002100822493716], [-120.23544839682677, 35.002100822493716], [-120.23544839682677, 35.022668525464596], [-120.220934, 35.02111]]], [[[-120.18417783023531, 35.04701638124327], [-120.1809233214301, 35.04701638124327], [-120.1809233214301, 35.04046952880796], [-120.18417783023531, 35.04701638124327]]]]}}, {"type": "Feature", "properties": {"grid_id": "06083_5km_0295", "county": "Santa Barbara County", "county_short": "Santa Barbara", "geoid": "06083", "grid_km": 5.0, "center_lat": 35.020441, "center_lon": -120.153661, "row_index": 14, "col_index": 9, "is_mock": 1, "shape_model": "county_boundary_clipped_grid", "month": "2020-08", "monthly_fire_probability_pct": 41.33, "risk_score": 0.5627, "risk_level": "medium", "mock_ndvi": 0.6561, "mock_avgtempF": 82.13, "mock_humid": 44.34, "mock_wind": 4.85, "county_avgtempF": 82.39, "county_humid": 43.77, "county_wind": 4.71, "county_precip": 0.0032, "county_sunHour": 11.28}, "geometry": {"type": "Polygon", "coordinates": [[[-120.180331, 35.039278], [-120.18092332143011, 35.04046952880799], [-120.18092332143011, 35.04701638124327], [-120.12639824603345, 35.04701638124327], [-120.12639824603345, 35.002100822493716], [-120.18092332143011, 35.002100822493716], [-120.18092332143011, 35.03878036668598], [-120.180331, 35.039278]]]}}, {"type": "Feature", "properties": {"grid_id": "06083_5km_0296", "county": "Santa Barbara County", "county_short": "Santa Barbara", "geoid": "06083", "grid_km": 5.0, "center_lat": 35.024559, "center_lon": -120.099136, "row_index": 14, "col_index": 10, "is_mock": 1, "shape_model": "county_boundary_clipped_grid", "month": "2020-08", "monthly_fire_probability_pct": 41.33, "risk_score": 0.5617, "risk_level": "medium", "mock_ndvi": 0.6549, "mock_avgtempF": 82.09, "mock_humid": 44.45, "mock_wind": 4.87, "county_avgtempF": 82.39, "county_humid": 43.77, "county_wind": 4.71, "county_precip": 0.0032, "county_sunHour": 11.28}, "geometry": {"type": "Polygon", "coordinates": [[[-120.12639824603346, 35.002100822493716], [-120.12639824603346, 35.04701638124327], [-120.07187317063679, 35.04701638124327], [-120.07187317063679, 35.002100822493716], [-120.12639824603346, 35.002100822493716]]]}}, {"type": "Feature", "properties": {"grid_id": "06083_5km_0297", "county": "Santa Barbara County", "county_short": "Santa Barbara", "geoid": "06083", "grid_km": 5.0, "center_lat": 35.024559, "center_lon": -120.044611, "row_index": 14, "col_index": 11, "is_mock": 1, "shape_model": "county_boundary_clipped_grid", "month": "2020-08", "monthly_fire_probability_pct": 41.33, "risk_score": 0.561, "risk_level": "medium", "mock_ndvi": 0.6541, "mock_avgtempF": 82.05, "mock_humid": 44.52, "mock_wind": 4.89, "county_avgtempF": 82.39, "county_humid": 43.77, "county_wind": 4.71, "county_precip": 0.0032, "county_sunHour": 11.28}, "geometry": {"type": "Polygon", "coordinates": [[[-120.0718731706368, 35.002100822493716], [-120.0718731706368, 35.04701638124327], [-120.01734809524014, 35.04701638124327], [-120.01734809524014, 35.002100822493716], [-120.0718731706368, 35.002100822493716]]]}}, {"type": "Feature", "properties": {"grid_id": "06083_5km_0298", "county": "Santa Barbara County", "county_short": "Santa Barbara", "geoid": "06083", "grid_km": 5.0, "center_lat": 35.024559, "center_lon": -119.990086, "row_index": 14, "col_index": 12, "is_mock": 1, "shape_model": "county_boundary_clipped_grid", "month": "2020-08", "monthly_fire_probability_pct": 41.33, "risk_score": 0.561, "risk_level": "medium", "mock_ndvi": 0.654, "mock_avgtempF": 82.05, "mock_humid": 44.53, "mock_wind": 4.9, "county_avgtempF": 82.39, "county_humid": 43.77, "county_wind": 4.71, "county_precip": 0.0032, "county_sunHour": 11.28}, "geometry": {"type": "Polygon", "coordinates": [[[-120.01734809524015, 35.002100822493716], [-120.01734809524015, 35.04701638124327], [-119.96282301984348, 35.04701638124327], [-119.96282301984348, 35.002100822493716], [-120.01734809524015, 35.002100822493716]]]}}, {"type": "Feature", "properties": {"grid_id": "06083_5km_0299", "county": "Santa Barbara County", "county_short": "Santa Barbara", "geoid": "06083", "grid_km": 5.0, "center_lat": 35.023241, "center_lon": -119.93556, "row_index": 14, "col_index": 13, "is_mock": 1, "shape_model": "county_boundary_clipped_grid", "month": "2020-08", "monthly_fire_probability_pct": 41.33, "risk_score": 0.5614, "risk_level": "medium", "mock_ndvi": 0.6545, "mock_avgtempF": 82.07, "mock_humid": 44.49, "mock_wind": 4.88, "county_avgtempF": 82.39, "county_humid": 43.77, "county_wind": 4.71, "county_precip": 0.0032, "county_sunHour": 11.28}, "geometry": {"type": "Polygon", "coordinates": [[[-119.909429, 35.045953], [-119.90829794444683, 35.0443807383087], [-119.90829794444683, 35.002100822493716], [-119.9628230198435, 35.002100822493716], [-119.9628230198435, 35.04701638124327], [-119.91219927692939, 35.04701638124327], [-119.909429, 35.045953]]]}}, {"type": "Feature", "properties": {"grid_id": "06083_5km_0300", "county": "Santa Barbara County", "county_short": "Santa Barbara", "geoid": "06083", "grid_km": 5.0, "center_lat": 35.016525, "center_lon": -119.881035, "row_index": 14, "col_index": 14, "is_mock": 1, "shape_model": "county_boundary_clipped_grid", "month": "2020-08", "monthly_fire_probability_pct": 41.33, "risk_score": 0.562, "risk_level": "medium", "mock_ndvi": 0.6552, "mock_avgtempF": 82.1, "mock_humid": 44.42, "mock_wind": 4.87, "county_avgtempF": 82.39, "county_humid": 43.77, "county_wind": 4.71, "county_precip": 0.0032, "county_sunHour": 11.28}, "geometry": {"type": "Polygon", "coordinates": [[[-119.903802, 35.038131], [-119.889652, 35.040629], [-119.878272, 35.039713], [-119.863329, 35.031425], [-119.854517, 35.032149], [-119.85377286905018, 35.0309499185922], [-119.85377286905018, 35.002100822493716], [-119.90829794444684, 35.002100822493716], [-119.90829794444684, 35.044380738308725], [-119.903802, 35.038131]]]}}, {"type": "Feature", "properties": {"grid_id": "06083_5km_0301", "county": "Santa Barbara County", "county_short": "Santa Barbara", "geoid": "06083", "grid_km": 5.0, "center_lat": 35.023213, "center_lon": -119.851372, "row_index": 14, "col_index": 15, "is_mock": 1, "shape_model": "county_boundary_clipped_grid", "month": "2020-08", "monthly_fire_probability_pct": 41.33, "risk_score": 0.5632, "risk_level": "medium", "mock_ndvi": 0.6568, "mock_avgtempF": 82.16, "mock_humid": 44.28, "mock_wind": 4.83, "county_avgtempF": 82.39, "county_humid": 43.77, "county_wind": 4.71, "county_precip": 0.0032, "county_sunHour": 11.28}, "geometry": {"type": "Polygon", "coordinates": [[[-119.84417, 35.015476], [-119.830825, 35.005781], [-119.80997066079773, 35.002100822493716], [-119.85377286905019, 35.002100822493716], [-119.85377286905019, 35.03094991859223], [-119.84417, 35.015476]]]}}, {"type": "Feature", "properties": {"grid_id": "06083_5km_0302", "county": "Santa Barbara County", "county_short": "Santa Barbara", "geoid": "06083", "grid_km": 5.0, "center_lat": 35.051702, "center_lon": -120.181915, "row_index": 15, "col_index": 8, "is_mock": 1, "shape_model": "county_boundary_clipped_grid", "month": "2020-08", "monthly_fire_probability_pct": 41.33, "risk_score": 0.5655, "risk_level": "medium", "mock_ndvi": 0.6597, "mock_avgtempF": 82.28, "mock_humid": 44.02, "mock_wind": 4.77, "county_avgtempF": 82.39, "county_humid": 43.77, "county_wind": 4.71, "county_precip": 0.0032, "county_sunHour": 11.28}, "geometry": {"type": "Polygon", "coordinates": [[[-120.18489, 35.048449], [-120.1809233214301, 35.054954583140756], [-120.1809233214301, 35.04701638124327], [-120.18417783023531, 35.04701638124327], [-120.18489, 35.048449]]]}}, {"type": "Feature", "properties": {"grid_id": "06083_5km_0303", "county": "Santa Barbara County", "county_short": "Santa Barbara", "geoid": "06083", "grid_km": 5.0, "center_lat": 35.064697, "center_lon": -120.150691, "row_index": 15, "col_index": 9, "is_mock": 1, "shape_model": "county_boundary_clipped_grid", "month": "2020-08", "monthly_fire_probability_pct": 41.33, "risk_score": 0.5654, "risk_level": "medium", "mock_ndvi": 0.6596, "mock_avgtempF": 82.27, "mock_humid": 44.03, "mock_wind": 4.77, "county_avgtempF": 82.39, "county_humid": 43.77, "county_wind": 4.71, "county_precip": 0.0032, "county_sunHour": 11.28}, "geometry": {"type": "Polygon", "coordinates": [[[-120.169043, 35.074439], [-120.149388, 35.081469], [-120.14082091332781, 35.09193193999282], [-120.12639824603345, 35.09193193999282], [-120.12639824603345, 35.04701638124327], [-120.18092332143011, 35.04701638124327], [-120.18092332143011, 35.054954583140734], [-120.169043, 35.074439]]]}}, {"type": "Feature", "properties": {"grid_id": "06083_5km_0304", "county": "Santa Barbara County", "county_short": "Santa Barbara", "geoid": "06083", "grid_km": 5.0, "center_lat": 35.069474, "center_lon": -120.099136, "row_index": 15, "col_index": 10, "is_mock": 1, "shape_model": "county_boundary_clipped_grid", "month": "2020-08", "monthly_fire_probability_pct": 41.33, "risk_score": 0.5646, "risk_level": "medium", "mock_ndvi": 0.6585, "mock_avgtempF": 82.23, "mock_humid": 44.12, "mock_wind": 4.79, "county_avgtempF": 82.39, "county_humid": 43.77, "county_wind": 4.71, "county_precip": 0.0032, "county_sunHour": 11.28}, "geometry": {"type": "Polygon", "coordinates": [[[-120.12639824603346, 35.04701638124327], [-120.12639824603346, 35.09193193999282], [-120.07187317063679, 35.09193193999282], [-120.07187317063679, 35.04701638124327], [-120.12639824603346, 35.04701638124327]]]}}, {"type": "Feature", "properties": {"grid_id": "06083_5km_0305", "county": "Santa Barbara County", "county_short": "Santa Barbara", "geoid": "06083", "grid_km": 5.0, "center_lat": 35.064461, "center_lon": -120.044611, "row_index": 15, "col_index": 11, "is_mock": 1, "shape_model": "county_boundary_clipped_grid", "month": "2020-08", "monthly_fire_probability_pct": 41.33, "risk_score": 0.5636, "risk_level": "medium", "mock_ndvi": 0.6573, "mock_avgtempF": 82.18, "mock_humid": 44.23, "mock_wind": 4.82, "county_avgtempF": 82.39, "county_humid": 43.77, "county_wind": 4.71, "county_precip": 0.0032, "county_sunHour": 11.28}, "geometry": {"type": "Polygon", "coordinates": [[[-120.032817, 35.087824], [-120.029313, 35.083571], [-120.01734809524014, 35.08190607221502], [-120.01734809524014, 35.04701638124327], [-120.0718731706368, 35.04701638124327], [-120.0718731706368, 35.09193193999282], [-120.05446028990387, 35.09193193999282], [-120.032817, 35.087824]]]}}, {"type": "Feature", "properties": {"grid_id": "06083_5km_0306", "county": "Santa Barbara County", "county_short": "Santa Barbara", "geoid": "06083", "grid_km": 5.0, "center_lat": 35.065736, "center_lon": -120.003108, "row_index": 15, "col_index": 12, "is_mock": 1, "shape_model": "county_boundary_clipped_grid", "month": "2020-08", "monthly_fire_probability_pct": 41.33, "risk_score": 0.5636, "risk_level": "medium", "mock_ndvi": 0.6573, "mock_avgtempF": 82.18, "mock_humid": 44.24, "mock_wind": 4.82, "county_avgtempF": 82.39, "county_humid": 43.77, "county_wind": 4.71, "county_precip": 0.0032, "county_sunHour": 11.28}, "geometry": {"type": "Polygon", "coordinates": [[[-120.014049, 35.081447], [-120.013582, 35.075578], [-120.002017, 35.073205], [-119.97572, 35.058266], [-119.96282301984348, 35.056770341119424], [-119.96282301984348, 35.04701638124327], [-120.01734809524015, 35.04701638124327], [-120.01734809524015, 35.08190607221502], [-120.014049, 35.081447]]]}}, {"type": "Feature", "properties": {"grid_id": "06083_5km_0307", "county": "Santa Barbara County", "county_short": "Santa Barbara", "geoid": "06083", "grid_km": 5.0, "center_lat": 35.051708, "center_lon": -119.941468, "row_index": 15, "col_index": 13, "is_mock": 1, "shape_model": "county_boundary_clipped_grid", "month": "2020-08", "monthly_fire_probability_pct": 41.33, "risk_score": 0.5631, "risk_level": "medium", "mock_ndvi": 0.6567, "mock_avgtempF": 82.16, "mock_humid": 44.29, "mock_wind": 4.83, "county_avgtempF": 82.39, "county_humid": 43.77, "county_wind": 4.71, "county_precip": 0.0032, "county_sunHour": 11.28}, "geometry": {"type": "Polygon", "coordinates": [[[-119.94272, 35.054439], [-119.928419, 35.059794], [-119.917307, 35.048977], [-119.91219927692939, 35.04701638124327], [-119.9628230198435, 35.04701638124327], [-119.9628230198435, 35.05677034111943], [-119.94272, 35.054439]]]}}, {"type": "Feature", "properties": {"grid_id": "06089_5km_0001", "county": "Shasta County", "county_short": "Shasta", "geoid": "06089", "grid_km": 5.0, "center_lat": 40.30863, "center_lon": -123.037177, "row_index": 0, "col_index": 0, "is_mock": 1, "shape_model": "county_boundary_clipped_grid", "month": "2020-08", "monthly_fire_probability_pct": 23.33, "risk_score": 0.4263, "risk_level": "medium", "mock_ndvi": 0.7121, "mock_avgtempF": 88.62, "mock_humid": 28.29, "mock_wind": 5.01, "county_avgtempF": 88.55, "county_humid": 28.45, "county_wind": 4.97, "county_precip": 0.0, "county_sunHour": 11.56}, "geometry": {"type": "Polygon", "coordinates": [[[-123.013397, 40.303448], [-123.025233, 40.303661], [-123.040839, 40.291296], [-123.056668, 40.285375], [-123.065426, 40.286971], [-123.064516, 40.288645], [-123.06593, 40.300995], [-123.068384, 40.303483], [-123.062177, 40.312561], [-123.06813612171878, 40.33029055874955], [-123.00949024199538, 40.33029055874955], [-123.00949024199538, 40.30469909095932], [-123.013397, 40.303448]]]}}, {"type": "Feature", "properties": {"grid_id": "06089_5km_0002", "county": "Shasta County", "county_short": "Shasta", "geoid": "06089", "grid_km": 5.0, "center_lat": 40.322718, "center_lon": -122.979841, "row_index": 0, "col_index": 1, "is_mock": 1, "shape_model": "county_boundary_clipped_grid", "month": "2020-08", "monthly_fire_probability_pct": 23.33, "risk_score": 0.4256, "risk_level": "medium", "mock_ndvi": 0.7112, "mock_avgtempF": 88.59, "mock_humid": 28.36, "mock_wind": 4.99, "county_avgtempF": 88.55, "county_humid": 28.45, "county_wind": 4.97, "county_precip": 0.0, "county_sunHour": 11.56}, "geometry": {"type": "Polygon", "coordinates": [[[-122.968302, 40.310886], [-122.976871, 40.315145], [-123.00949024199537, 40.304699090959325], [-123.00949024199537, 40.33029055874955], [-122.95019148399075, 40.33029055874955], [-122.95019148399075, 40.308092309695894], [-122.968302, 40.310886]]]}}, {"type": "Feature", "properties": {"grid_id": "06089_5km_0003", "county": "Shasta County", "county_short": "Shasta", "geoid": "06089", "grid_km": 5.0, "center_lat": 40.321183, "center_lon": -122.927156, "row_index": 0, "col_index": 2, "is_mock": 1, "shape_model": "county_boundary_clipped_grid", "month": "2020-08", "monthly_fire_probability_pct": 23.33, "risk_score": 0.4238, "risk_level": "medium", "mock_ndvi": 0.7089, "mock_avgtempF": 88.5, "mock_humid": 28.57, "mock_wind": 5.0, "county_avgtempF": 88.55, "county_humid": 28.45, "county_wind": 4.97, "county_precip": 0.0, "county_sunHour": 11.56}, "geometry": {"type": "Polygon", "coordinates": [[[-122.920086, 40.30661], [-122.942676, 40.312076], [-122.949807, 40.308033], [-122.95019148399074, 40.308092309695894], [-122.95019148399074, 40.33029055874955], [-122.89414183550295, 40.33029055874955], [-122.920086, 40.30661]]]}}, {"type": "Feature", "properties": {"grid_id": "06089_5km_0004", "county": "Shasta County", "county_short": "Shasta", "geoid": "06089", "grid_km": 5.0, "center_lat": 40.329586, "center_lon": -122.655094, "row_index": 0, "col_index": 6, "is_mock": 1, "shape_model": "county_boundary_clipped_grid", "month": "2020-08", "monthly_fire_probability_pct": 23.33, "risk_score": 0.4144, "risk_level": "medium", "mock_ndvi": 0.6973, "mock_avgtempF": 88.03, "mock_humid": 29.62, "mock_wind": 5.25, "county_avgtempF": 88.55, "county_humid": 28.45, "county_wind": 4.97, "county_precip": 0.0, "county_sunHour": 11.56}, "geometry": {"type": "Polygon", "coordinates": [[[-122.65928144632727, 40.33029055874955], [-122.6536976939676, 40.33029055874955], [-122.6536976939676, 40.32888235174426], [-122.65928144632727, 40.33029055874955]]]}}, {"type": "Feature", "properties": {"grid_id": "06089_5km_0005", "county": "Shasta County", "county_short": "Shasta", "geoid": "06089", "grid_km": 5.0, "center_lat": 40.329586, "center_lon": -122.651801, "row_index": 0, "col_index": 7, "is_mock": 1, "shape_model": "county_boundary_clipped_grid", "month": "2020-08", "monthly_fire_probability_pct": 23.33, "risk_score": 0.4144, "risk_level": "medium", "mock_ndvi": 0.6972, "mock_avgtempF": 88.03, "mock_humid": 29.63, "mock_wind": 5.25, "county_avgtempF": 88.55, "county_humid": 28.45, "county_wind": 4.97, "county_precip": 0.0, "county_sunHour": 11.56}, "geometry": {"type": "Polygon", "coordinates": [[[-122.651341, 40.328288], [-122.65369769396759, 40.32888235174426], [-122.65369769396759, 40.33029055874955], [-122.64912493314847, 40.33029055874955], [-122.651341, 40.328288]]]}}, {"type": "Feature", "properties": {"grid_id": "06089_5km_0006", "county": "Shasta County", "county_short": "Shasta", "geoid": "06089", "grid_km": 5.0, "center_lat": 40.351275, "center_lon": -123.02672, "row_index": 1, "col_index": 0, "is_mock": 1, "shape_model": "county_boundary_clipped_grid", "month": "2020-08", "monthly_fire_probability_pct": 23.33, "risk_score": 0.4286, "risk_level": "medium", "mock_ndvi": 0.715, "mock_avgtempF": 88.74, "mock_humid": 28.02, "mock_wind": 5.07, "county_avgtempF": 88.55, "county_humid": 28.45, "county_wind": 4.97, "county_precip": 0.0, "county_sunHour": 11.56}, "geometry": {"type": "Polygon", "coordinates": [[[-123.068789, 40.332233], [-123.059925, 40.348129], [-123.04397, 40.347013], [-123.043934, 40.35442], [-123.037148, 40.364439], [-123.031136, 40.363607], [-123.01954, 40.371694], [-123.01911832826309, 40.375206117499104], [-123.00949024199538, 40.375206117499104], [-123.00949024199538, 40.33029055874955], [-123.06813612171878, 40.33029055874955], [-123.068789, 40.332233]]]}}, {"type": "Feature", "properties": {"grid_id": "06089_5km_0007", "county": "Shasta County", "county_short": "Shasta", "geoid": "06089", "grid_km": 5.0, "center_lat": 40.352748, "center_lon": -122.979841, "row_index": 1, "col_index": 1, "is_mock": 1, "shape_model": "county_boundary_clipped_grid", "month": "2020-08", "monthly_fire_probability_pct": 23.33, "risk_score": 0.4275, "risk_level": "medium", "mock_ndvi": 0.7136, "mock_avgtempF": 88.68, "mock_humid": 28.15, "mock_wind": 5.04, "county_avgtempF": 88.55, "county_humid": 28.45, "county_wind": 4.97, "county_precip": 0.0, "county_sunHour": 11.56}, "geometry": {"type": "Polygon", "coordinates": [[[-123.00949024199537, 40.33029055874955], [-123.00949024199537, 40.375206117499104], [-122.95019148399075, 40.375206117499104], [-122.95019148399075, 40.33029055874955], [-123.00949024199537, 40.33029055874955]]]}}, {"type": "Feature", "properties": {"grid_id": "06089_5km_0008", "county": "Shasta County", "county_short": "Shasta", "geoid": "06089", "grid_km": 5.0, "center_lat": 40.354231, "center_lon": -122.920542, "row_index": 1, "col_index": 2, "is_mock": 1, "shape_model": "county_boundary_clipped_grid", "month": "2020-08", "monthly_fire_probability_pct": 23.33, "risk_score": 0.4256, "risk_level": "medium", "mock_ndvi": 0.7112, "mock_avgtempF": 88.59, "mock_humid": 28.37, "mock_wind": 4.99, "county_avgtempF": 88.55, "county_humid": 28.45, "county_wind": 4.97, "county_precip": 0.0, "county_sunHour": 11.56}, "geometry": {"type": "Polygon", "coordinates": [[[-122.89414183550295, 40.33029055874955], [-122.95019148399074, 40.33029055874955], [-122.95019148399074, 40.375206117499104], [-122.89089272598612, 40.375206117499104], [-122.89089272598612, 40.33325618629196], [-122.89414183550295, 40.33029055874955]]]}}, {"type": "Feature", "properties": {"grid_id": "06089_5km_0009", "county": "Shasta County", "county_short": "Shasta", "geoid": "06089", "grid_km": 5.0, "center_lat": 40.362097, "center_lon": -122.861243, "row_index": 1, "col_index": 3, "is_mock": 1, "shape_model": "county_boundary_clipped_grid", "month": "2020-08", "monthly_fire_probability_pct": 23.33, "risk_score": 0.4238, "risk_level": "medium", "mock_ndvi": 0.709, "mock_avgtempF": 88.5, "mock_humid": 28.56, "mock_wind": 5.0, "county_avgtempF": 88.55, "county_humid": 28.45, "county_wind": 4.97, "county_precip": 0.0, "county_sunHour": 11.56}, "geometry": {"type": "Polygon", "coordinates": [[[-122.836368, 40.348427], [-122.853801, 40.342847], [-122.871649, 40.348755], [-122.878481, 40.344585], [-122.8908927259861, 40.33325618629197], [-122.8908927259861, 40.375206117499104], [-122.83159396798149, 40.375206117499104], [-122.83159396798149, 40.3489882952729], [-122.836368, 40.348427]]]}}, {"type": "Feature", "properties": {"grid_id": "06089_5km_0010", "county": "Shasta County", "county_short": "Shasta", "geoid": "06089", "grid_km": 5.0, "center_lat": 40.367887, "center_lon": -122.801945, "row_index": 1, "col_index": 4, "is_mock": 1, "shape_model": "county_boundary_clipped_grid", "month": "2020-08", "monthly_fire_probability_pct": 23.33, "risk_score": 0.4218, "risk_level": "medium", "mock_ndvi": 0.7065, "mock_avgtempF": 88.4, "mock_humid": 28.79, "mock_wind": 5.05, "county_avgtempF": 88.55, "county_humid": 28.45, "county_wind": 4.97, "county_precip": 0.0, "county_sunHour": 11.56}, "geometry": {"type": "Polygon", "coordinates": [[[-122.781164, 40.35864], [-122.788057, 40.355264], [-122.805896, 40.35586], [-122.813463, 40.35112], [-122.83159396798148, 40.3489882952729], [-122.83159396798148, 40.375206117499104], [-122.77229520997686, 40.375206117499104], [-122.77229520997686, 40.36056717624113], [-122.781164, 40.35864]]]}}, {"type": "Feature", "properties": {"grid_id": "06089_5km_0011", "county": "Shasta County", "county_short": "Shasta", "geoid": "06089", "grid_km": 5.0, "center_lat": 40.362784, "center_lon": -122.725002, "row_index": 1, "col_index": 5, "is_mock": 1, "shape_model": "county_boundary_clipped_grid", "month": "2020-08", "monthly_fire_probability_pct": 23.33, "risk_score": 0.4186, "risk_level": "medium", "mock_ndvi": 0.7025, "mock_avgtempF": 88.24, "mock_humid": 29.15, "mock_wind": 5.14, "county_avgtempF": 88.55, "county_humid": 28.45, "county_wind": 4.97, "county_precip": 0.0, "county_sunHour": 11.56}, "geometry": {"type": "Polygon", "coordinates": [[[-122.732381, 40.347629], [-122.730219, 40.358293], [-122.740358, 40.365], [-122.74878, 40.365677], [-122.77229520997685, 40.36056717624113], [-122.77229520997685, 40.375206117499104], [-122.71299645197223, 40.375206117499104], [-122.71299645197223, 40.348083411932045], [-122.732381, 40.347629]]]}}, {"type": "Feature", "properties": {"grid_id": "06089_5km_0012", "county": "Shasta County", "county_short": "Shasta", "geoid": "06089", "grid_km": 5.0, "center_lat": 40.361684, "center_lon": -122.683347, "row_index": 1, "col_index": 6, "is_mock": 1, "shape_model": "county_boundary_clipped_grid", "month": "2020-08", "monthly_fire_probability_pct": 23.33, "risk_score": 0.4172, "risk_level": "medium", "mock_ndvi": 0.7008, "mock_avgtempF": 88.17, "mock_humid": 29.3, "mock_wind": 5.18, "county_avgtempF": 88.55, "county_humid": 28.45, "county_wind": 4.97, "county_precip": 0.0, "county_sunHour": 11.56}, "geometry": {"type": "Polygon", "coordinates": [[[-122.689343, 40.337872], [-122.709644, 40.348162], [-122.71299645197222, 40.348083411932045], [-122.71299645197222, 40.375206117499104], [-122.6536976939676, 40.375206117499104], [-122.6536976939676, 40.33029055874955], [-122.65928144632727, 40.33029055874955], [-122.689343, 40.337872]]]}}, {"type": "Feature", "properties": {"grid_id": "06089_5km_0013", "county": "Shasta County", "county_short": "Shasta", "geoid": "06089", "grid_km": 5.0, "center_lat": 40.352201, "center_lon": -122.628213, "row_index": 1, "col_index": 7, "is_mock": 1, "shape_model": "county_boundary_clipped_grid", "month": "2020-08", "monthly_fire_probability_pct": 23.33, "risk_score": 0.4153, "risk_level": "medium", "mock_ndvi": 0.6983, "mock_avgtempF": 88.07, "mock_humid": 29.52, "mock_wind": 5.23, "county_avgtempF": 88.55, "county_humid": 28.45, "county_wind": 4.97, "county_precip": 0.0, "county_sunHour": 11.56}, "geometry": {"type": "Polygon", "coordinates": [[[-122.595299, 40.357993], [-122.610158, 40.346409], [-122.634441, 40.333796], [-122.645923, 40.333184], [-122.64912493314847, 40.33029055874955], [-122.65369769396759, 40.33029055874955], [-122.65369769396759, 40.375206117499104], [-122.59439893596297, 40.375206117499104], [-122.59439893596297, 40.35811528147535], [-122.595299, 40.357993]]]}}, {"type": "Feature", "properties": {"grid_id": "06089_5km_0014", "county": "Shasta County", "county_short": "Shasta", "geoid": "06089", "grid_km": 5.0, "center_lat": 40.366795, "center_lon": -122.58699, "row_index": 1, "col_index": 8, "is_mock": 1, "shape_model": "county_boundary_clipped_grid", "month": "2020-08", "monthly_fire_probability_pct": 23.33, "risk_score": 0.4155, "risk_level": "medium", "mock_ndvi": 0.6987, "mock_avgtempF": 88.09, "mock_humid": 29.49, "mock_wind": 5.22, "county_avgtempF": 88.55, "county_humid": 28.45, "county_wind": 4.97, "county_precip": 0.0, "county_sunHour": 11.56}, "geometry": {"type": "Polygon", "coordinates": [[[-122.550652, 40.374873], [-122.565297, 40.365594], [-122.578581, 40.367996], [-122.585848, 40.359277], [-122.59439893596296, 40.35811528147536], [-122.59439893596296, 40.375206117499104], [-122.54964168796322, 40.375206117499104], [-122.550652, 40.374873]]]}}, {"type": "Feature", "properties": {"grid_id": "06089_5km_0015", "county": "Shasta County", "county_short": "Shasta", "geoid": "06089", "grid_km": 5.0, "center_lat": 40.37395, "center_lon": -122.442275, "row_index": 1, "col_index": 10, "is_mock": 1, "shape_model": "county_boundary_clipped_grid", "month": "2020-08", "monthly_fire_probability_pct": 23.33, "risk_score": 0.4162, "risk_level": "medium", "mock_ndvi": 0.6995, "mock_avgtempF": 88.12, "mock_humid": 29.42, "mock_wind": 5.2, "county_avgtempF": 88.55, "county_humid": 28.45, "county_wind": 4.97, "county_precip": 0.0, "county_sunHour": 11.56}, "geometry": {"type": "Polygon", "coordinates": [[[-122.432514, 40.374503], [-122.445021, 40.373398], [-122.44751238965902, 40.375206117499104], [-122.43100528573753, 40.375206117499104], [-122.432514, 40.374503]]]}}, {"type": "Feature", "properties": {"grid_id": "06089_5km_0016", "county": "Shasta County", "county_short": "Shasta", "geoid": "06089", "grid_km": 5.0, "center_lat": 40.373554, "center_lon": -122.398174, "row_index": 1, "col_index": 11, "is_mock": 1, "shape_model": "county_boundary_clipped_grid", "month": "2020-08", "monthly_fire_probability_pct": 23.33, "risk_score": 0.4171, "risk_level": "medium", "mock_ndvi": 0.7006, "mock_avgtempF": 88.16, "mock_humid": 29.32, "mock_wind": 5.18, "county_avgtempF": 88.55, "county_humid": 28.45, "county_wind": 4.97, "county_precip": 0.0, "county_sunHour": 11.56}, "geometry": {"type": "Polygon", "coordinates": [[[-122.364925, 40.374165], [-122.388741, 40.374279], [-122.394936, 40.372062], [-122.412586, 40.374536], [-122.41397448687421, 40.375206117499104], [-122.35720390394445, 40.375206117499104], [-122.35720390394445, 40.372943062254656], [-122.364925, 40.374165]]]}}, {"type": "Feature", "properties": {"grid_id": "06089_5km_0017", "county": "Shasta County", "county_short": "Shasta", "geoid": "06089", "grid_km": 5.0, "center_lat": 40.373559, "center_lon": -122.347732, "row_index": 1, "col_index": 12, "is_mock": 1, "shape_model": "county_boundary_clipped_grid", "month": "2020-08", "monthly_fire_probability_pct": 23.33, "risk_score": 0.4184, "risk_level": "medium", "mock_ndvi": 0.7023, "mock_avgtempF": 88.23, "mock_humid": 29.17, "mock_wind": 5.14, "county_avgtempF": 88.55, "county_humid": 28.45, "county_wind": 4.97, "county_precip": 0.0, "county_sunHour": 11.56}, "geometry": {"type": "Polygon", "coordinates": [[[-122.310412, 40.371064], [-122.321033, 40.374875], [-122.33695, 40.374174], [-122.34401, 40.370855], [-122.35720390394444, 40.372943062254656], [-122.35720390394444, 40.375206117499104], [-122.30325247504163, 40.375206117499104], [-122.310412, 40.371064]]]}}, {"type": "Feature", "properties": {"grid_id": "06089_5km_0018", "county": "Shasta County", "county_short": "Shasta", "geoid": "06089", "grid_km": 5.0, "center_lat": 40.37926, "center_lon": -123.014061, "row_index": 2, "col_index": 0, "is_mock": 1, "shape_model": "county_boundary_clipped_grid", "month": "2020-08", "monthly_fire_probability_pct": 23.33, "risk_score": 0.4302, "risk_level": "medium", "mock_ndvi": 0.717, "mock_avgtempF": 88.82, "mock_humid": 27.85, "mock_wind": 5.12, "county_avgtempF": 88.55, "county_humid": 28.45, "county_wind": 4.97, "county_precip": 0.0, "county_sunHour": 11.56}, "geometry": {"type": "Polygon", "coordinates": [[[-123.018145, 40.383313], [-123.00949024199538, 40.388444895486], [-123.00949024199538, 40.375206117499104], [-123.01911832826309, 40.375206117499104], [-123.018145, 40.383313]]]}}, {"type": "Feature", "properties": {"grid_id": "06089_5km_0019", "county": "Shasta County", "county_short": "Shasta", "geoid": "06089", "grid_km": 5.0, "center_lat": 40.407033, "center_lon": -122.973985, "row_index": 2, "col_index": 1, "is_mock": 1, "shape_model": "county_boundary_clipped_grid", "month": "2020-08", "monthly_fire_probability_pct": 23.33, "risk_score": 0.4309, "risk_level": "medium", "mock_ndvi": 0.7179, "mock_avgtempF": 88.85, "mock_humid": 27.77, "mock_wind": 5.14, "county_avgtempF": 88.55, "county_humid": 28.45, "county_wind": 4.97, "county_precip": 0.0, "county_sunHour": 11.56}, "geometry": {"type": "Polygon", "coordinates": [[[-122.996877, 40.395924], [-122.998682, 40.418142], [-122.974922, 40.419609], [-122.97375587097432, 40.420121676248655], [-122.95019148399075, 40.420121676248655], [-122.95019148399075, 40.375206117499104], [-123.00949024199537, 40.375206117499104], [-123.00949024199537, 40.38844489548601], [-122.996877, 40.395924]]]}}, {"type": "Feature", "properties": {"grid_id": "06089_5km_0020", "county": "Shasta County", "county_short": "Shasta", "geoid": "06089", "grid_km": 5.0, "center_lat": 40.397664, "center_lon": -122.920542, "row_index": 2, "col_index": 2, "is_mock": 1, "shape_model": "county_boundary_clipped_grid", "month": "2020-08", "monthly_fire_probability_pct": 23.33, "risk_score": 0.4285, "risk_level": "medium", "mock_ndvi": 0.7148, "mock_avgtempF": 88.73, "mock_humid": 28.04, "mock_wind": 5.07, "county_avgtempF": 88.55, "county_humid": 28.45, "county_wind": 4.97, "county_precip": 0.0, "county_sunHour": 11.56}, "geometry": {"type": "Polygon", "coordinates": [[[-122.95019148399074, 40.375206117499104], [-122.95019148399074, 40.420121676248655], [-122.89089272598612, 40.420121676248655], [-122.89089272598612, 40.375206117499104], [-122.95019148399074, 40.375206117499104]]]}}, {"type": "Feature", "properties": {"grid_id": "06089_5km_0021", "county": "Shasta County", "county_short": "Shasta", "geoid": "06089", "grid_km": 5.0, "center_lat": 40.397664, "center_lon": -122.861243, "row_index": 2, "col_index": 3, "is_mock": 1, "shape_model": "county_boundary_clipped_grid", "month": "2020-08", "monthly_fire_probability_pct": 23.33, "risk_score": 0.4262, "risk_level": "medium", "mock_ndvi": 0.712, "mock_avgtempF": 88.62, "mock_humid": 28.3, "mock_wind": 5.01, "county_avgtempF": 88.55, "county_humid": 28.45, "county_wind": 4.97, "county_precip": 0.0, "county_sunHour": 11.56}, "geometry": {"type": "Polygon", "coordinates": [[[-122.8908927259861, 40.375206117499104], [-122.8908927259861, 40.420121676248655], [-122.83159396798149, 40.420121676248655], [-122.83159396798149, 40.375206117499104], [-122.8908927259861, 40.375206117499104]]]}}, {"type": "Feature", "properties": {"grid_id": "06089_5km_0022", "county": "Shasta County", "county_short": "Shasta", "geoid": "06089", "grid_km": 5.0, "center_lat": 40.397664, "center_lon": -122.801945, "row_index": 2, "col_index": 4, "is_mock": 1, "shape_model": "county_boundary_clipped_grid", "month": "2020-08", "monthly_fire_probability_pct": 23.33, "risk_score": 0.4238, "risk_level": "medium", "mock_ndvi": 0.709, "mock_avgtempF": 88.5, "mock_humid": 28.56, "mock_wind": 4.99, "county_avgtempF": 88.55, "county_humid": 28.45, "county_wind": 4.97, "county_precip": 0.0, "county_sunHour": 11.56}, "geometry": {"type": "Polygon", "coordinates": [[[-122.83159396798148, 40.375206117499104], [-122.83159396798148, 40.420121676248655], [-122.77229520997686, 40.420121676248655], [-122.77229520997686, 40.375206117499104], [-122.83159396798148, 40.375206117499104]]]}}, {"type": "Feature", "properties": {"grid_id": "06089_5km_0023", "county": "Shasta County", "county_short": "Shasta", "geoid": "06089", "grid_km": 5.0, "center_lat": 40.397664, "center_lon": -122.742646, "row_index": 2, "col_index": 5, "is_mock": 1, "shape_model": "county_boundary_clipped_grid", "month": "2020-08", "monthly_fire_probability_pct": 23.33, "risk_score": 0.4216, "risk_level": "medium", "mock_ndvi": 0.7062, "mock_avgtempF": 88.39, "mock_humid": 28.81, "mock_wind": 5.06, "county_avgtempF": 88.55, "county_humid": 28.45, "county_wind": 4.97, "county_precip": 0.0, "county_sunHour": 11.56}, "geometry": {"type": "Polygon", "coordinates": [[[-122.77229520997685, 40.375206117499104], [-122.77229520997685, 40.420121676248655], [-122.71299645197223, 40.420121676248655], [-122.71299645197223, 40.375206117499104], [-122.77229520997685, 40.375206117499104]]]}}, {"type": "Feature", "properties": {"grid_id": "06089_5km_0024", "county": "Shasta County", "county_short": "Shasta", "geoid": "06089", "grid_km": 5.0, "center_lat": 40.397664, "center_lon": -122.683347, "row_index": 2, "col_index": 6, "is_mock": 1, "shape_model": "county_boundary_clipped_grid", "month": "2020-08", "monthly_fire_probability_pct": 23.33, "risk_score": 0.4196, "risk_level": "medium", "mock_ndvi": 0.7038, "mock_avgtempF": 88.29, "mock_humid": 29.03, "mock_wind": 5.11, "county_avgtempF": 88.55, "county_humid": 28.45, "county_wind": 4.97, "county_precip": 0.0, "county_sunHour": 11.56}, "geometry": {"type": "Polygon", "coordinates": [[[-122.71299645197222, 40.375206117499104], [-122.71299645197222, 40.420121676248655], [-122.6536976939676, 40.420121676248655], [-122.6536976939676, 40.375206117499104], [-122.71299645197222, 40.375206117499104]]]}}, {"type": "Feature", "properties": {"grid_id": "06089_5km_0025", "county": "Shasta County", "county_short": "Shasta", "geoid": "06089", "grid_km": 5.0, "center_lat": 40.397664, "center_lon": -122.624048, "row_index": 2, "col_index": 7, "is_mock": 1, "shape_model": "county_boundary_clipped_grid", "month": "2020-08", "monthly_fire_probability_pct": 23.33, "risk_score": 0.4182, "risk_level": "medium", "mock_ndvi": 0.702, "mock_avgtempF": 88.22, "mock_humid": 29.19, "mock_wind": 5.15, "county_avgtempF": 88.55, "county_humid": 28.45, "county_wind": 4.97, "county_precip": 0.0, "county_sunHour": 11.56}, "geometry": {"type": "Polygon", "coordinates": [[[-122.65369769396759, 40.375206117499104], [-122.65369769396759, 40.420121676248655], [-122.59439893596297, 40.420121676248655], [-122.59439893596297, 40.375206117499104], [-122.65369769396759, 40.375206117499104]]]}}, {"type": "Feature", "properties": {"grid_id": "06089_5km_0026", "county": "Shasta County", "county_short": "Shasta", "geoid": "06089", "grid_km": 5.0, "center_lat": 40.400106, "center_lon": -122.56475, "row_index": 2, "col_index": 8, "is_mock": 1, "shape_model": "county_boundary_clipped_grid", "month": "2020-08", "monthly_fire_probability_pct": 23.33, "risk_score": 0.4175, "risk_level": "medium", "mock_ndvi": 0.7012, "mock_avgtempF": 88.18, "mock_humid": 29.27, "mock_wind": 5.17, "county_avgtempF": 88.55, "county_humid": 28.45, "county_wind": 4.97, "county_precip": 0.0, "county_sunHour": 11.56}, "geometry": {"type": "Polygon", "coordinates": [[[-122.535257, 40.379949], [-122.54964168796322, 40.375206117499104], [-122.59439893596296, 40.375206117499104], [-122.59439893596296, 40.420121676248655], [-122.53510017795834, 40.420121676248655], [-122.53510017795834, 40.380089974480576], [-122.535257, 40.379949]]]}}, {"type": "Feature", "properties": {"grid_id": "06089_5km_0027", "county": "Shasta County", "county_short": "Shasta", "geoid": "06089", "grid_km": 5.0, "center_lat": 40.406898, "center_lon": -122.505451, "row_index": 2, "col_index": 9, "is_mock": 1, "shape_model": "county_boundary_clipped_grid", "month": "2020-08", "monthly_fire_probability_pct": 23.33, "risk_score": 0.4178, "risk_level": "medium", "mock_ndvi": 0.7015, "mock_avgtempF": 88.2, "mock_humid": 29.24, "mock_wind": 5.16, "county_avgtempF": 88.55, "county_humid": 28.45, "county_wind": 4.97, "county_precip": 0.0, "county_sunHour": 11.56}, "geometry": {"type": "Polygon", "coordinates": [[[-122.499065, 40.382295], [-122.505026, 40.389412], [-122.513826, 40.388386], [-122.519988, 40.393675], [-122.53510017795833, 40.38008997448058], [-122.53510017795833, 40.420121676248655], [-122.47580141995371, 40.420121676248655], [-122.47580141995371, 40.38362767359098], [-122.499065, 40.382295]]]}}, {"type": "Feature", "properties": {"grid_id": "06089_5km_0028", "county": "Shasta County", "county_short": "Shasta", "geoid": "06089", "grid_km": 5.0, "center_lat": 40.402027, "center_lon": -122.446152, "row_index": 2, "col_index": 10, "is_mock": 1, "shape_model": "county_boundary_clipped_grid", "month": "2020-08", "monthly_fire_probability_pct": 23.33, "risk_score": 0.4182, "risk_level": "medium", "mock_ndvi": 0.7018, "mock_avgtempF": 88.21, "mock_humid": 29.2, "mock_wind": 5.16, "county_avgtempF": 88.55, "county_humid": 28.45, "county_wind": 4.97, "county_precip": 0.0, "county_sunHour": 11.56}, "geometry": {"type": "Polygon", "coordinates": [[[-122.422341, 40.379244], [-122.43100528573753, 40.375206117499104], [-122.44751238965902, 40.375206117499104], [-122.451216, 40.377894], [-122.463095, 40.375741], [-122.470489, 40.383932], [-122.4758014199537, 40.38362767359098], [-122.4758014199537, 40.420121676248655], [-122.41650266194908, 40.420121676248655], [-122.41650266194908, 40.37642627621284], [-122.422341, 40.379244]]]}}, {"type": "Feature", "properties": {"grid_id": "06089_5km_0029", "county": "Shasta County", "county_short": "Shasta", "geoid": "06089", "grid_km": 5.0, "center_lat": 40.398274, "center_lon": -122.386853, "row_index": 2, "col_index": 11, "is_mock": 1, "shape_model": "county_boundary_clipped_grid", "month": "2020-08", "monthly_fire_probability_pct": 23.33, "risk_score": 0.4216, "risk_level": "medium", "mock_ndvi": 0.7017, "mock_avgtempF": 88.32, "mock_humid": 28.85, "mock_wind": 5.2, "county_avgtempF": 88.55, "county_humid": 28.45, "county_wind": 4.97, "county_precip": 0.0, "county_sunHour": 11.56}, "geometry": {"type": "Polygon", "coordinates": [[[-122.41650266194907, 40.37642627621283], [-122.41650266194907, 40.420121676248655], [-122.35720390394445, 40.420121676248655], [-122.35720390394445, 40.375206117499104], [-122.41397448687421, 40.375206117499104], [-122.41650266194907, 40.37642627621283]]]}}, {"type": "Feature", "properties": {"grid_id": "06089_5km_0030", "county": "Shasta County", "county_short": "Shasta", "geoid": "06089", "grid_km": 5.0, "center_lat": 40.399211, "center_lon": -122.327555, "row_index": 2, "col_index": 12, "is_mock": 1, "shape_model": "county_boundary_clipped_grid", "month": "2020-08", "monthly_fire_probability_pct": 23.33, "risk_score": 0.4262, "risk_level": "medium", "mock_ndvi": 0.7025, "mock_avgtempF": 88.48, "mock_humid": 28.36, "mock_wind": 5.22, "county_avgtempF": 88.55, "county_humid": 28.45, "county_wind": 4.97, "county_precip": 0.0, "county_sunHour": 11.56}, "geometry": {"type": "Polygon", "coordinates": [[[-122.30325247504163, 40.375206117499104], [-122.35720390394444, 40.375206117499104], [-122.35720390394444, 40.420121676248655], [-122.29790514593982, 40.420121676248655], [-122.29790514593982, 40.37829979558178], [-122.30325247504163, 40.375206117499104]]]}}, {"type": "Feature", "properties": {"grid_id": "06089_5km_0031", "county": "Shasta County", "county_short": "Shasta", "geoid": "06089", "grid_km": 5.0, "center_lat": 40.403669, "center_lon": -122.268256, "row_index": 2, "col_index": 13, "is_mock": 1, "shape_model": "county_boundary_clipped_grid", "month": "2020-08", "monthly_fire_probability_pct": 23.33, "risk_score": 0.4318, "risk_level": "medium", "mock_ndvi": 0.704, "mock_avgtempF": 88.68, "mock_humid": 27.78, "mock_wind": 5.24, "county_avgtempF": 88.55, "county_humid": 28.45, "county_wind": 4.97, "county_precip": 0.0, "county_sunHour": 11.56}, "geometry": {"type": "Polygon", "coordinates": [[[-122.251819, 40.387216], [-122.255955, 40.379919], [-122.280852, 40.375787], [-122.294135, 40.380481], [-122.29790514593981, 40.37829979558179], [-122.29790514593981, 40.420121676248655], [-122.23860638793519, 40.420121676248655], [-122.23860638793519, 40.386490003000226], [-122.251819, 40.387216]]]}}, {"type": "Feature", "properties": {"grid_id": "06089_5km_0032", "county": "Shasta County", "county_short": "Shasta", "geoid": "06089", "grid_km": 5.0, "center_lat": 40.406326, "center_lon": -122.208957, "row_index": 2, "col_index": 14, "is_mock": 1, "shape_model": "county_boundary_clipped_grid", "month": "2020-08", "monthly_fire_probability_pct": 23.33, "risk_score": 0.4365, "risk_level": "medium", "mock_ndvi": 0.706, "mock_avgtempF": 88.86, "mock_humid": 27.27, "mock_wind": 5.28, "county_avgtempF": 88.55, "county_humid": 28.45, "county_wind": 4.97, "county_precip": 0.0, "county_sunHour": 11.56}, "geometry": {"type": "Polygon", "coordinates": [[[-122.194288, 40.391036], [-122.199173, 40.377943], [-122.201253, 40.377889], [-122.226197, 40.389081], [-122.232, 40.386127], [-122.23860638793518, 40.386490003000226], [-122.23860638793518, 40.420121676248655], [-122.17930762993056, 40.420121676248655], [-122.17930762993056, 40.392529504616334], [-122.194288, 40.391036]]]}}, {"type": "Feature", "properties": {"grid_id": "06089_5km_0033", "county": "Shasta County", "county_short": "Shasta", "geoid": "06089", "grid_km": 5.0, "center_lat": 40.412169, "center_lon": -122.149658, "row_index": 2, "col_index": 15, "is_mock": 1, "shape_model": "county_boundary_clipped_grid", "month": "2020-08", "monthly_fire_probability_pct": 23.33, "risk_score": 0.4416, "risk_level": "medium", "mock_ndvi": 0.7082, "mock_avgtempF": 89.06, "mock_humid": 26.72, "mock_wind": 5.42, "county_avgtempF": 88.55, "county_humid": 28.45, "county_wind": 4.97, "county_precip": 0.0, "county_sunHour": 11.56}, "geometry": {"type": "Polygon", "coordinates": [[[-122.129772, 40.403038], [-122.129395, 40.398763], [-122.159462, 40.396954], [-122.166855, 40.393771], [-122.17930762993055, 40.392529504616334], [-122.17930762993055, 40.420121676248655], [-122.12000887192593, 40.420121676248655], [-122.12000887192593, 40.40421670782488], [-122.129772, 40.403038]]]}}, {"type": "Feature", "properties": {"grid_id": "06089_5km_0034", "county": "Shasta County", "county_short": "Shasta", "geoid": "06089", "grid_km": 5.0, "center_lat": 40.411213, "center_lon": -122.106213, "row_index": 2, "col_index": 16, "is_mock": 1, "shape_model": "county_boundary_clipped_grid", "month": "2020-08", "monthly_fire_probability_pct": 23.33, "risk_score": 0.4436, "risk_level": "medium", "mock_ndvi": 0.71, "mock_avgtempF": 89.15, "mock_humid": 26.51, "mock_wind": 5.47, "county_avgtempF": 88.55, "county_humid": 28.45, "county_wind": 4.97, "county_precip": 0.0, "county_sunHour": 11.56}, "geometry": {"type": "Polygon", "coordinates": [[[-122.08015, 40.412281], [-122.104685, 40.410145], [-122.112908, 40.405074], [-122.12000887192592, 40.40421670782489], [-122.12000887192592, 40.420121676248655], [-122.0607101139213, 40.420121676248655], [-122.0607101139213, 40.41588161092223], [-122.08015, 40.412281]]]}}, {"type": "Feature", "properties": {"grid_id": "06089_5km_0035", "county": "Shasta County", "county_short": "Shasta", "geoid": "06089", "grid_km": 5.0, "center_lat": 40.419276, "center_lon": -122.041241, "row_index": 2, "col_index": 17, "is_mock": 1, "shape_model": "county_boundary_clipped_grid", "month": "2020-08", "monthly_fire_probability_pct": 23.33, "risk_score": 0.448, "risk_level": "medium", "mock_ndvi": 0.7122, "mock_avgtempF": 89.32, "mock_humid": 26.03, "mock_wind": 5.59, "county_avgtempF": 88.55, "county_humid": 28.45, "county_wind": 4.97, "county_precip": 0.0, "county_sunHour": 11.56}, "geometry": {"type": "MultiPolygon", "coordinates": [[[[-122.039784, 40.41843], [-122.05166772239541, 40.420121676248655], [-122.03372829819301, 40.420121676248655], [-122.039784, 40.41843]]], [[[-122.057366, 40.416501], [-122.06071011392129, 40.415881610922234], [-122.06071011392129, 40.420121676248655], [-122.05267711782443, 40.420121676248655], [-122.057366, 40.416501]]]]}}, {"type": "Feature", "properties": {"grid_id": "06089_5km_0036", "county": "Shasta County", "county_short": "Shasta", "geoid": "06089", "grid_km": 5.0, "center_lat": 40.417872, "center_lon": -121.946436, "row_index": 2, "col_index": 18, "is_mock": 1, "shape_model": "county_boundary_clipped_grid", "month": "2020-08", "monthly_fire_probability_pct": 23.33, "risk_score": 0.4487, "risk_level": "medium", "mock_ndvi": 0.7149, "mock_avgtempF": 89.38, "mock_humid": 25.94, "mock_wind": 5.61, "county_avgtempF": 88.55, "county_humid": 28.45, "county_wind": 4.97, "county_precip": 0.0, "county_sunHour": 11.56}, "geometry": {"type": "Polygon", "coordinates": [[[-121.95940760468257, 40.420121676248655], [-121.94211259791204, 40.420121676248655], [-121.94211259791204, 40.41562324764433], [-121.95940760468257, 40.420121676248655]]]}}, {"type": "Feature", "properties": {"grid_id": "06089_5km_0037", "county": "Shasta County", "county_short": "Shasta", "geoid": "06089", "grid_km": 5.0, "center_lat": 40.417023, "center_lon": -121.937729, "row_index": 2, "col_index": 19, "is_mock": 1, "shape_model": "county_boundary_clipped_grid", "month": "2020-08", "monthly_fire_probability_pct": 23.33, "risk_score": 0.4484, "risk_level": "medium", "mock_ndvi": 0.715, "mock_avgtempF": 89.38, "mock_humid": 25.97, "mock_wind": 5.61, "county_avgtempF": 88.55, "county_humid": 28.45, "county_wind": 4.97, "county_precip": 0.0, "county_sunHour": 11.56}, "geometry": {"type": "Polygon", "coordinates": [[[-121.927022, 40.418422], [-121.940989, 40.415331], [-121.94211259791203, 40.41562324764433], [-121.94211259791203, 40.420121676248655], [-121.92508039111084, 40.420121676248655], [-121.927022, 40.418422]]]}}, {"type": "Feature", "properties": {"grid_id": "06089_5km_0038", "county": "Shasta County", "county_short": "Shasta", "geoid": "06089", "grid_km": 5.0, "center_lat": 40.422611, "center_lon": -122.962624, "row_index": 3, "col_index": 1, "is_mock": 1, "shape_model": "county_boundary_clipped_grid", "month": "2020-08", "monthly_fire_probability_pct": 23.33, "risk_score": 0.4316, "risk_level": "medium", "mock_ndvi": 0.7187, "mock_avgtempF": 88.89, "mock_humid": 27.69, "mock_wind": 5.15, "county_avgtempF": 88.55, "county_humid": 28.45, "county_wind": 4.97, "county_precip": 0.0, "county_sunHour": 11.56}, "geometry": {"type": "Polygon", "coordinates": [[[-122.960724, 40.425851], [-122.955592, 40.421192], [-122.95019148399075, 40.424030536003144], [-122.95019148399075, 40.420121676248655], [-122.97375587097432, 40.420121676248655], [-122.960724, 40.425851]]]}}, {"type": "Feature", "properties": {"grid_id": "06089_5km_0039", "county": "Shasta County", "county_short": "Shasta", "geoid": "06089", "grid_km": 5.0, "center_lat": 40.438032, "center_lon": -122.912546, "row_index": 3, "col_index": 2, "is_mock": 1, "shape_model": "county_boundary_clipped_grid", "month": "2020-08", "monthly_fire_probability_pct": 23.33, "risk_score": 0.4308, "risk_level": "medium", "mock_ndvi": 0.7178, "mock_avgtempF": 88.85, "mock_humid": 27.77, "mock_wind": 5.13, "county_avgtempF": 88.55, "county_humid": 28.45, "county_wind": 4.97, "county_precip": 0.0, "county_sunHour": 11.56}, "geometry": {"type": "Polygon", "coordinates": [[[-122.936943, 40.430994], [-122.931267, 40.445557], [-122.917707, 40.449768], [-122.902859, 40.44507], [-122.896937, 40.45006], [-122.89089272598612, 40.464588090415056], [-122.89089272598612, 40.420121676248655], [-122.95019148399074, 40.420121676248655], [-122.95019148399074, 40.42403053600315], [-122.936943, 40.430994]]]}}, {"type": "Feature", "properties": {"grid_id": "06089_5km_0040", "county": "Shasta County", "county_short": "Shasta", "geoid": "06089", "grid_km": 5.0, "center_lat": 40.442355, "center_lon": -122.861243, "row_index": 3, "col_index": 3, "is_mock": 1, "shape_model": "county_boundary_clipped_grid", "month": "2020-08", "monthly_fire_probability_pct": 23.33, "risk_score": 0.4291, "risk_level": "medium", "mock_ndvi": 0.7156, "mock_avgtempF": 88.76, "mock_humid": 27.97, "mock_wind": 5.09, "county_avgtempF": 88.55, "county_humid": 28.45, "county_wind": 4.97, "county_precip": 0.0, "county_sunHour": 11.56}, "geometry": {"type": "Polygon", "coordinates": [[[-122.89070586364876, 40.465037234998206], [-122.83159396798149, 40.465037234998206], [-122.83159396798149, 40.420121676248655], [-122.8908927259861, 40.420121676248655], [-122.8908927259861, 40.46458809041509], [-122.89070586364876, 40.465037234998206]]]}}, {"type": "Feature", "properties": {"grid_id": "06089_5km_0041", "county": "Shasta County", "county_short": "Shasta", "geoid": "06089", "grid_km": 5.0, "center_lat": 40.442579, "center_lon": -122.801945, "row_index": 3, "col_index": 4, "is_mock": 1, "shape_model": "county_boundary_clipped_grid", "month": "2020-08", "monthly_fire_probability_pct": 23.33, "risk_score": 0.4268, "risk_level": "medium", "mock_ndvi": 0.7127, "mock_avgtempF": 88.65, "mock_humid": 28.23, "mock_wind": 5.02, "county_avgtempF": 88.55, "county_humid": 28.45, "county_wind": 4.97, "county_precip": 0.0, "county_sunHour": 11.56}, "geometry": {"type": "Polygon", "coordinates": [[[-122.83159396798148, 40.420121676248655], [-122.83159396798148, 40.465037234998206], [-122.77229520997686, 40.465037234998206], [-122.77229520997686, 40.420121676248655], [-122.83159396798148, 40.420121676248655]]]}}, {"type": "Feature", "properties": {"grid_id": "06089_5km_0042", "county": "Shasta County", "county_short": "Shasta", "geoid": "06089", "grid_km": 5.0, "center_lat": 40.442579, "center_lon": -122.742646, "row_index": 3, "col_index": 5, "is_mock": 1, "shape_model": "county_boundary_clipped_grid", "month": "2020-08", "monthly_fire_probability_pct": 23.33, "risk_score": 0.4245, "risk_level": "medium", "mock_ndvi": 0.7099, "mock_avgtempF": 88.53, "mock_humid": 28.48, "mock_wind": 4.98, "county_avgtempF": 88.55, "county_humid": 28.45, "county_wind": 4.97, "county_precip": 0.0, "county_sunHour": 11.56}, "geometry": {"type": "Polygon", "coordinates": [[[-122.77229520997685, 40.420121676248655], [-122.77229520997685, 40.465037234998206], [-122.71299645197223, 40.465037234998206], [-122.71299645197223, 40.420121676248655], [-122.77229520997685, 40.420121676248655]]]}}, {"type": "Feature", "properties": {"grid_id": "06089_5km_0043", "county": "Shasta County", "county_short": "Shasta", "geoid": "06089", "grid_km": 5.0, "center_lat": 40.442579, "center_lon": -122.683347, "row_index": 3, "col_index": 6, "is_mock": 1, "shape_model": "county_boundary_clipped_grid", "month": "2020-08", "monthly_fire_probability_pct": 23.33, "risk_score": 0.4226, "risk_level": "medium", "mock_ndvi": 0.7075, "mock_avgtempF": 88.44, "mock_humid": 28.7, "mock_wind": 5.03, "county_avgtempF": 88.55, "county_humid": 28.45, "county_wind": 4.97, "county_precip": 0.0, "county_sunHour": 11.56}, "geometry": {"type": "Polygon", "coordinates": [[[-122.71299645197222, 40.420121676248655], [-122.71299645197222, 40.465037234998206], [-122.6536976939676, 40.465037234998206], [-122.6536976939676, 40.420121676248655], [-122.71299645197222, 40.420121676248655]]]}}, {"type": "Feature", "properties": {"grid_id": "06089_5km_0044", "county": "Shasta County", "county_short": "Shasta", "geoid": "06089", "grid_km": 5.0, "center_lat": 40.442579, "center_lon": -122.624048, "row_index": 3, "col_index": 7, "is_mock": 1, "shape_model": "county_boundary_clipped_grid", "month": "2020-08", "monthly_fire_probability_pct": 23.33, "risk_score": 0.4212, "risk_level": "medium", "mock_ndvi": 0.7057, "mock_avgtempF": 88.37, "mock_humid": 28.86, "mock_wind": 5.07, "county_avgtempF": 88.55, "county_humid": 28.45, "county_wind": 4.97, "county_precip": 0.0, "county_sunHour": 11.56}, "geometry": {"type": "Polygon", "coordinates": [[[-122.65369769396759, 40.420121676248655], [-122.65369769396759, 40.465037234998206], [-122.59439893596297, 40.465037234998206], [-122.59439893596297, 40.420121676248655], [-122.65369769396759, 40.420121676248655]]]}}, {"type": "Feature", "properties": {"grid_id": "06089_5km_0045", "county": "Shasta County", "county_short": "Shasta", "geoid": "06089", "grid_km": 5.0, "center_lat": 40.442579, "center_lon": -122.56475, "row_index": 3, "col_index": 8, "is_mock": 1, "shape_model": "county_boundary_clipped_grid", "month": "2020-08", "monthly_fire_probability_pct": 23.33, "risk_score": 0.4203, "risk_level": "medium", "mock_ndvi": 0.7046, "mock_avgtempF": 88.32, "mock_humid": 28.96, "mock_wind": 5.09, "county_avgtempF": 88.55, "county_humid": 28.45, "county_wind": 4.97, "county_precip": 0.0, "county_sunHour": 11.56}, "geometry": {"type": "Polygon", "coordinates": [[[-122.59439893596296, 40.420121676248655], [-122.59439893596296, 40.465037234998206], [-122.53510017795834, 40.465037234998206], [-122.53510017795834, 40.420121676248655], [-122.59439893596296, 40.420121676248655]]]}}, {"type": "Feature", "properties": {"grid_id": "06089_5km_0046", "county": "Shasta County", "county_short": "Shasta", "geoid": "06089", "grid_km": 5.0, "center_lat": 40.442579, "center_lon": -122.505451, "row_index": 3, "col_index": 9, "is_mock": 1, "shape_model": "county_boundary_clipped_grid", "month": "2020-08", "monthly_fire_probability_pct": 23.33, "risk_score": 0.4238, "risk_level": "medium", "mock_ndvi": 0.7026, "mock_avgtempF": 88.41, "mock_humid": 28.61, "mock_wind": 5.19, "county_avgtempF": 88.55, "county_humid": 28.45, "county_wind": 4.97, "county_precip": 0.0, "county_sunHour": 11.56}, "geometry": {"type": "Polygon", "coordinates": [[[-122.53510017795833, 40.420121676248655], [-122.53510017795833, 40.465037234998206], [-122.47580141995371, 40.465037234998206], [-122.47580141995371, 40.420121676248655], [-122.53510017795833, 40.420121676248655]]]}}, {"type": "Feature", "properties": {"grid_id": "06089_5km_0047", "county": "Shasta County", "county_short": "Shasta", "geoid": "06089", "grid_km": 5.0, "center_lat": 40.442579, "center_lon": -122.446152, "row_index": 3, "col_index": 10, "is_mock": 1, "shape_model": "county_boundary_clipped_grid", "month": "2020-08", "monthly_fire_probability_pct": 23.33, "risk_score": 0.4281, "risk_level": "medium", "mock_ndvi": 0.7014, "mock_avgtempF": 88.53, "mock_humid": 28.17, "mock_wind": 5.28, "county_avgtempF": 88.55, "county_humid": 28.45, "county_wind": 4.97, "county_precip": 0.0, "county_sunHour": 11.56}, "geometry": {"type": "Polygon", "coordinates": [[[-122.4758014199537, 40.420121676248655], [-122.4758014199537, 40.465037234998206], [-122.41650266194908, 40.465037234998206], [-122.41650266194908, 40.420121676248655], [-122.4758014199537, 40.420121676248655]]]}}, {"type": "Feature", "properties": {"grid_id": "06089_5km_0048", "county": "Shasta County", "county_short": "Shasta", "geoid": "06089", "grid_km": 5.0, "center_lat": 40.442579, "center_lon": -122.386853, "row_index": 3, "col_index": 11, "is_mock": 1, "shape_model": "county_boundary_clipped_grid", "month": "2020-08", "monthly_fire_probability_pct": 23.33, "risk_score": 0.4326, "risk_level": "medium", "mock_ndvi": 0.7013, "mock_avgtempF": 88.67, "mock_humid": 27.71, "mock_wind": 5.33, "county_avgtempF": 88.55, "county_humid": 28.45, "county_wind": 4.97, "county_precip": 0.0, "county_sunHour": 11.56}, "geometry": {"type": "Polygon", "coordinates": [[[-122.41650266194907, 40.420121676248655], [-122.41650266194907, 40.465037234998206], [-122.35720390394445, 40.465037234998206], [-122.35720390394445, 40.420121676248655], [-122.41650266194907, 40.420121676248655]]]}}, {"type": "Feature", "properties": {"grid_id": "06089_5km_0049", "county": "Shasta County", "county_short": "Shasta", "geoid": "06089", "grid_km": 5.0, "center_lat": 40.442579, "center_lon": -122.327555, "row_index": 3, "col_index": 12, "is_mock": 1, "shape_model": "county_boundary_clipped_grid", "month": "2020-08", "monthly_fire_probability_pct": 23.33, "risk_score": 0.4372, "risk_level": "medium", "mock_ndvi": 0.702, "mock_avgtempF": 88.83, "mock_humid": 27.23, "mock_wind": 5.36, "county_avgtempF": 88.55, "county_humid": 28.45, "county_wind": 4.97, "county_precip": 0.0, "county_sunHour": 11.56}, "geometry": {"type": "Polygon", "coordinates": [[[-122.35720390394444, 40.420121676248655], [-122.35720390394444, 40.465037234998206], [-122.29790514593982, 40.465037234998206], [-122.29790514593982, 40.420121676248655], [-122.35720390394444, 40.420121676248655]]]}}, {"type": "Feature", "properties": {"grid_id": "06089_5km_0050", "county": "Shasta County", "county_short": "Shasta", "geoid": "06089", "grid_km": 5.0, "center_lat": 40.442579, "center_lon": -122.268256, "row_index": 3, "col_index": 13, "is_mock": 1, "shape_model": "county_boundary_clipped_grid", "month": "2020-08", "monthly_fire_probability_pct": 23.33, "risk_score": 0.4417, "risk_level": "medium", "mock_ndvi": 0.7035, "mock_avgtempF": 88.99, "mock_humid": 26.75, "mock_wind": 5.42, "county_avgtempF": 88.55, "county_humid": 28.45, "county_wind": 4.97, "county_precip": 0.0, "county_sunHour": 11.56}, "geometry": {"type": "Polygon", "coordinates": [[[-122.29790514593981, 40.420121676248655], [-122.29790514593981, 40.465037234998206], [-122.23860638793519, 40.465037234998206], [-122.23860638793519, 40.420121676248655], [-122.29790514593981, 40.420121676248655]]]}}, {"type": "Feature", "properties": {"grid_id": "06089_5km_0051", "county": "Shasta County", "county_short": "Shasta", "geoid": "06089", "grid_km": 5.0, "center_lat": 40.442579, "center_lon": -122.208957, "row_index": 3, "col_index": 14, "is_mock": 1, "shape_model": "county_boundary_clipped_grid", "month": "2020-08", "monthly_fire_probability_pct": 23.33, "risk_score": 0.4458, "risk_level": "medium", "mock_ndvi": 0.7055, "mock_avgtempF": 89.16, "mock_humid": 26.31, "mock_wind": 5.53, "county_avgtempF": 88.55, "county_humid": 28.45, "county_wind": 4.97, "county_precip": 0.0, "county_sunHour": 11.56}, "geometry": {"type": "Polygon", "coordinates": [[[-122.23860638793518, 40.420121676248655], [-122.23860638793518, 40.465037234998206], [-122.17930762993056, 40.465037234998206], [-122.17930762993056, 40.420121676248655], [-122.23860638793518, 40.420121676248655]]]}}, {"type": "Feature", "properties": {"grid_id": "06089_5km_0052", "county": "Shasta County", "county_short": "Shasta", "geoid": "06089", "grid_km": 5.0, "center_lat": 40.442579, "center_lon": -122.149658, "row_index": 3, "col_index": 15, "is_mock": 1, "shape_model": "county_boundary_clipped_grid", "month": "2020-08", "monthly_fire_probability_pct": 23.33, "risk_score": 0.4495, "risk_level": "medium", "mock_ndvi": 0.7078, "mock_avgtempF": 89.31, "mock_humid": 25.91, "mock_wind": 5.63, "county_avgtempF": 88.55, "county_humid": 28.45, "county_wind": 4.97, "county_precip": 0.0, "county_sunHour": 11.56}, "geometry": {"type": "Polygon", "coordinates": [[[-122.17930762993055, 40.420121676248655], [-122.17930762993055, 40.465037234998206], [-122.12000887192593, 40.465037234998206], [-122.12000887192593, 40.420121676248655], [-122.17930762993055, 40.420121676248655]]]}}, {"type": "Feature", "properties": {"grid_id": "06089_5km_0053", "county": "Shasta County", "county_short": "Shasta", "geoid": "06089", "grid_km": 5.0, "center_lat": 40.442579, "center_lon": -122.090359, "row_index": 3, "col_index": 16, "is_mock": 1, "shape_model": "county_boundary_clipped_grid", "month": "2020-08", "monthly_fire_probability_pct": 23.33, "risk_score": 0.4523, "risk_level": "medium", "mock_ndvi": 0.7101, "mock_avgtempF": 89.43, "mock_humid": 25.6, "mock_wind": 5.71, "county_avgtempF": 88.55, "county_humid": 28.45, "county_wind": 4.97, "county_precip": 0.0, "county_sunHour": 11.56}, "geometry": {"type": "Polygon", "coordinates": [[[-122.12000887192592, 40.420121676248655], [-122.12000887192592, 40.465037234998206], [-122.0607101139213, 40.465037234998206], [-122.0607101139213, 40.420121676248655], [-122.12000887192592, 40.420121676248655]]]}}, {"type": "Feature", "properties": {"grid_id": "06089_5km_0054", "county": "Shasta County", "county_short": "Shasta", "geoid": "06089", "grid_km": 5.0, "center_lat": 40.445902, "center_lon": -122.031061, "row_index": 3, "col_index": 17, "is_mock": 1, "shape_model": "county_boundary_clipped_grid", "month": "2020-08", "monthly_fire_probability_pct": 23.33, "risk_score": 0.4551, "risk_level": "medium", "mock_ndvi": 0.7121, "mock_avgtempF": 89.55, "mock_humid": 25.3, "mock_wind": 5.78, "county_avgtempF": 88.55, "county_humid": 28.45, "county_wind": 4.97, "county_precip": 0.0, "county_sunHour": 11.56}, "geometry": {"type": "Polygon", "coordinates": [[[-122.00994, 40.426767], [-122.03372829819301, 40.420121676248655], [-122.05166772239541, 40.420121676248655], [-122.05252, 40.420243], [-122.05267711782443, 40.420121676248655], [-122.06071011392129, 40.420121676248655], [-122.06071011392129, 40.465037234998206], [-122.00141135591667, 40.465037234998206], [-122.00141135591667, 40.425840219748764], [-122.00994, 40.426767]]]}}, {"type": "Feature", "properties": {"grid_id": "06089_5km_0055", "county": "Shasta County", "county_short": "Shasta", "geoid": "06089", "grid_km": 5.0, "center_lat": 40.445439, "center_lon": -121.971762, "row_index": 3, "col_index": 18, "is_mock": 1, "shape_model": "county_boundary_clipped_grid", "month": "2020-08", "monthly_fire_probability_pct": 23.33, "risk_score": 0.4558, "risk_level": "medium", "mock_ndvi": 0.7139, "mock_avgtempF": 89.6, "mock_humid": 25.22, "mock_wind": 5.8, "county_avgtempF": 88.55, "county_humid": 28.45, "county_wind": 4.97, "county_precip": 0.0, "county_sunHour": 11.56}, "geometry": {"type": "Polygon", "coordinates": [[[-121.967029, 40.422104], [-122.00141135591666, 40.425840219748764], [-122.00141135591666, 40.465037234998206], [-121.94211259791204, 40.465037234998206], [-121.94211259791204, 40.420121676248655], [-121.95940760468257, 40.420121676248655], [-121.967029, 40.422104]]]}}, {"type": "Feature", "properties": {"grid_id": "06089_5km_0056", "county": "Shasta County", "county_short": "Shasta", "geoid": "06089", "grid_km": 5.0, "center_lat": 40.44925, "center_lon": -121.912463, "row_index": 3, "col_index": 19, "is_mock": 1, "shape_model": "county_boundary_clipped_grid", "month": "2020-08", "monthly_fire_probability_pct": 23.33, "risk_score": 0.4563, "risk_level": "medium", "mock_ndvi": 0.715, "mock_avgtempF": 89.63, "mock_humid": 25.15, "mock_wind": 5.82, "county_avgtempF": 88.55, "county_humid": 28.45, "county_wind": 4.97, "county_precip": 0.0, "county_sunHour": 11.56}, "geometry": {"type": "Polygon", "coordinates": [[[-121.897351, 40.424785], [-121.898401, 40.423588], [-121.900357, 40.421261], [-121.903949, 40.422591], [-121.921653, 40.423122], [-121.92508039111084, 40.420121676248655], [-121.94211259791203, 40.420121676248655], [-121.94211259791203, 40.465037234998206], [-121.88281383990741, 40.465037234998206], [-121.88281383990741, 40.433462075377406], [-121.897351, 40.424785]]]}}, {"type": "Feature", "properties": {"grid_id": "06089_5km_0057", "county": "Shasta County", "county_short": "Shasta", "geoid": "06089", "grid_km": 5.0, "center_lat": 40.453817, "center_lon": -121.853164, "row_index": 3, "col_index": 20, "is_mock": 1, "shape_model": "county_boundary_clipped_grid", "month": "2020-08", "monthly_fire_probability_pct": 23.33, "risk_score": 0.4558, "risk_level": "medium", "mock_ndvi": 0.7155, "mock_avgtempF": 89.62, "mock_humid": 25.21, "mock_wind": 5.8, "county_avgtempF": 88.55, "county_humid": 28.45, "county_wind": 4.97, "county_precip": 0.0, "county_sunHour": 11.56}, "geometry": {"type": "Polygon", "coordinates": [[[-121.830789, 40.437656], [-121.85135, 40.442596], [-121.877034, 40.436912], [-121.8828138399074, 40.43346207537741], [-121.8828138399074, 40.465037234998206], [-121.82351508190278, 40.465037234998206], [-121.82351508190278, 40.43986667691797], [-121.830789, 40.437656]]]}}, {"type": "Feature", "properties": {"grid_id": "06089_5km_0058", "county": "Shasta County", "county_short": "Shasta", "geoid": "06089", "grid_km": 5.0, "center_lat": 40.455008, "center_lon": -121.793866, "row_index": 3, "col_index": 21, "is_mock": 1, "shape_model": "county_boundary_clipped_grid", "month": "2020-08", "monthly_fire_probability_pct": 23.33, "risk_score": 0.4531, "risk_level": "medium", "mock_ndvi": 0.7155, "mock_avgtempF": 89.54, "mock_humid": 25.48, "mock_wind": 5.73, "county_avgtempF": 88.55, "county_humid": 28.45, "county_wind": 4.97, "county_precip": 0.0, "county_sunHour": 11.56}, "geometry": {"type": "Polygon", "coordinates": [[[-121.778808, 40.43827], [-121.787719, 40.443665], [-121.806697, 40.444978], [-121.82351508190277, 40.43986667691797], [-121.82351508190277, 40.465037234998206], [-121.76421632389815, 40.465037234998206], [-121.76421632389815, 40.43739957416827], [-121.778808, 40.43827]]]}}, {"type": "Feature", "properties": {"grid_id": "06089_5km_0059", "county": "Shasta County", "county_short": "Shasta", "geoid": "06089", "grid_km": 5.0, "center_lat": 40.450363, "center_lon": -121.737122, "row_index": 3, "col_index": 22, "is_mock": 1, "shape_model": "county_boundary_clipped_grid", "month": "2020-08", "monthly_fire_probability_pct": 23.33, "risk_score": 0.4482, "risk_level": "medium", "mock_ndvi": 0.7151, "mock_avgtempF": 89.37, "mock_humid": 25.99, "mock_wind": 5.6, "county_avgtempF": 88.55, "county_humid": 28.45, "county_wind": 4.97, "county_precip": 0.0, "county_sunHour": 11.56}, "geometry": {"type": "Polygon", "coordinates": [[[-121.708921, 40.450841], [-121.721881, 40.44524], [-121.734585, 40.435632], [-121.76421632389814, 40.43739957416827], [-121.76421632389814, 40.465037234998206], [-121.70491756589352, 40.465037234998206], [-121.70491756589352, 40.44988418075417], [-121.708921, 40.450841]]]}}, {"type": "Feature", "properties": {"grid_id": "06089_5km_0060", "county": "Shasta County", "county_short": "Shasta", "geoid": "06089", "grid_km": 5.0, "center_lat": 40.449092, "center_lon": -121.660324, "row_index": 3, "col_index": 23, "is_mock": 1, "shape_model": "county_boundary_clipped_grid", "month": "2020-08", "monthly_fire_probability_pct": 23.33, "risk_score": 0.4413, "risk_level": "medium", "mock_ndvi": 0.714, "mock_avgtempF": 89.13, "mock_humid": 26.71, "mock_wind": 5.41, "county_avgtempF": 88.55, "county_humid": 28.45, "county_wind": 4.97, "county_precip": 0.0, "county_sunHour": 11.56}, "geometry": {"type": "Polygon", "coordinates": [[[-121.64633, 40.434726], [-121.655387, 40.441713], [-121.685787, 40.453133], [-121.698285, 40.448299], [-121.70491756589351, 40.44988418075416], [-121.70491756589351, 40.465037234998206], [-121.6456188078889, 40.465037234998206], [-121.6456188078889, 40.43494966446115], [-121.64633, 40.434726]]]}}, {"type": "Feature", "properties": {"grid_id": "06089_5km_0061", "county": "Shasta County", "county_short": "Shasta", "geoid": "06089", "grid_km": 5.0, "center_lat": 40.451711, "center_lon": -121.615969, "row_index": 3, "col_index": 24, "is_mock": 1, "shape_model": "county_boundary_clipped_grid", "month": "2020-08", "monthly_fire_probability_pct": 23.33, "risk_score": 0.4376, "risk_level": "medium", "mock_ndvi": 0.7132, "mock_avgtempF": 89.0, "mock_humid": 27.11, "mock_wind": 5.31, "county_avgtempF": 88.55, "county_humid": 28.45, "county_wind": 4.97, "county_precip": 0.0, "county_sunHour": 11.56}, "geometry": {"type": "Polygon", "coordinates": [[[-121.588623, 40.431664], [-121.600437, 40.431763], [-121.608931, 40.438385], [-121.639554, 40.436857], [-121.64561880788888, 40.43494966446116], [-121.64561880788888, 40.465037234998206], [-121.58632004988426, 40.465037234998206], [-121.58632004988426, 40.43381671868221], [-121.588623, 40.431664]]]}}, {"type": "Feature", "properties": {"grid_id": "06089_5km_0062", "county": "Shasta County", "county_short": "Shasta", "geoid": "06089", "grid_km": 5.0, "center_lat": 40.455417, "center_lon": -121.556671, "row_index": 3, "col_index": 25, "is_mock": 1, "shape_model": "county_boundary_clipped_grid", "month": "2020-08", "monthly_fire_probability_pct": 23.33, "risk_score": 0.4321, "risk_level": "medium", "mock_ndvi": 0.7122, "mock_avgtempF": 88.81, "mock_humid": 27.68, "mock_wind": 5.16, "county_avgtempF": 88.55, "county_humid": 28.45, "county_wind": 4.97, "county_precip": 0.0, "county_sunHour": 11.56}, "geometry": {"type": "Polygon", "coordinates": [[[-121.565132, 40.445797], [-121.57708, 40.442454], [-121.58632004988425, 40.43381671868222], [-121.58632004988425, 40.465037234998206], [-121.52702129187963, 40.465037234998206], [-121.52702129187963, 40.44568068659536], [-121.565132, 40.445797]]]}}, {"type": "Feature", "properties": {"grid_id": "06089_5km_0063", "county": "Shasta County", "county_short": "Shasta", "geoid": "06089", "grid_km": 5.0, "center_lat": 40.455572, "center_lon": -121.497372, "row_index": 3, "col_index": 26, "is_mock": 1, "shape_model": "county_boundary_clipped_grid", "month": "2020-08", "monthly_fire_probability_pct": 23.33, "risk_score": 0.4257, "risk_level": "medium", "mock_ndvi": 0.7114, "mock_avgtempF": 88.6, "mock_humid": 28.35, "mock_wind": 4.99, "county_avgtempF": 88.55, "county_humid": 28.45, "county_wind": 4.97, "county_precip": 0.0, "county_sunHour": 11.56}, "geometry": {"type": "Polygon", "coordinates": [[[-121.477816, 40.446054], [-121.497635, 40.445591], [-121.52702129187962, 40.44568068659536], [-121.52702129187962, 40.465037234998206], [-121.467722533875, 40.465037234998206], [-121.467722533875, 40.446106746398044], [-121.477816, 40.446054]]]}}, {"type": "Feature", "properties": {"grid_id": "06089_5km_0064", "county": "Shasta County", "county_short": "Shasta", "geoid": "06089", "grid_km": 5.0, "center_lat": 40.455727, "center_lon": -121.438073, "row_index": 3, "col_index": 27, "is_mock": 1, "shape_model": "county_boundary_clipped_grid", "month": "2020-08", "monthly_fire_probability_pct": 23.33, "risk_score": 0.4237, "risk_level": "medium", "mock_ndvi": 0.7089, "mock_avgtempF": 88.5, "mock_humid": 28.57, "mock_wind": 5.0, "county_avgtempF": 88.55, "county_humid": 28.45, "county_wind": 4.97, "county_precip": 0.0, "county_sunHour": 11.56}, "geometry": {"type": "Polygon", "coordinates": [[[-121.46772253387499, 40.446106746398044], [-121.46772253387499, 40.465037234998206], [-121.40842377587038, 40.465037234998206], [-121.40842377587038, 40.44641662962892], [-121.46772253387499, 40.446106746398044]]]}}, {"type": "Feature", "properties": {"grid_id": "06089_5km_0065", "county": "Shasta County", "county_short": "Shasta", "geoid": "06089", "grid_km": 5.0, "center_lat": 40.457125, "center_lon": -121.378774, "row_index": 3, "col_index": 28, "is_mock": 1, "shape_model": "county_boundary_clipped_grid", "month": "2020-08", "monthly_fire_probability_pct": 23.33, "risk_score": 0.4223, "risk_level": "medium", "mock_ndvi": 0.7071, "mock_avgtempF": 88.42, "mock_humid": 28.73, "mock_wind": 5.04, "county_avgtempF": 88.55, "county_humid": 28.45, "county_wind": 4.97, "county_precip": 0.0, "county_sunHour": 11.56}, "geometry": {"type": "Polygon", "coordinates": [[[-121.366111, 40.445927], [-121.401464, 40.446453], [-121.40842377587036, 40.44641662962892], [-121.40842377587036, 40.465037234998206], [-121.34912501786575, 40.465037234998206], [-121.34912501786575, 40.449213154255595], [-121.366111, 40.445927]]]}}, {"type": "Feature", "properties": {"grid_id": "06089_5km_0066", "county": "Shasta County", "county_short": "Shasta", "geoid": "06089", "grid_km": 5.0, "center_lat": 40.486712, "center_lon": -122.841691, "row_index": 4, "col_index": 3, "is_mock": 1, "shape_model": "county_boundary_clipped_grid", "month": "2020-08", "monthly_fire_probability_pct": 23.33, "risk_score": 0.4309, "risk_level": "medium", "mock_ndvi": 0.7179, "mock_avgtempF": 88.85, "mock_humid": 27.76, "mock_wind": 5.14, "county_avgtempF": 88.55, "county_humid": 28.45, "county_wind": 4.97, "county_precip": 0.0, "county_sunHour": 11.56}, "geometry": {"type": "Polygon", "coordinates": [[[-122.88913, 40.468825], [-122.871459, 40.481635], [-122.85661, 40.482648], [-122.846968, 40.490776], [-122.852079, 40.500955], [-122.845954, 40.505181], [-122.83159396798149, 40.50670063763411], [-122.83159396798149, 40.465037234998206], [-122.89070586364876, 40.465037234998206], [-122.88913, 40.468825]]]}}, {"type": "Feature", "properties": {"grid_id": "06089_5km_0067", "county": "Shasta County", "county_short": "Shasta", "geoid": "06089", "grid_km": 5.0, "center_lat": 40.485869, "center_lon": -122.801945, "row_index": 4, "col_index": 4, "is_mock": 1, "shape_model": "county_boundary_clipped_grid", "month": "2020-08", "monthly_fire_probability_pct": 23.33, "risk_score": 0.4293, "risk_level": "medium", "mock_ndvi": 0.7159, "mock_avgtempF": 88.77, "mock_humid": 27.95, "mock_wind": 5.09, "county_avgtempF": 88.55, "county_humid": 28.45, "county_wind": 4.97, "county_precip": 0.0, "county_sunHour": 11.56}, "geometry": {"type": "Polygon", "coordinates": [[[-122.828784, 40.506998], [-122.82187009578024, 40.50995279374776], [-122.77229520997686, 40.50995279374776], [-122.77229520997686, 40.465037234998206], [-122.83159396798148, 40.465037234998206], [-122.83159396798148, 40.50670063763411], [-122.828784, 40.506998]]]}}, {"type": "Feature", "properties": {"grid_id": "06089_5km_0068", "county": "Shasta County", "county_short": "Shasta", "geoid": "06089", "grid_km": 5.0, "center_lat": 40.487495, "center_lon": -122.742646, "row_index": 4, "col_index": 5, "is_mock": 1, "shape_model": "county_boundary_clipped_grid", "month": "2020-08", "monthly_fire_probability_pct": 23.33, "risk_score": 0.4271, "risk_level": "medium", "mock_ndvi": 0.7132, "mock_avgtempF": 88.67, "mock_humid": 28.19, "mock_wind": 5.03, "county_avgtempF": 88.55, "county_humid": 28.45, "county_wind": 4.97, "county_precip": 0.0, "county_sunHour": 11.56}, "geometry": {"type": "Polygon", "coordinates": [[[-122.77229520997685, 40.465037234998206], [-122.77229520997685, 40.50995279374776], [-122.71299645197223, 40.50995279374776], [-122.71299645197223, 40.465037234998206], [-122.77229520997685, 40.465037234998206]]]}}, {"type": "Feature", "properties": {"grid_id": "06089_5km_0069", "county": "Shasta County", "county_short": "Shasta", "geoid": "06089", "grid_km": 5.0, "center_lat": 40.487495, "center_lon": -122.683347, "row_index": 4, "col_index": 6, "is_mock": 1, "shape_model": "county_boundary_clipped_grid", "month": "2020-08", "monthly_fire_probability_pct": 23.33, "risk_score": 0.4252, "risk_level": "medium", "mock_ndvi": 0.7108, "mock_avgtempF": 88.57, "mock_humid": 28.4, "mock_wind": 4.98, "county_avgtempF": 88.55, "county_humid": 28.45, "county_wind": 4.97, "county_precip": 0.0, "county_sunHour": 11.56}, "geometry": {"type": "Polygon", "coordinates": [[[-122.71299645197222, 40.465037234998206], [-122.71299645197222, 40.50995279374776], [-122.6536976939676, 40.50995279374776], [-122.6536976939676, 40.465037234998206], [-122.71299645197222, 40.465037234998206]]]}}, {"type": "Feature", "properties": {"grid_id": "06089_5km_0070", "county": "Shasta County", "county_short": "Shasta", "geoid": "06089", "grid_km": 5.0, "center_lat": 40.487495, "center_lon": -122.624048, "row_index": 4, "col_index": 7, "is_mock": 1, "shape_model": "county_boundary_clipped_grid", "month": "2020-08", "monthly_fire_probability_pct": 23.33, "risk_score": 0.4255, "risk_level": "medium", "mock_ndvi": 0.7081, "mock_avgtempF": 88.54, "mock_humid": 28.39, "mock_wind": 5.04, "county_avgtempF": 88.55, "county_humid": 28.45, "county_wind": 4.97, "county_precip": 0.0, "county_sunHour": 11.56}, "geometry": {"type": "Polygon", "coordinates": [[[-122.65369769396759, 40.465037234998206], [-122.65369769396759, 40.50995279374776], [-122.59439893596297, 40.50995279374776], [-122.59439893596297, 40.465037234998206], [-122.65369769396759, 40.465037234998206]]]}}, {"type": "Feature", "properties": {"grid_id": "06089_5km_0071", "county": "Shasta County", "county_short": "Shasta", "geoid": "06089", "grid_km": 5.0, "center_lat": 40.487495, "center_lon": -122.56475, "row_index": 4, "col_index": 8, "is_mock": 1, "shape_model": "county_boundary_clipped_grid", "month": "2020-08", "monthly_fire_probability_pct": 23.33, "risk_score": 0.4294, "risk_level": "medium", "mock_ndvi": 0.7047, "mock_avgtempF": 88.62, "mock_humid": 28.01, "mock_wind": 5.19, "county_avgtempF": 88.55, "county_humid": 28.45, "county_wind": 4.97, "county_precip": 0.0, "county_sunHour": 11.56}, "geometry": {"type": "Polygon", "coordinates": [[[-122.59439893596296, 40.465037234998206], [-122.59439893596296, 40.50995279374776], [-122.53510017795834, 40.50995279374776], [-122.53510017795834, 40.465037234998206], [-122.59439893596296, 40.465037234998206]]]}}, {"type": "Feature", "properties": {"grid_id": "06089_5km_0072", "county": "Shasta County", "county_short": "Shasta", "geoid": "06089", "grid_km": 5.0, "center_lat": 40.487495, "center_lon": -122.505451, "row_index": 4, "col_index": 9, "is_mock": 1, "shape_model": "county_boundary_clipped_grid", "month": "2020-08", "monthly_fire_probability_pct": 23.33, "risk_score": 0.4336, "risk_level": "medium", "mock_ndvi": 0.7023, "mock_avgtempF": 88.72, "mock_humid": 27.59, "mock_wind": 5.31, "county_avgtempF": 88.55, "county_humid": 28.45, "county_wind": 4.97, "county_precip": 0.0, "county_sunHour": 11.56}, "geometry": {"type": "Polygon", "coordinates": [[[-122.53510017795833, 40.465037234998206], [-122.53510017795833, 40.50995279374776], [-122.47580141995371, 40.50995279374776], [-122.47580141995371, 40.465037234998206], [-122.53510017795833, 40.465037234998206]]]}}, {"type": "Feature", "properties": {"grid_id": "06089_5km_0073", "county": "Shasta County", "county_short": "Shasta", "geoid": "06089", "grid_km": 5.0, "center_lat": 40.487495, "center_lon": -122.446152, "row_index": 4, "col_index": 10, "is_mock": 1, "shape_model": "county_boundary_clipped_grid", "month": "2020-08", "monthly_fire_probability_pct": 23.33, "risk_score": 0.4381, "risk_level": "medium", "mock_ndvi": 0.701, "mock_avgtempF": 88.84, "mock_humid": 27.14, "mock_wind": 5.4, "county_avgtempF": 88.55, "county_humid": 28.45, "county_wind": 4.97, "county_precip": 0.0, "county_sunHour": 11.56}, "geometry": {"type": "Polygon", "coordinates": [[[-122.4758014199537, 40.465037234998206], [-122.4758014199537, 40.50995279374776], [-122.41650266194908, 40.50995279374776], [-122.41650266194908, 40.465037234998206], [-122.4758014199537, 40.465037234998206]]]}}, {"type": "Feature", "properties": {"grid_id": "06089_5km_0074", "county": "Shasta County", "county_short": "Shasta", "geoid": "06089", "grid_km": 5.0, "center_lat": 40.487495, "center_lon": -122.386853, "row_index": 4, "col_index": 11, "is_mock": 1, "shape_model": "county_boundary_clipped_grid", "month": "2020-08", "monthly_fire_probability_pct": 23.33, "risk_score": 0.4428, "risk_level": "medium", "mock_ndvi": 0.7008, "mock_avgtempF": 88.99, "mock_humid": 26.66, "mock_wind": 5.46, "county_avgtempF": 88.55, "county_humid": 28.45, "county_wind": 4.97, "county_precip": 0.0, "county_sunHour": 11.56}, "geometry": {"type": "Polygon", "coordinates": [[[-122.41650266194907, 40.465037234998206], [-122.41650266194907, 40.50995279374776], [-122.35720390394445, 40.50995279374776], [-122.35720390394445, 40.465037234998206], [-122.41650266194907, 40.465037234998206]]]}}, {"type": "Feature", "properties": {"grid_id": "06089_5km_0075", "county": "Shasta County", "county_short": "Shasta", "geoid": "06089", "grid_km": 5.0, "center_lat": 40.487495, "center_lon": -122.327555, "row_index": 4, "col_index": 12, "is_mock": 1, "shape_model": "county_boundary_clipped_grid", "month": "2020-08", "monthly_fire_probability_pct": 23.33, "risk_score": 0.4475, "risk_level": "medium", "mock_ndvi": 0.7014, "mock_avgtempF": 89.15, "mock_humid": 26.16, "mock_wind": 5.58, "county_avgtempF": 88.55, "county_humid": 28.45, "county_wind": 4.97, "county_precip": 0.0, "county_sunHour": 11.56}, "geometry": {"type": "Polygon", "coordinates": [[[-122.35720390394444, 40.465037234998206], [-122.35720390394444, 40.50995279374776], [-122.29790514593982, 40.50995279374776], [-122.29790514593982, 40.465037234998206], [-122.35720390394444, 40.465037234998206]]]}}, {"type": "Feature", "properties": {"grid_id": "06089_5km_0076", "county": "Shasta County", "county_short": "Shasta", "geoid": "06089", "grid_km": 5.0, "center_lat": 40.487495, "center_lon": -122.268256, "row_index": 4, "col_index": 13, "is_mock": 1, "shape_model": "county_boundary_clipped_grid", "month": "2020-08", "monthly_fire_probability_pct": 23.33, "risk_score": 0.4522, "risk_level": "medium", "mock_ndvi": 0.7028, "mock_avgtempF": 89.32, "mock_humid": 25.67, "mock_wind": 5.7, "county_avgtempF": 88.55, "county_humid": 28.45, "county_wind": 4.97, "county_precip": 0.0, "county_sunHour": 11.56}, "geometry": {"type": "Polygon", "coordinates": [[[-122.29790514593981, 40.465037234998206], [-122.29790514593981, 40.50995279374776], [-122.23860638793519, 40.50995279374776], [-122.23860638793519, 40.465037234998206], [-122.29790514593981, 40.465037234998206]]]}}, {"type": "Feature", "properties": {"grid_id": "06089_5km_0077", "county": "Shasta County", "county_short": "Shasta", "geoid": "06089", "grid_km": 5.0, "center_lat": 40.487495, "center_lon": -122.208957, "row_index": 4, "col_index": 14, "is_mock": 1, "shape_model": "county_boundary_clipped_grid", "month": "2020-08", "monthly_fire_probability_pct": 23.33, "risk_score": 0.4565, "risk_level": "medium", "mock_ndvi": 0.7048, "mock_avgtempF": 89.49, "mock_humid": 25.21, "mock_wind": 5.82, "county_avgtempF": 88.55, "county_humid": 28.45, "county_wind": 4.97, "county_precip": 0.0, "county_sunHour": 11.56}, "geometry": {"type": "Polygon", "coordinates": [[[-122.23860638793518, 40.465037234998206], [-122.23860638793518, 40.50995279374776], [-122.17930762993056, 40.50995279374776], [-122.17930762993056, 40.465037234998206], [-122.23860638793518, 40.465037234998206]]]}}, {"type": "Feature", "properties": {"grid_id": "06089_5km_0078", "county": "Shasta County", "county_short": "Shasta", "geoid": "06089", "grid_km": 5.0, "center_lat": 40.487495, "center_lon": -122.149658, "row_index": 4, "col_index": 15, "is_mock": 1, "shape_model": "county_boundary_clipped_grid", "month": "2020-08", "monthly_fire_probability_pct": 23.33, "risk_score": 0.4602, "risk_level": "medium", "mock_ndvi": 0.707, "mock_avgtempF": 89.64, "mock_humid": 24.81, "mock_wind": 5.92, "county_avgtempF": 88.55, "county_humid": 28.45, "county_wind": 4.97, "county_precip": 0.0, "county_sunHour": 11.56}, "geometry": {"type": "Polygon", "coordinates": [[[-122.17930762993055, 40.465037234998206], [-122.17930762993055, 40.50995279374776], [-122.12000887192593, 40.50995279374776], [-122.12000887192593, 40.465037234998206], [-122.17930762993055, 40.465037234998206]]]}}, {"type": "Feature", "properties": {"grid_id": "06089_5km_0079", "county": "Shasta County", "county_short": "Shasta", "geoid": "06089", "grid_km": 5.0, "center_lat": 40.487495, "center_lon": -122.090359, "row_index": 4, "col_index": 16, "is_mock": 1, "shape_model": "county_boundary_clipped_grid", "month": "2020-08", "monthly_fire_probability_pct": 23.33, "risk_score": 0.4631, "risk_level": "medium", "mock_ndvi": 0.7093, "mock_avgtempF": 89.77, "mock_humid": 24.49, "mock_wind": 6.0, "county_avgtempF": 88.55, "county_humid": 28.45, "county_wind": 4.97, "county_precip": 0.0, "county_sunHour": 11.56}, "geometry": {"type": "Polygon", "coordinates": [[[-122.12000887192592, 40.465037234998206], [-122.12000887192592, 40.50995279374776], [-122.0607101139213, 40.50995279374776], [-122.0607101139213, 40.465037234998206], [-122.12000887192592, 40.465037234998206]]]}}, {"type": "Feature", "properties": {"grid_id": "06089_5km_0080", "county": "Shasta County", "county_short": "Shasta", "geoid": "06089", "grid_km": 5.0, "center_lat": 40.487495, "center_lon": -122.031061, "row_index": 4, "col_index": 17, "is_mock": 1, "shape_model": "county_boundary_clipped_grid", "month": "2020-08", "monthly_fire_probability_pct": 23.33, "risk_score": 0.4651, "risk_level": "medium", "mock_ndvi": 0.7114, "mock_avgtempF": 89.86, "mock_humid": 24.27, "mock_wind": 6.05, "county_avgtempF": 88.55, "county_humid": 28.45, "county_wind": 4.97, "county_precip": 0.0, "county_sunHour": 11.56}, "geometry": {"type": "Polygon", "coordinates": [[[-122.06071011392129, 40.465037234998206], [-122.06071011392129, 40.50995279374776], [-122.00141135591667, 40.50995279374776], [-122.00141135591667, 40.465037234998206], [-122.06071011392129, 40.465037234998206]]]}}, {"type": "Feature", "properties": {"grid_id": "06089_5km_0081", "county": "Shasta County", "county_short": "Shasta", "geoid": "06089", "grid_km": 5.0, "center_lat": 40.487495, "center_lon": -121.971762, "row_index": 4, "col_index": 18, "is_mock": 1, "shape_model": "county_boundary_clipped_grid", "month": "2020-08", "monthly_fire_probability_pct": 23.33, "risk_score": 0.4658, "risk_level": "medium", "mock_ndvi": 0.7131, "mock_avgtempF": 89.91, "mock_humid": 24.18, "mock_wind": 6.07, "county_avgtempF": 88.55, "county_humid": 28.45, "county_wind": 4.97, "county_precip": 0.0, "county_sunHour": 11.56}, "geometry": {"type": "Polygon", "coordinates": [[[-122.00141135591666, 40.465037234998206], [-122.00141135591666, 40.50995279374776], [-121.94211259791204, 40.50995279374776], [-121.94211259791204, 40.465037234998206], [-122.00141135591666, 40.465037234998206]]]}}, {"type": "Feature", "properties": {"grid_id": "06089_5km_0082", "county": "Shasta County", "county_short": "Shasta", "geoid": "06089", "grid_km": 5.0, "center_lat": 40.487495, "center_lon": -121.912463, "row_index": 4, "col_index": 19, "is_mock": 1, "shape_model": "county_boundary_clipped_grid", "month": "2020-08", "monthly_fire_probability_pct": 23.33, "risk_score": 0.4653, "risk_level": "medium", "mock_ndvi": 0.7143, "mock_avgtempF": 89.91, "mock_humid": 24.22, "mock_wind": 6.06, "county_avgtempF": 88.55, "county_humid": 28.45, "county_wind": 4.97, "county_precip": 0.0, "county_sunHour": 11.56}, "geometry": {"type": "Polygon", "coordinates": [[[-121.94211259791203, 40.465037234998206], [-121.94211259791203, 40.50995279374776], [-121.88281383990741, 40.50995279374776], [-121.88281383990741, 40.465037234998206], [-121.94211259791203, 40.465037234998206]]]}}, {"type": "Feature", "properties": {"grid_id": "06089_5km_0083", "county": "Shasta County", "county_short": "Shasta", "geoid": "06089", "grid_km": 5.0, "center_lat": 40.487495, "center_lon": -121.853164, "row_index": 4, "col_index": 20, "is_mock": 1, "shape_model": "county_boundary_clipped_grid", "month": "2020-08", "monthly_fire_probability_pct": 23.33, "risk_score": 0.4636, "risk_level": "medium", "mock_ndvi": 0.715, "mock_avgtempF": 89.86, "mock_humid": 24.4, "mock_wind": 6.01, "county_avgtempF": 88.55, "county_humid": 28.45, "county_wind": 4.97, "county_precip": 0.0, "county_sunHour": 11.56}, "geometry": {"type": "Polygon", "coordinates": [[[-121.8828138399074, 40.465037234998206], [-121.8828138399074, 40.50995279374776], [-121.82351508190278, 40.50995279374776], [-121.82351508190278, 40.465037234998206], [-121.8828138399074, 40.465037234998206]]]}}, {"type": "Feature", "properties": {"grid_id": "06089_5km_0084", "county": "Shasta County", "county_short": "Shasta", "geoid": "06089", "grid_km": 5.0, "center_lat": 40.487495, "center_lon": -121.793866, "row_index": 4, "col_index": 21, "is_mock": 1, "shape_model": "county_boundary_clipped_grid", "month": "2020-08", "monthly_fire_probability_pct": 23.33, "risk_score": 0.4606, "risk_level": "medium", "mock_ndvi": 0.7151, "mock_avgtempF": 89.77, "mock_humid": 24.71, "mock_wind": 5.93, "county_avgtempF": 88.55, "county_humid": 28.45, "county_wind": 4.97, "county_precip": 0.0, "county_sunHour": 11.56}, "geometry": {"type": "Polygon", "coordinates": [[[-121.82351508190277, 40.465037234998206], [-121.82351508190277, 40.50995279374776], [-121.76421632389815, 40.50995279374776], [-121.76421632389815, 40.465037234998206], [-121.82351508190277, 40.465037234998206]]]}}, {"type": "Feature", "properties": {"grid_id": "06089_5km_0085", "county": "Shasta County", "county_short": "Shasta", "geoid": "06089", "grid_km": 5.0, "center_lat": 40.487495, "center_lon": -121.734567, "row_index": 4, "col_index": 22, "is_mock": 1, "shape_model": "county_boundary_clipped_grid", "month": "2020-08", "monthly_fire_probability_pct": 23.33, "risk_score": 0.4564, "risk_level": "medium", "mock_ndvi": 0.7146, "mock_avgtempF": 89.63, "mock_humid": 25.14, "mock_wind": 5.82, "county_avgtempF": 88.55, "county_humid": 28.45, "county_wind": 4.97, "county_precip": 0.0, "county_sunHour": 11.56}, "geometry": {"type": "Polygon", "coordinates": [[[-121.76421632389814, 40.465037234998206], [-121.76421632389814, 40.50995279374776], [-121.70491756589352, 40.50995279374776], [-121.70491756589352, 40.465037234998206], [-121.76421632389814, 40.465037234998206]]]}}, {"type": "Feature", "properties": {"grid_id": "06089_5km_0086", "county": "Shasta County", "county_short": "Shasta", "geoid": "06089", "grid_km": 5.0, "center_lat": 40.487495, "center_lon": -121.675268, "row_index": 4, "col_index": 23, "is_mock": 1, "shape_model": "county_boundary_clipped_grid", "month": "2020-08", "monthly_fire_probability_pct": 23.33, "risk_score": 0.4513, "risk_level": "medium", "mock_ndvi": 0.7139, "mock_avgtempF": 89.45, "mock_humid": 25.68, "mock_wind": 5.68, "county_avgtempF": 88.55, "county_humid": 28.45, "county_wind": 4.97, "county_precip": 0.0, "county_sunHour": 11.56}, "geometry": {"type": "Polygon", "coordinates": [[[-121.70491756589351, 40.465037234998206], [-121.70491756589351, 40.50995279374776], [-121.6456188078889, 40.50995279374776], [-121.6456188078889, 40.465037234998206], [-121.70491756589351, 40.465037234998206]]]}}, {"type": "Feature", "properties": {"grid_id": "06089_5km_0087", "county": "Shasta County", "county_short": "Shasta", "geoid": "06089", "grid_km": 5.0, "center_lat": 40.487495, "center_lon": -121.615969, "row_index": 4, "col_index": 24, "is_mock": 1, "shape_model": "county_boundary_clipped_grid", "month": "2020-08", "monthly_fire_probability_pct": 23.33, "risk_score": 0.4454, "risk_level": "medium", "mock_ndvi": 0.7129, "mock_avgtempF": 89.25, "mock_humid": 26.3, "mock_wind": 5.52, "county_avgtempF": 88.55, "county_humid": 28.45, "county_wind": 4.97, "county_precip": 0.0, "county_sunHour": 11.56}, "geometry": {"type": "Polygon", "coordinates": [[[-121.64561880788888, 40.465037234998206], [-121.64561880788888, 40.50995279374776], [-121.58632004988426, 40.50995279374776], [-121.58632004988426, 40.465037234998206], [-121.64561880788888, 40.465037234998206]]]}}, {"type": "Feature", "properties": {"grid_id": "06089_5km_0088", "county": "Shasta County", "county_short": "Shasta", "geoid": "06089", "grid_km": 5.0, "center_lat": 40.487495, "center_lon": -121.556671, "row_index": 4, "col_index": 25, "is_mock": 1, "shape_model": "county_boundary_clipped_grid", "month": "2020-08", "monthly_fire_probability_pct": 23.33, "risk_score": 0.4389, "risk_level": "medium", "mock_ndvi": 0.712, "mock_avgtempF": 89.03, "mock_humid": 26.98, "mock_wind": 5.35, "county_avgtempF": 88.55, "county_humid": 28.45, "county_wind": 4.97, "county_precip": 0.0, "county_sunHour": 11.56}, "geometry": {"type": "Polygon", "coordinates": [[[-121.58632004988425, 40.465037234998206], [-121.58632004988425, 40.50995279374776], [-121.52702129187963, 40.50995279374776], [-121.52702129187963, 40.465037234998206], [-121.58632004988425, 40.465037234998206]]]}}, {"type": "Feature", "properties": {"grid_id": "06089_5km_0089", "county": "Shasta County", "county_short": "Shasta", "geoid": "06089", "grid_km": 5.0, "center_lat": 40.487495, "center_lon": -121.497372, "row_index": 4, "col_index": 26, "is_mock": 1, "shape_model": "county_boundary_clipped_grid", "month": "2020-08", "monthly_fire_probability_pct": 23.33, "risk_score": 0.4321, "risk_level": "medium", "mock_ndvi": 0.7114, "mock_avgtempF": 88.8, "mock_humid": 27.69, "mock_wind": 5.16, "county_avgtempF": 88.55, "county_humid": 28.45, "county_wind": 4.97, "county_precip": 0.0, "county_sunHour": 11.56}, "geometry": {"type": "Polygon", "coordinates": [[[-121.52702129187962, 40.465037234998206], [-121.52702129187962, 40.50995279374776], [-121.467722533875, 40.50995279374776], [-121.467722533875, 40.465037234998206], [-121.52702129187962, 40.465037234998206]]]}}, {"type": "Feature", "properties": {"grid_id": "06089_5km_0090", "county": "Shasta County", "county_short": "Shasta", "geoid": "06089", "grid_km": 5.0, "center_lat": 40.487495, "center_lon": -121.438073, "row_index": 4, "col_index": 27, "is_mock": 1, "shape_model": "county_boundary_clipped_grid", "month": "2020-08", "monthly_fire_probability_pct": 23.33, "risk_score": 0.4256, "risk_level": "medium", "mock_ndvi": 0.7112, "mock_avgtempF": 88.59, "mock_humid": 28.37, "mock_wind": 4.99, "county_avgtempF": 88.55, "county_humid": 28.45, "county_wind": 4.97, "county_precip": 0.0, "county_sunHour": 11.56}, "geometry": {"type": "Polygon", "coordinates": [[[-121.46772253387499, 40.465037234998206], [-121.46772253387499, 40.50995279374776], [-121.40842377587038, 40.50995279374776], [-121.40842377587038, 40.465037234998206], [-121.46772253387499, 40.465037234998206]]]}}, {"type": "Feature", "properties": {"grid_id": "06089_5km_0091", "county": "Shasta County", "county_short": "Shasta", "geoid": "06089", "grid_km": 5.0, "center_lat": 40.487495, "center_lon": -121.378774, "row_index": 4, "col_index": 28, "is_mock": 1, "shape_model": "county_boundary_clipped_grid", "month": "2020-08", "monthly_fire_probability_pct": 23.33, "risk_score": 0.424, "risk_level": "medium", "mock_ndvi": 0.7093, "mock_avgtempF": 88.51, "mock_humid": 28.54, "mock_wind": 4.99, "county_avgtempF": 88.55, "county_humid": 28.45, "county_wind": 4.97, "county_precip": 0.0, "county_sunHour": 11.56}, "geometry": {"type": "Polygon", "coordinates": [[[-121.40842377587036, 40.465037234998206], [-121.40842377587036, 40.50995279374776], [-121.34912501786575, 40.50995279374776], [-121.34912501786575, 40.465037234998206], [-121.40842377587036, 40.465037234998206]]]}}, {"type": "Feature", "properties": {"grid_id": "06089_5km_0092", "county": "Shasta County", "county_short": "Shasta", "geoid": "06089", "grid_km": 5.0, "center_lat": 40.527653, "center_lon": -122.780109, "row_index": 5, "col_index": 4, "is_mock": 1, "shape_model": "county_boundary_clipped_grid", "month": "2020-08", "monthly_fire_probability_pct": 23.33, "risk_score": 0.4304, "risk_level": "medium", "mock_ndvi": 0.7172, "mock_avgtempF": 88.83, "mock_humid": 27.82, "mock_wind": 5.12, "county_avgtempF": 88.55, "county_humid": 28.45, "county_wind": 4.97, "county_precip": 0.0, "county_sunHour": 11.56}, "geometry": {"type": "Polygon", "coordinates": [[[-122.819511, 40.510961], [-122.804672, 40.510481], [-122.793252, 40.514518], [-122.79362, 40.523434], [-122.782224, 40.531871], [-122.785194, 40.540916], [-122.77229520997686, 40.55018782124791], [-122.77229520997686, 40.50995279374776], [-122.82187009578024, 40.50995279374776], [-122.819511, 40.510961]]]}}, {"type": "Feature", "properties": {"grid_id": "06089_5km_0093", "county": "Shasta County", "county_short": "Shasta", "geoid": "06089", "grid_km": 5.0, "center_lat": 40.53007, "center_lon": -122.742646, "row_index": 5, "col_index": 5, "is_mock": 1, "shape_model": "county_boundary_clipped_grid", "month": "2020-08", "monthly_fire_probability_pct": 23.33, "risk_score": 0.4291, "risk_level": "medium", "mock_ndvi": 0.7156, "mock_avgtempF": 88.76, "mock_humid": 27.97, "mock_wind": 5.09, "county_avgtempF": 88.55, "county_humid": 28.45, "county_wind": 4.97, "county_precip": 0.0, "county_sunHour": 11.56}, "geometry": {"type": "Polygon", "coordinates": [[[-122.767903, 40.553345], [-122.76377343572706, 40.55486835249731], [-122.74991251906764, 40.55486835249731], [-122.743923, 40.553798], [-122.74365219666953, 40.55486835249731], [-122.71299645197223, 40.55486835249731], [-122.71299645197223, 40.50995279374776], [-122.77229520997685, 40.50995279374776], [-122.77229520997685, 40.550187821247924], [-122.767903, 40.553345]]]}}, {"type": "Feature", "properties": {"grid_id": "06089_5km_0094", "county": "Shasta County", "county_short": "Shasta", "geoid": "06089", "grid_km": 5.0, "center_lat": 40.532411, "center_lon": -122.683347, "row_index": 5, "col_index": 6, "is_mock": 1, "shape_model": "county_boundary_clipped_grid", "month": "2020-08", "monthly_fire_probability_pct": 23.33, "risk_score": 0.4297, "risk_level": "medium", "mock_ndvi": 0.7121, "mock_avgtempF": 88.73, "mock_humid": 27.93, "mock_wind": 5.1, "county_avgtempF": 88.55, "county_humid": 28.45, "county_wind": 4.97, "county_precip": 0.0, "county_sunHour": 11.56}, "geometry": {"type": "Polygon", "coordinates": [[[-122.71299645197222, 40.50995279374776], [-122.71299645197222, 40.55486835249731], [-122.6536976939676, 40.55486835249731], [-122.6536976939676, 40.50995279374776], [-122.71299645197222, 40.50995279374776]]]}}, {"type": "Feature", "properties": {"grid_id": "06089_5km_0095", "county": "Shasta County", "county_short": "Shasta", "geoid": "06089", "grid_km": 5.0, "center_lat": 40.532411, "center_lon": -122.624048, "row_index": 5, "col_index": 7, "is_mock": 1, "shape_model": "county_boundary_clipped_grid", "month": "2020-08", "monthly_fire_probability_pct": 23.33, "risk_score": 0.4336, "risk_level": "medium", "mock_ndvi": 0.7076, "mock_avgtempF": 88.79, "mock_humid": 27.56, "mock_wind": 5.2, "county_avgtempF": 88.55, "county_humid": 28.45, "county_wind": 4.97, "county_precip": 0.0, "county_sunHour": 11.56}, "geometry": {"type": "Polygon", "coordinates": [[[-122.65369769396759, 40.50995279374776], [-122.65369769396759, 40.55486835249731], [-122.59439893596297, 40.55486835249731], [-122.59439893596297, 40.50995279374776], [-122.65369769396759, 40.50995279374776]]]}}, {"type": "Feature", "properties": {"grid_id": "06089_5km_0096", "county": "Shasta County", "county_short": "Shasta", "geoid": "06089", "grid_km": 5.0, "center_lat": 40.532411, "center_lon": -122.56475, "row_index": 5, "col_index": 8, "is_mock": 1, "shape_model": "county_boundary_clipped_grid", "month": "2020-08", "monthly_fire_probability_pct": 23.33, "risk_score": 0.4377, "risk_level": "medium", "mock_ndvi": 0.7041, "mock_avgtempF": 88.87, "mock_humid": 27.16, "mock_wind": 5.31, "county_avgtempF": 88.55, "county_humid": 28.45, "county_wind": 4.97, "county_precip": 0.0, "county_sunHour": 11.56}, "geometry": {"type": "Polygon", "coordinates": [[[-122.59439893596296, 40.50995279374776], [-122.59439893596296, 40.55486835249731], [-122.53510017795834, 40.55486835249731], [-122.53510017795834, 40.50995279374776], [-122.59439893596296, 40.50995279374776]]]}}, {"type": "Feature", "properties": {"grid_id": "06089_5km_0097", "county": "Shasta County", "county_short": "Shasta", "geoid": "06089", "grid_km": 5.0, "center_lat": 40.532411, "center_lon": -122.505451, "row_index": 5, "col_index": 9, "is_mock": 1, "shape_model": "county_boundary_clipped_grid", "month": "2020-08", "monthly_fire_probability_pct": 23.33, "risk_score": 0.4421, "risk_level": "medium", "mock_ndvi": 0.7017, "mock_avgtempF": 88.98, "mock_humid": 26.72, "mock_wind": 5.43, "county_avgtempF": 88.55, "county_humid": 28.45, "county_wind": 4.97, "county_precip": 0.0, "county_sunHour": 11.56}, "geometry": {"type": "Polygon", "coordinates": [[[-122.53510017795833, 40.50995279374776], [-122.53510017795833, 40.55486835249731], [-122.47580141995371, 40.55486835249731], [-122.47580141995371, 40.50995279374776], [-122.53510017795833, 40.50995279374776]]]}}, {"type": "Feature", "properties": {"grid_id": "06089_5km_0098", "county": "Shasta County", "county_short": "Shasta", "geoid": "06089", "grid_km": 5.0, "center_lat": 40.532411, "center_lon": -122.446152, "row_index": 5, "col_index": 10, "is_mock": 1, "shape_model": "county_boundary_clipped_grid", "month": "2020-08", "monthly_fire_probability_pct": 23.33, "risk_score": 0.4467, "risk_level": "medium", "mock_ndvi": 0.7003, "mock_avgtempF": 89.11, "mock_humid": 26.25, "mock_wind": 5.55, "county_avgtempF": 88.55, "county_humid": 28.45, "county_wind": 4.97, "county_precip": 0.0, "county_sunHour": 11.56}, "geometry": {"type": "Polygon", "coordinates": [[[-122.4758014199537, 40.50995279374776], [-122.4758014199537, 40.55486835249731], [-122.41650266194908, 40.55486835249731], [-122.41650266194908, 40.50995279374776], [-122.4758014199537, 40.50995279374776]]]}}, {"type": "Feature", "properties": {"grid_id": "06089_5km_0099", "county": "Shasta County", "county_short": "Shasta", "geoid": "06089", "grid_km": 5.0, "center_lat": 40.532411, "center_lon": -122.386853, "row_index": 5, "col_index": 11, "is_mock": 1, "shape_model": "county_boundary_clipped_grid", "month": "2020-08", "monthly_fire_probability_pct": 23.33, "risk_score": 0.4516, "risk_level": "medium", "mock_ndvi": 0.6999, "mock_avgtempF": 89.26, "mock_humid": 25.75, "mock_wind": 5.68, "county_avgtempF": 88.55, "county_humid": 28.45, "county_wind": 4.97, "county_precip": 0.0, "county_sunHour": 11.56}, "geometry": {"type": "Polygon", "coordinates": [[[-122.41650266194907, 40.50995279374776], [-122.41650266194907, 40.55486835249731], [-122.35720390394445, 40.55486835249731], [-122.35720390394445, 40.50995279374776], [-122.41650266194907, 40.50995279374776]]]}}, {"type": "Feature", "properties": {"grid_id": "06089_5km_0100", "county": "Shasta County", "county_short": "Shasta", "geoid": "06089", "grid_km": 5.0, "center_lat": 40.532411, "center_lon": -122.327555, "row_index": 5, "col_index": 12, "is_mock": 1, "shape_model": "county_boundary_clipped_grid", "month": "2020-08", "monthly_fire_probability_pct": 23.33, "risk_score": 0.4566, "risk_level": "medium", "mock_ndvi": 0.7005, "mock_avgtempF": 89.43, "mock_humid": 25.23, "mock_wind": 5.82, "county_avgtempF": 88.55, "county_humid": 28.45, "county_wind": 4.97, "county_precip": 0.0, "county_sunHour": 11.56}, "geometry": {"type": "Polygon", "coordinates": [[[-122.35720390394444, 40.50995279374776], [-122.35720390394444, 40.55486835249731], [-122.29790514593982, 40.55486835249731], [-122.29790514593982, 40.50995279374776], [-122.35720390394444, 40.50995279374776]]]}}, {"type": "Feature", "properties": {"grid_id": "06089_5km_0101", "county": "Shasta County", "county_short": "Shasta", "geoid": "06089", "grid_km": 5.0, "center_lat": 40.532411, "center_lon": -122.268256, "row_index": 5, "col_index": 13, "is_mock": 1, "shape_model": "county_boundary_clipped_grid", "month": "2020-08", "monthly_fire_probability_pct": 23.33, "risk_score": 0.4614, "risk_level": "medium", "mock_ndvi": 0.7018, "mock_avgtempF": 89.6, "mock_humid": 24.72, "mock_wind": 5.95, "county_avgtempF": 88.55, "county_humid": 28.45, "county_wind": 4.97, "county_precip": 0.0, "county_sunHour": 11.56}, "geometry": {"type": "Polygon", "coordinates": [[[-122.29790514593981, 40.50995279374776], [-122.29790514593981, 40.55486835249731], [-122.23860638793519, 40.55486835249731], [-122.23860638793519, 40.50995279374776], [-122.29790514593981, 40.50995279374776]]]}}, {"type": "Feature", "properties": {"grid_id": "06089_5km_0102", "county": "Shasta County", "county_short": "Shasta", "geoid": "06089", "grid_km": 5.0, "center_lat": 40.532411, "center_lon": -122.208957, "row_index": 5, "col_index": 14, "is_mock": 1, "shape_model": "county_boundary_clipped_grid", "month": "2020-08", "monthly_fire_probability_pct": 23.33, "risk_score": 0.4658, "risk_level": "medium", "mock_ndvi": 0.7036, "mock_avgtempF": 89.77, "mock_humid": 24.25, "mock_wind": 6.07, "county_avgtempF": 88.55, "county_humid": 28.45, "county_wind": 4.97, "county_precip": 0.0, "county_sunHour": 11.56}, "geometry": {"type": "Polygon", "coordinates": [[[-122.23860638793518, 40.50995279374776], [-122.23860638793518, 40.55486835249731], [-122.17930762993056, 40.55486835249731], [-122.17930762993056, 40.50995279374776], [-122.23860638793518, 40.50995279374776]]]}}, {"type": "Feature", "properties": {"grid_id": "06089_5km_0103", "county": "Shasta County", "county_short": "Shasta", "geoid": "06089", "grid_km": 5.0, "center_lat": 40.532411, "center_lon": -122.149658, "row_index": 5, "col_index": 15, "is_mock": 1, "shape_model": "county_boundary_clipped_grid", "month": "2020-08", "monthly_fire_probability_pct": 23.33, "risk_score": 0.4697, "risk_level": "medium", "mock_ndvi": 0.7058, "mock_avgtempF": 89.93, "mock_humid": 23.84, "mock_wind": 6.17, "county_avgtempF": 88.55, "county_humid": 28.45, "county_wind": 4.97, "county_precip": 0.0, "county_sunHour": 11.56}, "geometry": {"type": "Polygon", "coordinates": [[[-122.17930762993055, 40.50995279374776], [-122.17930762993055, 40.55486835249731], [-122.12000887192593, 40.55486835249731], [-122.12000887192593, 40.50995279374776], [-122.17930762993055, 40.50995279374776]]]}}, {"type": "Feature", "properties": {"grid_id": "06089_5km_0104", "county": "Shasta County", "county_short": "Shasta", "geoid": "06089", "grid_km": 5.0, "center_lat": 40.532411, "center_lon": -122.090359, "row_index": 5, "col_index": 16, "is_mock": 1, "shape_model": "county_boundary_clipped_grid", "month": "2020-08", "monthly_fire_probability_pct": 23.33, "risk_score": 0.4727, "risk_level": "medium", "mock_ndvi": 0.7081, "mock_avgtempF": 90.06, "mock_humid": 23.51, "mock_wind": 6.25, "county_avgtempF": 88.55, "county_humid": 28.45, "county_wind": 4.97, "county_precip": 0.0, "county_sunHour": 11.56}, "geometry": {"type": "Polygon", "coordinates": [[[-122.12000887192592, 40.50995279374776], [-122.12000887192592, 40.55486835249731], [-122.0607101139213, 40.55486835249731], [-122.0607101139213, 40.50995279374776], [-122.12000887192592, 40.50995279374776]]]}}, {"type": "Feature", "properties": {"grid_id": "06089_5km_0105", "county": "Shasta County", "county_short": "Shasta", "geoid": "06089", "grid_km": 5.0, "center_lat": 40.532411, "center_lon": -122.031061, "row_index": 5, "col_index": 17, "is_mock": 1, "shape_model": "county_boundary_clipped_grid", "month": "2020-08", "monthly_fire_probability_pct": 23.33, "risk_score": 0.4746, "risk_level": "medium", "mock_ndvi": 0.7102, "mock_avgtempF": 90.15, "mock_humid": 23.29, "mock_wind": 6.31, "county_avgtempF": 88.55, "county_humid": 28.45, "county_wind": 4.97, "county_precip": 0.0, "county_sunHour": 11.56}, "geometry": {"type": "Polygon", "coordinates": [[[-122.06071011392129, 40.50995279374776], [-122.06071011392129, 40.55486835249731], [-122.00141135591667, 40.55486835249731], [-122.00141135591667, 40.50995279374776], [-122.06071011392129, 40.50995279374776]]]}}, {"type": "Feature", "properties": {"grid_id": "06089_5km_0106", "county": "Shasta County", "county_short": "Shasta", "geoid": "06089", "grid_km": 5.0, "center_lat": 40.532411, "center_lon": -121.971762, "row_index": 5, "col_index": 18, "is_mock": 1, "shape_model": "county_boundary_clipped_grid", "month": "2020-08", "monthly_fire_probability_pct": 23.33, "risk_score": 0.4754, "risk_level": "medium", "mock_ndvi": 0.7119, "mock_avgtempF": 90.2, "mock_humid": 23.2, "mock_wind": 6.33, "county_avgtempF": 88.55, "county_humid": 28.45, "county_wind": 4.97, "county_precip": 0.0, "county_sunHour": 11.56}, "geometry": {"type": "Polygon", "coordinates": [[[-122.00141135591666, 40.50995279374776], [-122.00141135591666, 40.55486835249731], [-121.94211259791204, 40.55486835249731], [-121.94211259791204, 40.50995279374776], [-122.00141135591666, 40.50995279374776]]]}}, {"type": "Feature", "properties": {"grid_id": "06089_5km_0107", "county": "Shasta County", "county_short": "Shasta", "geoid": "06089", "grid_km": 5.0, "center_lat": 40.532411, "center_lon": -121.912463, "row_index": 5, "col_index": 19, "is_mock": 1, "shape_model": "county_boundary_clipped_grid", "month": "2020-08", "monthly_fire_probability_pct": 23.33, "risk_score": 0.4748, "risk_level": "medium", "mock_ndvi": 0.7132, "mock_avgtempF": 90.2, "mock_humid": 23.25, "mock_wind": 6.31, "county_avgtempF": 88.55, "county_humid": 28.45, "county_wind": 4.97, "county_precip": 0.0, "county_sunHour": 11.56}, "geometry": {"type": "Polygon", "coordinates": [[[-121.94211259791203, 40.50995279374776], [-121.94211259791203, 40.55486835249731], [-121.88281383990741, 40.55486835249731], [-121.88281383990741, 40.50995279374776], [-121.94211259791203, 40.50995279374776]]]}}, {"type": "Feature", "properties": {"grid_id": "06089_5km_0108", "county": "Shasta County", "county_short": "Shasta", "geoid": "06089", "grid_km": 5.0, "center_lat": 40.532411, "center_lon": -121.853164, "row_index": 5, "col_index": 20, "is_mock": 1, "shape_model": "county_boundary_clipped_grid", "month": "2020-08", "monthly_fire_probability_pct": 23.33, "risk_score": 0.4729, "risk_level": "medium", "mock_ndvi": 0.7139, "mock_avgtempF": 90.15, "mock_humid": 23.44, "mock_wind": 6.26, "county_avgtempF": 88.55, "county_humid": 28.45, "county_wind": 4.97, "county_precip": 0.0, "county_sunHour": 11.56}, "geometry": {"type": "Polygon", "coordinates": [[[-121.8828138399074, 40.50995279374776], [-121.8828138399074, 40.55486835249731], [-121.82351508190278, 40.55486835249731], [-121.82351508190278, 40.50995279374776], [-121.8828138399074, 40.50995279374776]]]}}, {"type": "Feature", "properties": {"grid_id": "06089_5km_0109", "county": "Shasta County", "county_short": "Shasta", "geoid": "06089", "grid_km": 5.0, "center_lat": 40.532411, "center_lon": -121.793866, "row_index": 5, "col_index": 21, "is_mock": 1, "shape_model": "county_boundary_clipped_grid", "month": "2020-08", "monthly_fire_probability_pct": 23.33, "risk_score": 0.4697, "risk_level": "medium", "mock_ndvi": 0.7141, "mock_avgtempF": 90.05, "mock_humid": 23.77, "mock_wind": 6.18, "county_avgtempF": 88.55, "county_humid": 28.45, "county_wind": 4.97, "county_precip": 0.0, "county_sunHour": 11.56}, "geometry": {"type": "Polygon", "coordinates": [[[-121.82351508190277, 40.50995279374776], [-121.82351508190277, 40.55486835249731], [-121.76421632389815, 40.55486835249731], [-121.76421632389815, 40.50995279374776], [-121.82351508190277, 40.50995279374776]]]}}, {"type": "Feature", "properties": {"grid_id": "06089_5km_0110", "county": "Shasta County", "county_short": "Shasta", "geoid": "06089", "grid_km": 5.0, "center_lat": 40.532411, "center_lon": -121.734567, "row_index": 5, "col_index": 22, "is_mock": 1, "shape_model": "county_boundary_clipped_grid", "month": "2020-08", "monthly_fire_probability_pct": 23.33, "risk_score": 0.4654, "risk_level": "medium", "mock_ndvi": 0.7137, "mock_avgtempF": 89.9, "mock_humid": 24.22, "mock_wind": 6.06, "county_avgtempF": 88.55, "county_humid": 28.45, "county_wind": 4.97, "county_precip": 0.0, "county_sunHour": 11.56}, "geometry": {"type": "Polygon", "coordinates": [[[-121.76421632389814, 40.50995279374776], [-121.76421632389814, 40.55486835249731], [-121.70491756589352, 40.55486835249731], [-121.70491756589352, 40.50995279374776], [-121.76421632389814, 40.50995279374776]]]}}, {"type": "Feature", "properties": {"grid_id": "06089_5km_0111", "county": "Shasta County", "county_short": "Shasta", "geoid": "06089", "grid_km": 5.0, "center_lat": 40.532411, "center_lon": -121.675268, "row_index": 5, "col_index": 23, "is_mock": 1, "shape_model": "county_boundary_clipped_grid", "month": "2020-08", "monthly_fire_probability_pct": 23.33, "risk_score": 0.46, "risk_level": "medium", "mock_ndvi": 0.7131, "mock_avgtempF": 89.72, "mock_humid": 24.78, "mock_wind": 5.92, "county_avgtempF": 88.55, "county_humid": 28.45, "county_wind": 4.97, "county_precip": 0.0, "county_sunHour": 11.56}, "geometry": {"type": "Polygon", "coordinates": [[[-121.70491756589351, 40.50995279374776], [-121.70491756589351, 40.55486835249731], [-121.6456188078889, 40.55486835249731], [-121.6456188078889, 40.50995279374776], [-121.70491756589351, 40.50995279374776]]]}}, {"type": "Feature", "properties": {"grid_id": "06089_5km_0112", "county": "Shasta County", "county_short": "Shasta", "geoid": "06089", "grid_km": 5.0, "center_lat": 40.532411, "center_lon": -121.615969, "row_index": 5, "col_index": 24, "is_mock": 1, "shape_model": "county_boundary_clipped_grid", "month": "2020-08", "monthly_fire_probability_pct": 23.33, "risk_score": 0.4539, "risk_level": "medium", "mock_ndvi": 0.7122, "mock_avgtempF": 89.51, "mock_humid": 25.42, "mock_wind": 5.75, "county_avgtempF": 88.55, "county_humid": 28.45, "county_wind": 4.97, "county_precip": 0.0, "county_sunHour": 11.56}, "geometry": {"type": "Polygon", "coordinates": [[[-121.64561880788888, 40.50995279374776], [-121.64561880788888, 40.55486835249731], [-121.58632004988426, 40.55486835249731], [-121.58632004988426, 40.50995279374776], [-121.64561880788888, 40.50995279374776]]]}}, {"type": "Feature", "properties": {"grid_id": "06089_5km_0113", "county": "Shasta County", "county_short": "Shasta", "geoid": "06089", "grid_km": 5.0, "center_lat": 40.532411, "center_lon": -121.556671, "row_index": 5, "col_index": 25, "is_mock": 1, "shape_model": "county_boundary_clipped_grid", "month": "2020-08", "monthly_fire_probability_pct": 23.33, "risk_score": 0.4473, "risk_level": "medium", "mock_ndvi": 0.7114, "mock_avgtempF": 89.29, "mock_humid": 26.12, "mock_wind": 5.57, "county_avgtempF": 88.55, "county_humid": 28.45, "county_wind": 4.97, "county_precip": 0.0, "county_sunHour": 11.56}, "geometry": {"type": "Polygon", "coordinates": [[[-121.58632004988425, 40.50995279374776], [-121.58632004988425, 40.55486835249731], [-121.52702129187963, 40.55486835249731], [-121.52702129187963, 40.50995279374776], [-121.58632004988425, 40.50995279374776]]]}}, {"type": "Feature", "properties": {"grid_id": "06089_5km_0114", "county": "Shasta County", "county_short": "Shasta", "geoid": "06089", "grid_km": 5.0, "center_lat": 40.532411, "center_lon": -121.497372, "row_index": 5, "col_index": 26, "is_mock": 1, "shape_model": "county_boundary_clipped_grid", "month": "2020-08", "monthly_fire_probability_pct": 23.33, "risk_score": 0.4403, "risk_level": "medium", "mock_ndvi": 0.7109, "mock_avgtempF": 89.05, "mock_humid": 26.85, "mock_wind": 5.38, "county_avgtempF": 88.55, "county_humid": 28.45, "county_wind": 4.97, "county_precip": 0.0, "county_sunHour": 11.56}, "geometry": {"type": "Polygon", "coordinates": [[[-121.52702129187962, 40.50995279374776], [-121.52702129187962, 40.55486835249731], [-121.467722533875, 40.55486835249731], [-121.467722533875, 40.50995279374776], [-121.52702129187962, 40.50995279374776]]]}}, {"type": "Feature", "properties": {"grid_id": "06089_5km_0115", "county": "Shasta County", "county_short": "Shasta", "geoid": "06089", "grid_km": 5.0, "center_lat": 40.532411, "center_lon": -121.438073, "row_index": 5, "col_index": 27, "is_mock": 1, "shape_model": "county_boundary_clipped_grid", "month": "2020-08", "monthly_fire_probability_pct": 23.33, "risk_score": 0.4332, "risk_level": "medium", "mock_ndvi": 0.7109, "mock_avgtempF": 88.83, "mock_humid": 27.58, "mock_wind": 5.19, "county_avgtempF": 88.55, "county_humid": 28.45, "county_wind": 4.97, "county_precip": 0.0, "county_sunHour": 11.56}, "geometry": {"type": "Polygon", "coordinates": [[[-121.46772253387499, 40.50995279374776], [-121.46772253387499, 40.55486835249731], [-121.40842377587038, 40.55486835249731], [-121.40842377587038, 40.50995279374776], [-121.46772253387499, 40.50995279374776]]]}}, {"type": "Feature", "properties": {"grid_id": "06089_5km_0116", "county": "Shasta County", "county_short": "Shasta", "geoid": "06089", "grid_km": 5.0, "center_lat": 40.532411, "center_lon": -121.378774, "row_index": 5, "col_index": 28, "is_mock": 1, "shape_model": "county_boundary_clipped_grid", "month": "2020-08", "monthly_fire_probability_pct": 23.33, "risk_score": 0.4262, "risk_level": "medium", "mock_ndvi": 0.7117, "mock_avgtempF": 88.61, "mock_humid": 28.3, "mock_wind": 5.01, "county_avgtempF": 88.55, "county_humid": 28.45, "county_wind": 4.97, "county_precip": 0.0, "county_sunHour": 11.56}, "geometry": {"type": "Polygon", "coordinates": [[[-121.40842377587036, 40.50995279374776], [-121.40842377587036, 40.55486835249731], [-121.34912501786575, 40.55486835249731], [-121.34912501786575, 40.50995279374776], [-121.40842377587036, 40.50995279374776]]]}}, {"type": "Feature", "properties": {"grid_id": "06089_5km_0117", "county": "Shasta County", "county_short": "Shasta", "geoid": "06089", "grid_km": 5.0, "center_lat": 40.567461, "center_lon": -122.724404, "row_index": 6, "col_index": 5, "is_mock": 1, "shape_model": "county_boundary_clipped_grid", "month": "2020-08", "monthly_fire_probability_pct": 23.33, "risk_score": 0.4321, "risk_level": "medium", "mock_ndvi": 0.715, "mock_avgtempF": 88.85, "mock_humid": 27.66, "mock_wind": 5.17, "county_avgtempF": 88.55, "county_humid": 28.45, "county_wind": 4.97, "county_precip": 0.0, "county_sunHour": 11.56}, "geometry": {"type": "MultiPolygon", "coordinates": [[[[-122.75925, 40.556537], [-122.74991251906764, 40.55486835249731], [-122.76377343572706, 40.55486835249731], [-122.75925, 40.556537]]], [[[-122.741312, 40.564118], [-122.723082, 40.575198], [-122.714386, 40.570951], [-122.71299645197223, 40.570803278107846], [-122.71299645197223, 40.55486835249731], [-122.74365219666953, 40.55486835249731], [-122.741312, 40.564118]]]]}}, {"type": "Feature", "properties": {"grid_id": "06089_5km_0118", "county": "Shasta County", "county_short": "Shasta", "geoid": "06089", "grid_km": 5.0, "center_lat": 40.575775, "center_lon": -122.674633, "row_index": 6, "col_index": 6, "is_mock": 1, "shape_model": "county_boundary_clipped_grid", "month": "2020-08", "monthly_fire_probability_pct": 23.33, "risk_score": 0.4363, "risk_level": "medium", "mock_ndvi": 0.7105, "mock_avgtempF": 88.92, "mock_humid": 27.26, "mock_wind": 5.28, "county_avgtempF": 88.55, "county_humid": 28.45, "county_wind": 4.97, "county_precip": 0.0, "county_sunHour": 11.56}, "geometry": {"type": "Polygon", "coordinates": [[[-122.69879, 40.569293], [-122.693099, 40.580747], [-122.699798, 40.585428], [-122.70346759593932, 40.59978391124686], [-122.6536976939676, 40.59978391124686], [-122.6536976939676, 40.55486835249731], [-122.71299645197222, 40.55486835249731], [-122.71299645197222, 40.570803278107846], [-122.69879, 40.569293]]]}}, {"type": "Feature", "properties": {"grid_id": "06089_5km_0119", "county": "Shasta County", "county_short": "Shasta", "geoid": "06089", "grid_km": 5.0, "center_lat": 40.577326, "center_lon": -122.624048, "row_index": 6, "col_index": 7, "is_mock": 1, "shape_model": "county_boundary_clipped_grid", "month": "2020-08", "monthly_fire_probability_pct": 23.33, "risk_score": 0.4399, "risk_level": "medium", "mock_ndvi": 0.7066, "mock_avgtempF": 88.98, "mock_humid": 26.91, "mock_wind": 5.37, "county_avgtempF": 88.55, "county_humid": 28.45, "county_wind": 4.97, "county_precip": 0.0, "county_sunHour": 11.56}, "geometry": {"type": "Polygon", "coordinates": [[[-122.65369769396759, 40.55486835249731], [-122.65369769396759, 40.59978391124686], [-122.59439893596297, 40.59978391124686], [-122.59439893596297, 40.55486835249731], [-122.65369769396759, 40.55486835249731]]]}}, {"type": "Feature", "properties": {"grid_id": "06089_5km_0120", "county": "Shasta County", "county_short": "Shasta", "geoid": "06089", "grid_km": 5.0, "center_lat": 40.577326, "center_lon": -122.56475, "row_index": 6, "col_index": 8, "is_mock": 1, "shape_model": "county_boundary_clipped_grid", "month": "2020-08", "monthly_fire_probability_pct": 23.33, "risk_score": 0.4442, "risk_level": "medium", "mock_ndvi": 0.703, "mock_avgtempF": 89.07, "mock_humid": 26.49, "mock_wind": 5.49, "county_avgtempF": 88.55, "county_humid": 28.45, "county_wind": 4.97, "county_precip": 0.0, "county_sunHour": 11.56}, "geometry": {"type": "Polygon", "coordinates": [[[-122.59439893596296, 40.55486835249731], [-122.59439893596296, 40.59978391124686], [-122.53510017795834, 40.59978391124686], [-122.53510017795834, 40.55486835249731], [-122.59439893596296, 40.55486835249731]]]}}, {"type": "Feature", "properties": {"grid_id": "06089_5km_0121", "county": "Shasta County", "county_short": "Shasta", "geoid": "06089", "grid_km": 5.0, "center_lat": 40.577326, "center_lon": -122.505451, "row_index": 6, "col_index": 9, "is_mock": 1, "shape_model": "county_boundary_clipped_grid", "month": "2020-08", "monthly_fire_probability_pct": 23.33, "risk_score": 0.4488, "risk_level": "medium", "mock_ndvi": 0.7005, "mock_avgtempF": 89.18, "mock_humid": 26.03, "mock_wind": 5.61, "county_avgtempF": 88.55, "county_humid": 28.45, "county_wind": 4.97, "county_precip": 0.0, "county_sunHour": 11.56}, "geometry": {"type": "Polygon", "coordinates": [[[-122.53510017795833, 40.55486835249731], [-122.53510017795833, 40.59978391124686], [-122.47580141995371, 40.59978391124686], [-122.47580141995371, 40.55486835249731], [-122.53510017795833, 40.55486835249731]]]}}, {"type": "Feature", "properties": {"grid_id": "06089_5km_0122", "county": "Shasta County", "county_short": "Shasta", "geoid": "06089", "grid_km": 5.0, "center_lat": 40.577326, "center_lon": -122.446152, "row_index": 6, "col_index": 10, "is_mock": 1, "shape_model": "county_boundary_clipped_grid", "month": "2020-08", "monthly_fire_probability_pct": 23.33, "risk_score": 0.4537, "risk_level": "medium", "mock_ndvi": 0.699, "mock_avgtempF": 89.32, "mock_humid": 25.54, "mock_wind": 5.74, "county_avgtempF": 88.55, "county_humid": 28.45, "county_wind": 4.97, "county_precip": 0.0, "county_sunHour": 11.56}, "geometry": {"type": "Polygon", "coordinates": [[[-122.4758014199537, 40.55486835249731], [-122.4758014199537, 40.59978391124686], [-122.41650266194908, 40.59978391124686], [-122.41650266194908, 40.55486835249731], [-122.4758014199537, 40.55486835249731]]]}}, {"type": "Feature", "properties": {"grid_id": "06089_5km_0123", "county": "Shasta County", "county_short": "Shasta", "geoid": "06089", "grid_km": 5.0, "center_lat": 40.577326, "center_lon": -122.386853, "row_index": 6, "col_index": 11, "is_mock": 1, "shape_model": "county_boundary_clipped_grid", "month": "2020-08", "monthly_fire_probability_pct": 23.33, "risk_score": 0.4588, "risk_level": "medium", "mock_ndvi": 0.6985, "mock_avgtempF": 89.47, "mock_humid": 25.01, "mock_wind": 5.88, "county_avgtempF": 88.55, "county_humid": 28.45, "county_wind": 4.97, "county_precip": 0.0, "county_sunHour": 11.56}, "geometry": {"type": "Polygon", "coordinates": [[[-122.41650266194907, 40.55486835249731], [-122.41650266194907, 40.59978391124686], [-122.35720390394445, 40.59978391124686], [-122.35720390394445, 40.55486835249731], [-122.41650266194907, 40.55486835249731]]]}}, {"type": "Feature", "properties": {"grid_id": "06089_5km_0124", "county": "Shasta County", "county_short": "Shasta", "geoid": "06089", "grid_km": 5.0, "center_lat": 40.577326, "center_lon": -122.327555, "row_index": 6, "col_index": 12, "is_mock": 1, "shape_model": "county_boundary_clipped_grid", "month": "2020-08", "monthly_fire_probability_pct": 23.33, "risk_score": 0.464, "risk_level": "medium", "mock_ndvi": 0.699, "mock_avgtempF": 89.65, "mock_humid": 24.48, "mock_wind": 6.02, "county_avgtempF": 88.55, "county_humid": 28.45, "county_wind": 4.97, "county_precip": 0.0, "county_sunHour": 11.56}, "geometry": {"type": "Polygon", "coordinates": [[[-122.35720390394444, 40.55486835249731], [-122.35720390394444, 40.59978391124686], [-122.29790514593982, 40.59978391124686], [-122.29790514593982, 40.55486835249731], [-122.35720390394444, 40.55486835249731]]]}}, {"type": "Feature", "properties": {"grid_id": "06089_5km_0125", "county": "Shasta County", "county_short": "Shasta", "geoid": "06089", "grid_km": 5.0, "center_lat": 40.577326, "center_lon": -122.268256, "row_index": 6, "col_index": 13, "is_mock": 1, "shape_model": "county_boundary_clipped_grid", "month": "2020-08", "monthly_fire_probability_pct": 23.33, "risk_score": 0.469, "risk_level": "medium", "mock_ndvi": 0.7002, "mock_avgtempF": 89.82, "mock_humid": 23.95, "mock_wind": 6.15, "county_avgtempF": 88.55, "county_humid": 28.45, "county_wind": 4.97, "county_precip": 0.0, "county_sunHour": 11.56}, "geometry": {"type": "Polygon", "coordinates": [[[-122.29790514593981, 40.55486835249731], [-122.29790514593981, 40.59978391124686], [-122.23860638793519, 40.59978391124686], [-122.23860638793519, 40.55486835249731], [-122.29790514593981, 40.55486835249731]]]}}, {"type": "Feature", "properties": {"grid_id": "06089_5km_0126", "county": "Shasta County", "county_short": "Shasta", "geoid": "06089", "grid_km": 5.0, "center_lat": 40.577326, "center_lon": -122.208957, "row_index": 6, "col_index": 14, "is_mock": 1, "shape_model": "county_boundary_clipped_grid", "month": "2020-08", "monthly_fire_probability_pct": 23.33, "risk_score": 0.4736, "risk_level": "medium", "mock_ndvi": 0.7019, "mock_avgtempF": 90.0, "mock_humid": 23.45, "mock_wind": 6.28, "county_avgtempF": 88.55, "county_humid": 28.45, "county_wind": 4.97, "county_precip": 0.0, "county_sunHour": 11.56}, "geometry": {"type": "Polygon", "coordinates": [[[-122.23860638793518, 40.55486835249731], [-122.23860638793518, 40.59978391124686], [-122.17930762993056, 40.59978391124686], [-122.17930762993056, 40.55486835249731], [-122.23860638793518, 40.55486835249731]]]}}, {"type": "Feature", "properties": {"grid_id": "06089_5km_0127", "county": "Shasta County", "county_short": "Shasta", "geoid": "06089", "grid_km": 5.0, "center_lat": 40.577326, "center_lon": -122.149658, "row_index": 6, "col_index": 15, "is_mock": 1, "shape_model": "county_boundary_clipped_grid", "month": "2020-08", "monthly_fire_probability_pct": 23.33, "risk_score": 0.4776, "risk_level": "medium", "mock_ndvi": 0.704, "mock_avgtempF": 90.16, "mock_humid": 23.02, "mock_wind": 6.39, "county_avgtempF": 88.55, "county_humid": 28.45, "county_wind": 4.97, "county_precip": 0.0, "county_sunHour": 11.56}, "geometry": {"type": "Polygon", "coordinates": [[[-122.17930762993055, 40.55486835249731], [-122.17930762993055, 40.59978391124686], [-122.12000887192593, 40.59978391124686], [-122.12000887192593, 40.55486835249731], [-122.17930762993055, 40.55486835249731]]]}}, {"type": "Feature", "properties": {"grid_id": "06089_5km_0128", "county": "Shasta County", "county_short": "Shasta", "geoid": "06089", "grid_km": 5.0, "center_lat": 40.577326, "center_lon": -122.090359, "row_index": 6, "col_index": 16, "is_mock": 1, "shape_model": "county_boundary_clipped_grid", "month": "2020-08", "monthly_fire_probability_pct": 23.33, "risk_score": 0.4807, "risk_level": "medium", "mock_ndvi": 0.7062, "mock_avgtempF": 90.29, "mock_humid": 22.69, "mock_wind": 6.47, "county_avgtempF": 88.55, "county_humid": 28.45, "county_wind": 4.97, "county_precip": 0.0, "county_sunHour": 11.56}, "geometry": {"type": "Polygon", "coordinates": [[[-122.12000887192592, 40.55486835249731], [-122.12000887192592, 40.59978391124686], [-122.0607101139213, 40.59978391124686], [-122.0607101139213, 40.55486835249731], [-122.12000887192592, 40.55486835249731]]]}}, {"type": "Feature", "properties": {"grid_id": "06089_5km_0129", "county": "Shasta County", "county_short": "Shasta", "geoid": "06089", "grid_km": 5.0, "center_lat": 40.577326, "center_lon": -122.031061, "row_index": 6, "col_index": 17, "is_mock": 1, "shape_model": "county_boundary_clipped_grid", "month": "2020-08", "monthly_fire_probability_pct": 23.33, "risk_score": 0.4827, "risk_level": "medium", "mock_ndvi": 0.7083, "mock_avgtempF": 90.38, "mock_humid": 22.47, "mock_wind": 6.52, "county_avgtempF": 88.55, "county_humid": 28.45, "county_wind": 4.97, "county_precip": 0.0, "county_sunHour": 11.56}, "geometry": {"type": "Polygon", "coordinates": [[[-122.06071011392129, 40.55486835249731], [-122.06071011392129, 40.59978391124686], [-122.00141135591667, 40.59978391124686], [-122.00141135591667, 40.55486835249731], [-122.06071011392129, 40.55486835249731]]]}}, {"type": "Feature", "properties": {"grid_id": "06089_5km_0130", "county": "Shasta County", "county_short": "Shasta", "geoid": "06089", "grid_km": 5.0, "center_lat": 40.577326, "center_lon": -121.971762, "row_index": 6, "col_index": 18, "is_mock": 1, "shape_model": "county_boundary_clipped_grid", "month": "2020-08", "monthly_fire_probability_pct": 23.33, "risk_score": 0.4834, "risk_level": "medium", "mock_ndvi": 0.7101, "mock_avgtempF": 90.43, "mock_humid": 22.39, "mock_wind": 6.54, "county_avgtempF": 88.55, "county_humid": 28.45, "county_wind": 4.97, "county_precip": 0.0, "county_sunHour": 11.56}, "geometry": {"type": "Polygon", "coordinates": [[[-122.00141135591666, 40.55486835249731], [-122.00141135591666, 40.59978391124686], [-121.94211259791204, 40.59978391124686], [-121.94211259791204, 40.55486835249731], [-122.00141135591666, 40.55486835249731]]]}}, {"type": "Feature", "properties": {"grid_id": "06089_5km_0131", "county": "Shasta County", "county_short": "Shasta", "geoid": "06089", "grid_km": 5.0, "center_lat": 40.577326, "center_lon": -121.912463, "row_index": 6, "col_index": 19, "is_mock": 1, "shape_model": "county_boundary_clipped_grid", "month": "2020-08", "monthly_fire_probability_pct": 23.33, "risk_score": 0.4827, "risk_level": "medium", "mock_ndvi": 0.7114, "mock_avgtempF": 90.43, "mock_humid": 22.45, "mock_wind": 6.53, "county_avgtempF": 88.55, "county_humid": 28.45, "county_wind": 4.97, "county_precip": 0.0, "county_sunHour": 11.56}, "geometry": {"type": "Polygon", "coordinates": [[[-121.94211259791203, 40.55486835249731], [-121.94211259791203, 40.59978391124686], [-121.88281383990741, 40.59978391124686], [-121.88281383990741, 40.55486835249731], [-121.94211259791203, 40.55486835249731]]]}}, {"type": "Feature", "properties": {"grid_id": "06089_5km_0132", "county": "Shasta County", "county_short": "Shasta", "geoid": "06089", "grid_km": 5.0, "center_lat": 40.577326, "center_lon": -121.853164, "row_index": 6, "col_index": 20, "is_mock": 1, "shape_model": "county_boundary_clipped_grid", "month": "2020-08", "monthly_fire_probability_pct": 23.33, "risk_score": 0.4806, "risk_level": "medium", "mock_ndvi": 0.7122, "mock_avgtempF": 90.37, "mock_humid": 22.66, "mock_wind": 6.47, "county_avgtempF": 88.55, "county_humid": 28.45, "county_wind": 4.97, "county_precip": 0.0, "county_sunHour": 11.56}, "geometry": {"type": "Polygon", "coordinates": [[[-121.8828138399074, 40.55486835249731], [-121.8828138399074, 40.59978391124686], [-121.82351508190278, 40.59978391124686], [-121.82351508190278, 40.55486835249731], [-121.8828138399074, 40.55486835249731]]]}}, {"type": "Feature", "properties": {"grid_id": "06089_5km_0133", "county": "Shasta County", "county_short": "Shasta", "geoid": "06089", "grid_km": 5.0, "center_lat": 40.577326, "center_lon": -121.793866, "row_index": 6, "col_index": 21, "is_mock": 1, "shape_model": "county_boundary_clipped_grid", "month": "2020-08", "monthly_fire_probability_pct": 23.33, "risk_score": 0.4772, "risk_level": "medium", "mock_ndvi": 0.7125, "mock_avgtempF": 90.27, "mock_humid": 23.0, "mock_wind": 6.38, "county_avgtempF": 88.55, "county_humid": 28.45, "county_wind": 4.97, "county_precip": 0.0, "county_sunHour": 11.56}, "geometry": {"type": "Polygon", "coordinates": [[[-121.82351508190277, 40.55486835249731], [-121.82351508190277, 40.59978391124686], [-121.76421632389815, 40.59978391124686], [-121.76421632389815, 40.55486835249731], [-121.82351508190277, 40.55486835249731]]]}}, {"type": "Feature", "properties": {"grid_id": "06089_5km_0134", "county": "Shasta County", "county_short": "Shasta", "geoid": "06089", "grid_km": 5.0, "center_lat": 40.577326, "center_lon": -121.734567, "row_index": 6, "col_index": 22, "is_mock": 1, "shape_model": "county_boundary_clipped_grid", "month": "2020-08", "monthly_fire_probability_pct": 23.33, "risk_score": 0.4727, "risk_level": "medium", "mock_ndvi": 0.7123, "mock_avgtempF": 90.12, "mock_humid": 23.48, "mock_wind": 6.26, "county_avgtempF": 88.55, "county_humid": 28.45, "county_wind": 4.97, "county_precip": 0.0, "county_sunHour": 11.56}, "geometry": {"type": "Polygon", "coordinates": [[[-121.76421632389814, 40.55486835249731], [-121.76421632389814, 40.59978391124686], [-121.70491756589352, 40.59978391124686], [-121.70491756589352, 40.55486835249731], [-121.76421632389814, 40.55486835249731]]]}}, {"type": "Feature", "properties": {"grid_id": "06089_5km_0135", "county": "Shasta County", "county_short": "Shasta", "geoid": "06089", "grid_km": 5.0, "center_lat": 40.577326, "center_lon": -121.675268, "row_index": 6, "col_index": 23, "is_mock": 1, "shape_model": "county_boundary_clipped_grid", "month": "2020-08", "monthly_fire_probability_pct": 23.33, "risk_score": 0.4671, "risk_level": "medium", "mock_ndvi": 0.7117, "mock_avgtempF": 89.93, "mock_humid": 24.06, "mock_wind": 6.11, "county_avgtempF": 88.55, "county_humid": 28.45, "county_wind": 4.97, "county_precip": 0.0, "county_sunHour": 11.56}, "geometry": {"type": "Polygon", "coordinates": [[[-121.70491756589351, 40.55486835249731], [-121.70491756589351, 40.59978391124686], [-121.6456188078889, 40.59978391124686], [-121.6456188078889, 40.55486835249731], [-121.70491756589351, 40.55486835249731]]]}}, {"type": "Feature", "properties": {"grid_id": "06089_5km_0136", "county": "Shasta County", "county_short": "Shasta", "geoid": "06089", "grid_km": 5.0, "center_lat": 40.577326, "center_lon": -121.615969, "row_index": 6, "col_index": 24, "is_mock": 1, "shape_model": "county_boundary_clipped_grid", "month": "2020-08", "monthly_fire_probability_pct": 23.33, "risk_score": 0.4608, "risk_level": "medium", "mock_ndvi": 0.711, "mock_avgtempF": 89.72, "mock_humid": 24.72, "mock_wind": 5.94, "county_avgtempF": 88.55, "county_humid": 28.45, "county_wind": 4.97, "county_precip": 0.0, "county_sunHour": 11.56}, "geometry": {"type": "Polygon", "coordinates": [[[-121.64561880788888, 40.55486835249731], [-121.64561880788888, 40.59978391124686], [-121.58632004988426, 40.59978391124686], [-121.58632004988426, 40.55486835249731], [-121.64561880788888, 40.55486835249731]]]}}, {"type": "Feature", "properties": {"grid_id": "06089_5km_0137", "county": "Shasta County", "county_short": "Shasta", "geoid": "06089", "grid_km": 5.0, "center_lat": 40.577326, "center_lon": -121.556671, "row_index": 6, "col_index": 25, "is_mock": 1, "shape_model": "county_boundary_clipped_grid", "month": "2020-08", "monthly_fire_probability_pct": 23.33, "risk_score": 0.4539, "risk_level": "medium", "mock_ndvi": 0.7103, "mock_avgtempF": 89.48, "mock_humid": 25.44, "mock_wind": 5.75, "county_avgtempF": 88.55, "county_humid": 28.45, "county_wind": 4.97, "county_precip": 0.0, "county_sunHour": 11.56}, "geometry": {"type": "Polygon", "coordinates": [[[-121.58632004988425, 40.55486835249731], [-121.58632004988425, 40.59978391124686], [-121.52702129187963, 40.59978391124686], [-121.52702129187963, 40.55486835249731], [-121.58632004988425, 40.55486835249731]]]}}, {"type": "Feature", "properties": {"grid_id": "06089_5km_0138", "county": "Shasta County", "county_short": "Shasta", "geoid": "06089", "grid_km": 5.0, "center_lat": 40.577326, "center_lon": -121.497372, "row_index": 6, "col_index": 26, "is_mock": 1, "shape_model": "county_boundary_clipped_grid", "month": "2020-08", "monthly_fire_probability_pct": 23.33, "risk_score": 0.4467, "risk_level": "medium", "mock_ndvi": 0.7099, "mock_avgtempF": 89.25, "mock_humid": 26.18, "mock_wind": 5.56, "county_avgtempF": 88.55, "county_humid": 28.45, "county_wind": 4.97, "county_precip": 0.0, "county_sunHour": 11.56}, "geometry": {"type": "Polygon", "coordinates": [[[-121.52702129187962, 40.55486835249731], [-121.52702129187962, 40.59978391124686], [-121.467722533875, 40.59978391124686], [-121.467722533875, 40.55486835249731], [-121.52702129187962, 40.55486835249731]]]}}, {"type": "Feature", "properties": {"grid_id": "06089_5km_0139", "county": "Shasta County", "county_short": "Shasta", "geoid": "06089", "grid_km": 5.0, "center_lat": 40.577326, "center_lon": -121.438073, "row_index": 6, "col_index": 27, "is_mock": 1, "shape_model": "county_boundary_clipped_grid", "month": "2020-08", "monthly_fire_probability_pct": 23.33, "risk_score": 0.4395, "risk_level": "medium", "mock_ndvi": 0.71, "mock_avgtempF": 89.02, "mock_humid": 26.93, "mock_wind": 5.36, "county_avgtempF": 88.55, "county_humid": 28.45, "county_wind": 4.97, "county_precip": 0.0, "county_sunHour": 11.56}, "geometry": {"type": "Polygon", "coordinates": [[[-121.46772253387499, 40.55486835249731], [-121.46772253387499, 40.59978391124686], [-121.40842377587038, 40.59978391124686], [-121.40842377587038, 40.55486835249731], [-121.46772253387499, 40.55486835249731]]]}}, {"type": "Feature", "properties": {"grid_id": "06089_5km_0140", "county": "Shasta County", "county_short": "Shasta", "geoid": "06089", "grid_km": 5.0, "center_lat": 40.577326, "center_lon": -121.378774, "row_index": 6, "col_index": 28, "is_mock": 1, "shape_model": "county_boundary_clipped_grid", "month": "2020-08", "monthly_fire_probability_pct": 23.33, "risk_score": 0.4323, "risk_level": "medium", "mock_ndvi": 0.7109, "mock_avgtempF": 88.8, "mock_humid": 27.67, "mock_wind": 5.17, "county_avgtempF": 88.55, "county_humid": 28.45, "county_wind": 4.97, "county_precip": 0.0, "county_sunHour": 11.56}, "geometry": {"type": "Polygon", "coordinates": [[[-121.40842377587036, 40.55486835249731], [-121.40842377587036, 40.59978391124686], [-121.34912501786575, 40.59978391124686], [-121.34912501786575, 40.55486835249731], [-121.40842377587036, 40.55486835249731]]]}}, {"type": "Feature", "properties": {"grid_id": "06089_5km_0141", "county": "Shasta County", "county_short": "Shasta", "geoid": "06089", "grid_km": 5.0, "center_lat": 40.640683, "center_lon": -122.723227, "row_index": 7, "col_index": 5, "is_mock": 1, "shape_model": "county_boundary_clipped_grid", "month": "2020-08", "monthly_fire_probability_pct": 23.33, "risk_score": 0.4387, "risk_level": "medium", "mock_ndvi": 0.7123, "mock_avgtempF": 89.03, "mock_humid": 27.0, "mock_wind": 5.34, "county_avgtempF": 88.55, "county_humid": 28.45, "county_wind": 4.97, "county_precip": 0.0, "county_sunHour": 11.56}, "geometry": {"type": "Polygon", "coordinates": [[[-122.716232, 40.6343], [-122.736338, 40.636666], [-122.73057698326181, 40.64469946999641], [-122.71299645197223, 40.64469946999641], [-122.71299645197223, 40.63277446640807], [-122.716232, 40.6343]]]}}, {"type": "Feature", "properties": {"grid_id": "06089_5km_0142", "county": "Shasta County", "county_short": "Shasta", "geoid": "06089", "grid_km": 5.0, "center_lat": 40.621874, "center_lon": -122.68192, "row_index": 7, "col_index": 6, "is_mock": 1, "shape_model": "county_boundary_clipped_grid", "month": "2020-08", "monthly_fire_probability_pct": 23.33, "risk_score": 0.4403, "risk_level": "medium", "mock_ndvi": 0.7095, "mock_avgtempF": 89.04, "mock_humid": 26.85, "mock_wind": 5.38, "county_avgtempF": 88.55, "county_humid": 28.45, "county_wind": 4.97, "county_precip": 0.0, "county_sunHour": 11.56}, "geometry": {"type": "Polygon", "coordinates": [[[-122.706034, 40.609824], [-122.71063, 40.612549], [-122.709655, 40.631199], [-122.71299645197222, 40.632774466408065], [-122.71299645197222, 40.64469946999641], [-122.6536976939676, 40.64469946999641], [-122.6536976939676, 40.59978391124686], [-122.70346759593932, 40.59978391124686], [-122.706034, 40.609824]]]}}, {"type": "Feature", "properties": {"grid_id": "06089_5km_0143", "county": "Shasta County", "county_short": "Shasta", "geoid": "06089", "grid_km": 5.0, "center_lat": 40.622242, "center_lon": -122.624048, "row_index": 7, "col_index": 7, "is_mock": 1, "shape_model": "county_boundary_clipped_grid", "month": "2020-08", "monthly_fire_probability_pct": 23.33, "risk_score": 0.4444, "risk_level": "medium", "mock_ndvi": 0.705, "mock_avgtempF": 89.1, "mock_humid": 26.46, "mock_wind": 5.49, "county_avgtempF": 88.55, "county_humid": 28.45, "county_wind": 4.97, "county_precip": 0.0, "county_sunHour": 11.56}, "geometry": {"type": "Polygon", "coordinates": [[[-122.65369769396759, 40.59978391124686], [-122.65369769396759, 40.64469946999641], [-122.59439893596297, 40.64469946999641], [-122.59439893596297, 40.59978391124686], [-122.65369769396759, 40.59978391124686]]]}}, {"type": "Feature", "properties": {"grid_id": "06089_5km_0144", "county": "Shasta County", "county_short": "Shasta", "geoid": "06089", "grid_km": 5.0, "center_lat": 40.622242, "center_lon": -122.56475, "row_index": 7, "col_index": 8, "is_mock": 1, "shape_model": "county_boundary_clipped_grid", "month": "2020-08", "monthly_fire_probability_pct": 23.33, "risk_score": 0.4489, "risk_level": "medium", "mock_ndvi": 0.7013, "mock_avgtempF": 89.19, "mock_humid": 26.02, "mock_wind": 5.61, "county_avgtempF": 88.55, "county_humid": 28.45, "county_wind": 4.97, "county_precip": 0.0, "county_sunHour": 11.56}, "geometry": {"type": "Polygon", "coordinates": [[[-122.59439893596296, 40.59978391124686], [-122.59439893596296, 40.64469946999641], [-122.53510017795834, 40.64469946999641], [-122.53510017795834, 40.59978391124686], [-122.59439893596296, 40.59978391124686]]]}}, {"type": "Feature", "properties": {"grid_id": "06089_5km_0145", "county": "Shasta County", "county_short": "Shasta", "geoid": "06089", "grid_km": 5.0, "center_lat": 40.622242, "center_lon": -122.505451, "row_index": 7, "col_index": 9, "is_mock": 1, "shape_model": "county_boundary_clipped_grid", "month": "2020-08", "monthly_fire_probability_pct": 23.33, "risk_score": 0.4536, "risk_level": "medium", "mock_ndvi": 0.6987, "mock_avgtempF": 89.31, "mock_humid": 25.55, "mock_wind": 5.74, "county_avgtempF": 88.55, "county_humid": 28.45, "county_wind": 4.97, "county_precip": 0.0, "county_sunHour": 11.56}, "geometry": {"type": "Polygon", "coordinates": [[[-122.53510017795833, 40.59978391124686], [-122.53510017795833, 40.64469946999641], [-122.47580141995371, 40.64469946999641], [-122.47580141995371, 40.59978391124686], [-122.53510017795833, 40.59978391124686]]]}}, {"type": "Feature", "properties": {"grid_id": "06089_5km_0146", "county": "Shasta County", "county_short": "Shasta", "geoid": "06089", "grid_km": 5.0, "center_lat": 40.622242, "center_lon": -122.446152, "row_index": 7, "col_index": 10, "is_mock": 1, "shape_model": "county_boundary_clipped_grid", "month": "2020-08", "monthly_fire_probability_pct": 23.33, "risk_score": 0.4587, "risk_level": "medium", "mock_ndvi": 0.6971, "mock_avgtempF": 89.45, "mock_humid": 25.03, "mock_wind": 5.87, "county_avgtempF": 88.55, "county_humid": 28.45, "county_wind": 4.97, "county_precip": 0.0, "county_sunHour": 11.56}, "geometry": {"type": "Polygon", "coordinates": [[[-122.4758014199537, 40.59978391124686], [-122.4758014199537, 40.64469946999641], [-122.41650266194908, 40.64469946999641], [-122.41650266194908, 40.59978391124686], [-122.4758014199537, 40.59978391124686]]]}}, {"type": "Feature", "properties": {"grid_id": "06089_5km_0147", "county": "Shasta County", "county_short": "Shasta", "geoid": "06089", "grid_km": 5.0, "center_lat": 40.622242, "center_lon": -122.386853, "row_index": 7, "col_index": 11, "is_mock": 1, "shape_model": "county_boundary_clipped_grid", "month": "2020-08", "monthly_fire_probability_pct": 23.33, "risk_score": 0.4641, "risk_level": "medium", "mock_ndvi": 0.6965, "mock_avgtempF": 89.61, "mock_humid": 24.48, "mock_wind": 6.02, "county_avgtempF": 88.55, "county_humid": 28.45, "county_wind": 4.97, "county_precip": 0.0, "county_sunHour": 11.56}, "geometry": {"type": "Polygon", "coordinates": [[[-122.41650266194907, 40.59978391124686], [-122.41650266194907, 40.64469946999641], [-122.35720390394445, 40.64469946999641], [-122.35720390394445, 40.59978391124686], [-122.41650266194907, 40.59978391124686]]]}}, {"type": "Feature", "properties": {"grid_id": "06089_5km_0148", "county": "Shasta County", "county_short": "Shasta", "geoid": "06089", "grid_km": 5.0, "center_lat": 40.622242, "center_lon": -122.327555, "row_index": 7, "col_index": 12, "is_mock": 1, "shape_model": "county_boundary_clipped_grid", "month": "2020-08", "monthly_fire_probability_pct": 23.33, "risk_score": 0.4695, "risk_level": "medium", "mock_ndvi": 0.6968, "mock_avgtempF": 89.79, "mock_humid": 23.92, "mock_wind": 6.16, "county_avgtempF": 88.55, "county_humid": 28.45, "county_wind": 4.97, "county_precip": 0.0, "county_sunHour": 11.56}, "geometry": {"type": "Polygon", "coordinates": [[[-122.35720390394444, 40.59978391124686], [-122.35720390394444, 40.64469946999641], [-122.29790514593982, 40.64469946999641], [-122.29790514593982, 40.59978391124686], [-122.35720390394444, 40.59978391124686]]]}}, {"type": "Feature", "properties": {"grid_id": "06089_5km_0149", "county": "Shasta County", "county_short": "Shasta", "geoid": "06089", "grid_km": 5.0, "center_lat": 40.622242, "center_lon": -122.268256, "row_index": 7, "col_index": 13, "is_mock": 1, "shape_model": "county_boundary_clipped_grid", "month": "2020-08", "monthly_fire_probability_pct": 23.33, "risk_score": 0.4748, "risk_level": "medium", "mock_ndvi": 0.6979, "mock_avgtempF": 89.98, "mock_humid": 23.37, "mock_wind": 6.31, "county_avgtempF": 88.55, "county_humid": 28.45, "county_wind": 4.97, "county_precip": 0.0, "county_sunHour": 11.56}, "geometry": {"type": "Polygon", "coordinates": [[[-122.29790514593981, 40.59978391124686], [-122.29790514593981, 40.64469946999641], [-122.23860638793519, 40.64469946999641], [-122.23860638793519, 40.59978391124686], [-122.29790514593981, 40.59978391124686]]]}}, {"type": "Feature", "properties": {"grid_id": "06089_5km_0150", "county": "Shasta County", "county_short": "Shasta", "geoid": "06089", "grid_km": 5.0, "center_lat": 40.622242, "center_lon": -122.208957, "row_index": 7, "col_index": 14, "is_mock": 1, "shape_model": "county_boundary_clipped_grid", "month": "2020-08", "monthly_fire_probability_pct": 23.33, "risk_score": 0.4796, "risk_level": "medium", "mock_ndvi": 0.6995, "mock_avgtempF": 90.16, "mock_humid": 22.85, "mock_wind": 6.44, "county_avgtempF": 88.55, "county_humid": 28.45, "county_wind": 4.97, "county_precip": 0.0, "county_sunHour": 11.56}, "geometry": {"type": "Polygon", "coordinates": [[[-122.23860638793518, 40.59978391124686], [-122.23860638793518, 40.64469946999641], [-122.17930762993056, 40.64469946999641], [-122.17930762993056, 40.59978391124686], [-122.23860638793518, 40.59978391124686]]]}}, {"type": "Feature", "properties": {"grid_id": "06089_5km_0151", "county": "Shasta County", "county_short": "Shasta", "geoid": "06089", "grid_km": 5.0, "center_lat": 40.622242, "center_lon": -122.149658, "row_index": 7, "col_index": 15, "is_mock": 1, "shape_model": "county_boundary_clipped_grid", "month": "2020-08", "monthly_fire_probability_pct": 23.33, "risk_score": 0.4838, "risk_level": "medium", "mock_ndvi": 0.7015, "mock_avgtempF": 90.32, "mock_humid": 22.4, "mock_wind": 6.55, "county_avgtempF": 88.55, "county_humid": 28.45, "county_wind": 4.97, "county_precip": 0.0, "county_sunHour": 11.56}, "geometry": {"type": "Polygon", "coordinates": [[[-122.17930762993055, 40.59978391124686], [-122.17930762993055, 40.64469946999641], [-122.12000887192593, 40.64469946999641], [-122.12000887192593, 40.59978391124686], [-122.17930762993055, 40.59978391124686]]]}}, {"type": "Feature", "properties": {"grid_id": "06089_5km_0152", "county": "Shasta County", "county_short": "Shasta", "geoid": "06089", "grid_km": 5.0, "center_lat": 40.622242, "center_lon": -122.090359, "row_index": 7, "col_index": 16, "is_mock": 1, "shape_model": "county_boundary_clipped_grid", "month": "2020-08", "monthly_fire_probability_pct": 23.33, "risk_score": 0.4871, "risk_level": "medium", "mock_ndvi": 0.7037, "mock_avgtempF": 90.46, "mock_humid": 22.05, "mock_wind": 6.64, "county_avgtempF": 88.55, "county_humid": 28.45, "county_wind": 4.97, "county_precip": 0.0, "county_sunHour": 11.56}, "geometry": {"type": "Polygon", "coordinates": [[[-122.12000887192592, 40.59978391124686], [-122.12000887192592, 40.64469946999641], [-122.0607101139213, 40.64469946999641], [-122.0607101139213, 40.59978391124686], [-122.12000887192592, 40.59978391124686]]]}}, {"type": "Feature", "properties": {"grid_id": "06089_5km_0153", "county": "Shasta County", "county_short": "Shasta", "geoid": "06089", "grid_km": 5.0, "center_lat": 40.622242, "center_lon": -122.031061, "row_index": 7, "col_index": 17, "is_mock": 1, "shape_model": "county_boundary_clipped_grid", "month": "2020-08", "monthly_fire_probability_pct": 23.33, "risk_score": 0.4891, "risk_level": "medium", "mock_ndvi": 0.7057, "mock_avgtempF": 90.55, "mock_humid": 21.83, "mock_wind": 6.69, "county_avgtempF": 88.55, "county_humid": 28.45, "county_wind": 4.97, "county_precip": 0.0, "county_sunHour": 11.56}, "geometry": {"type": "Polygon", "coordinates": [[[-122.06071011392129, 40.59978391124686], [-122.06071011392129, 40.64469946999641], [-122.00141135591667, 40.64469946999641], [-122.00141135591667, 40.59978391124686], [-122.06071011392129, 40.59978391124686]]]}}, {"type": "Feature", "properties": {"grid_id": "06089_5km_0154", "county": "Shasta County", "county_short": "Shasta", "geoid": "06089", "grid_km": 5.0, "center_lat": 40.622242, "center_lon": -121.971762, "row_index": 7, "col_index": 18, "is_mock": 1, "shape_model": "county_boundary_clipped_grid", "month": "2020-08", "monthly_fire_probability_pct": 23.33, "risk_score": 0.4897, "risk_level": "medium", "mock_ndvi": 0.7075, "mock_avgtempF": 90.6, "mock_humid": 21.75, "mock_wind": 6.71, "county_avgtempF": 88.55, "county_humid": 28.45, "county_wind": 4.97, "county_precip": 0.0, "county_sunHour": 11.56}, "geometry": {"type": "Polygon", "coordinates": [[[-122.00141135591666, 40.59978391124686], [-122.00141135591666, 40.64469946999641], [-121.94211259791204, 40.64469946999641], [-121.94211259791204, 40.59978391124686], [-122.00141135591666, 40.59978391124686]]]}}, {"type": "Feature", "properties": {"grid_id": "06089_5km_0155", "county": "Shasta County", "county_short": "Shasta", "geoid": "06089", "grid_km": 5.0, "center_lat": 40.622242, "center_lon": -121.912463, "row_index": 7, "col_index": 19, "is_mock": 1, "shape_model": "county_boundary_clipped_grid", "month": "2020-08", "monthly_fire_probability_pct": 23.33, "risk_score": 0.4888, "risk_level": "medium", "mock_ndvi": 0.709, "mock_avgtempF": 90.59, "mock_humid": 21.83, "mock_wind": 6.69, "county_avgtempF": 88.55, "county_humid": 28.45, "county_wind": 4.97, "county_precip": 0.0, "county_sunHour": 11.56}, "geometry": {"type": "Polygon", "coordinates": [[[-121.94211259791203, 40.59978391124686], [-121.94211259791203, 40.64469946999641], [-121.88281383990741, 40.64469946999641], [-121.88281383990741, 40.59978391124686], [-121.94211259791203, 40.59978391124686]]]}}, {"type": "Feature", "properties": {"grid_id": "06089_5km_0156", "county": "Shasta County", "county_short": "Shasta", "geoid": "06089", "grid_km": 5.0, "center_lat": 40.622242, "center_lon": -121.853164, "row_index": 7, "col_index": 20, "is_mock": 1, "shape_model": "county_boundary_clipped_grid", "month": "2020-08", "monthly_fire_probability_pct": 23.33, "risk_score": 0.4865, "risk_level": "medium", "mock_ndvi": 0.7099, "mock_avgtempF": 90.53, "mock_humid": 22.06, "mock_wind": 6.63, "county_avgtempF": 88.55, "county_humid": 28.45, "county_wind": 4.97, "county_precip": 0.0, "county_sunHour": 11.56}, "geometry": {"type": "Polygon", "coordinates": [[[-121.8828138399074, 40.59978391124686], [-121.8828138399074, 40.64469946999641], [-121.82351508190278, 40.64469946999641], [-121.82351508190278, 40.59978391124686], [-121.8828138399074, 40.59978391124686]]]}}, {"type": "Feature", "properties": {"grid_id": "06089_5km_0157", "county": "Shasta County", "county_short": "Shasta", "geoid": "06089", "grid_km": 5.0, "center_lat": 40.622242, "center_lon": -121.793866, "row_index": 7, "col_index": 21, "is_mock": 1, "shape_model": "county_boundary_clipped_grid", "month": "2020-08", "monthly_fire_probability_pct": 23.33, "risk_score": 0.4829, "risk_level": "medium", "mock_ndvi": 0.7103, "mock_avgtempF": 90.42, "mock_humid": 22.43, "mock_wind": 6.53, "county_avgtempF": 88.55, "county_humid": 28.45, "county_wind": 4.97, "county_precip": 0.0, "county_sunHour": 11.56}, "geometry": {"type": "Polygon", "coordinates": [[[-121.82351508190277, 40.59978391124686], [-121.82351508190277, 40.64469946999641], [-121.76421632389815, 40.64469946999641], [-121.76421632389815, 40.59978391124686], [-121.82351508190277, 40.59978391124686]]]}}, {"type": "Feature", "properties": {"grid_id": "06089_5km_0158", "county": "Shasta County", "county_short": "Shasta", "geoid": "06089", "grid_km": 5.0, "center_lat": 40.622242, "center_lon": -121.734567, "row_index": 7, "col_index": 22, "is_mock": 1, "shape_model": "county_boundary_clipped_grid", "month": "2020-08", "monthly_fire_probability_pct": 23.33, "risk_score": 0.4781, "risk_level": "medium", "mock_ndvi": 0.7102, "mock_avgtempF": 90.26, "mock_humid": 22.93, "mock_wind": 6.4, "county_avgtempF": 88.55, "county_humid": 28.45, "county_wind": 4.97, "county_precip": 0.0, "county_sunHour": 11.56}, "geometry": {"type": "Polygon", "coordinates": [[[-121.76421632389814, 40.59978391124686], [-121.76421632389814, 40.64469946999641], [-121.70491756589352, 40.64469946999641], [-121.70491756589352, 40.59978391124686], [-121.76421632389814, 40.59978391124686]]]}}, {"type": "Feature", "properties": {"grid_id": "06089_5km_0159", "county": "Shasta County", "county_short": "Shasta", "geoid": "06089", "grid_km": 5.0, "center_lat": 40.622242, "center_lon": -121.675268, "row_index": 7, "col_index": 23, "is_mock": 1, "shape_model": "county_boundary_clipped_grid", "month": "2020-08", "monthly_fire_probability_pct": 23.33, "risk_score": 0.4723, "risk_level": "medium", "mock_ndvi": 0.7097, "mock_avgtempF": 90.07, "mock_humid": 23.54, "mock_wind": 6.25, "county_avgtempF": 88.55, "county_humid": 28.45, "county_wind": 4.97, "county_precip": 0.0, "county_sunHour": 11.56}, "geometry": {"type": "Polygon", "coordinates": [[[-121.70491756589351, 40.59978391124686], [-121.70491756589351, 40.64469946999641], [-121.6456188078889, 40.64469946999641], [-121.6456188078889, 40.59978391124686], [-121.70491756589351, 40.59978391124686]]]}}, {"type": "Feature", "properties": {"grid_id": "06089_5km_0160", "county": "Shasta County", "county_short": "Shasta", "geoid": "06089", "grid_km": 5.0, "center_lat": 40.622242, "center_lon": -121.615969, "row_index": 7, "col_index": 24, "is_mock": 1, "shape_model": "county_boundary_clipped_grid", "month": "2020-08", "monthly_fire_probability_pct": 23.33, "risk_score": 0.4657, "risk_level": "medium", "mock_ndvi": 0.7091, "mock_avgtempF": 89.85, "mock_humid": 24.22, "mock_wind": 6.07, "county_avgtempF": 88.55, "county_humid": 28.45, "county_wind": 4.97, "county_precip": 0.0, "county_sunHour": 11.56}, "geometry": {"type": "Polygon", "coordinates": [[[-121.64561880788888, 40.59978391124686], [-121.64561880788888, 40.64469946999641], [-121.58632004988426, 40.64469946999641], [-121.58632004988426, 40.59978391124686], [-121.64561880788888, 40.59978391124686]]]}}, {"type": "Feature", "properties": {"grid_id": "06089_5km_0161", "county": "Shasta County", "county_short": "Shasta", "geoid": "06089", "grid_km": 5.0, "center_lat": 40.622242, "center_lon": -121.556671, "row_index": 7, "col_index": 25, "is_mock": 1, "shape_model": "county_boundary_clipped_grid", "month": "2020-08", "monthly_fire_probability_pct": 23.33, "risk_score": 0.4587, "risk_level": "medium", "mock_ndvi": 0.7085, "mock_avgtempF": 89.61, "mock_humid": 24.96, "mock_wind": 5.88, "county_avgtempF": 88.55, "county_humid": 28.45, "county_wind": 4.97, "county_precip": 0.0, "county_sunHour": 11.56}, "geometry": {"type": "Polygon", "coordinates": [[[-121.58632004988425, 40.59978391124686], [-121.58632004988425, 40.64469946999641], [-121.52702129187963, 40.64469946999641], [-121.52702129187963, 40.59978391124686], [-121.58632004988425, 40.59978391124686]]]}}, {"type": "Feature", "properties": {"grid_id": "06089_5km_0162", "county": "Shasta County", "county_short": "Shasta", "geoid": "06089", "grid_km": 5.0, "center_lat": 40.622242, "center_lon": -121.497372, "row_index": 7, "col_index": 26, "is_mock": 1, "shape_model": "county_boundary_clipped_grid", "month": "2020-08", "monthly_fire_probability_pct": 23.33, "risk_score": 0.4513, "risk_level": "medium", "mock_ndvi": 0.7082, "mock_avgtempF": 89.37, "mock_humid": 25.72, "mock_wind": 5.68, "county_avgtempF": 88.55, "county_humid": 28.45, "county_wind": 4.97, "county_precip": 0.0, "county_sunHour": 11.56}, "geometry": {"type": "Polygon", "coordinates": [[[-121.52702129187962, 40.59978391124686], [-121.52702129187962, 40.64469946999641], [-121.467722533875, 40.64469946999641], [-121.467722533875, 40.59978391124686], [-121.52702129187962, 40.59978391124686]]]}}, {"type": "Feature", "properties": {"grid_id": "06089_5km_0163", "county": "Shasta County", "county_short": "Shasta", "geoid": "06089", "grid_km": 5.0, "center_lat": 40.622242, "center_lon": -121.438073, "row_index": 7, "col_index": 27, "is_mock": 1, "shape_model": "county_boundary_clipped_grid", "month": "2020-08", "monthly_fire_probability_pct": 23.33, "risk_score": 0.4439, "risk_level": "medium", "mock_ndvi": 0.7084, "mock_avgtempF": 89.13, "mock_humid": 26.49, "mock_wind": 5.48, "county_avgtempF": 88.55, "county_humid": 28.45, "county_wind": 4.97, "county_precip": 0.0, "county_sunHour": 11.56}, "geometry": {"type": "Polygon", "coordinates": [[[-121.46772253387499, 40.59978391124686], [-121.46772253387499, 40.64469946999641], [-121.40842377587038, 40.64469946999641], [-121.40842377587038, 40.59978391124686], [-121.46772253387499, 40.59978391124686]]]}}, {"type": "Feature", "properties": {"grid_id": "06089_5km_0164", "county": "Shasta County", "county_short": "Shasta", "geoid": "06089", "grid_km": 5.0, "center_lat": 40.622242, "center_lon": -121.378774, "row_index": 7, "col_index": 28, "is_mock": 1, "shape_model": "county_boundary_clipped_grid", "month": "2020-08", "monthly_fire_probability_pct": 23.33, "risk_score": 0.4366, "risk_level": "medium", "mock_ndvi": 0.7093, "mock_avgtempF": 88.91, "mock_humid": 27.24, "mock_wind": 5.28, "county_avgtempF": 88.55, "county_humid": 28.45, "county_wind": 4.97, "county_precip": 0.0, "county_sunHour": 11.56}, "geometry": {"type": "Polygon", "coordinates": [[[-121.40842377587036, 40.59978391124686], [-121.40842377587036, 40.64469946999641], [-121.34912501786575, 40.64469946999641], [-121.34912501786575, 40.59978391124686], [-121.40842377587036, 40.59978391124686]]]}}, {"type": "Feature", "properties": {"grid_id": "06089_5km_0165", "county": "Shasta County", "county_short": "Shasta", "geoid": "06089", "grid_km": 5.0, "center_lat": 40.665959, "center_lon": -122.725447, "row_index": 8, "col_index": 5, "is_mock": 1, "shape_model": "county_boundary_clipped_grid", "month": "2020-08", "monthly_fire_probability_pct": 23.33, "risk_score": 0.4396, "risk_level": "medium", "mock_ndvi": 0.7113, "mock_avgtempF": 89.04, "mock_humid": 26.91, "mock_wind": 5.37, "county_avgtempF": 88.55, "county_humid": 28.45, "county_wind": 4.97, "county_precip": 0.0, "county_sunHour": 11.56}, "geometry": {"type": "Polygon", "coordinates": [[[-122.727143, 40.649488], [-122.733589, 40.662426], [-122.742208, 40.669493], [-122.742583, 40.67881], [-122.75224188971079, 40.68961502874596], [-122.71299645197223, 40.68961502874596], [-122.71299645197223, 40.64469946999641], [-122.73057698326181, 40.64469946999641], [-122.727143, 40.649488]]]}}, {"type": "Feature", "properties": {"grid_id": "06089_5km_0166", "county": "Shasta County", "county_short": "Shasta", "geoid": "06089", "grid_km": 5.0, "center_lat": 40.667157, "center_lon": -122.683347, "row_index": 8, "col_index": 6, "is_mock": 1, "shape_model": "county_boundary_clipped_grid", "month": "2020-08", "monthly_fire_probability_pct": 23.33, "risk_score": 0.4426, "risk_level": "medium", "mock_ndvi": 0.7074, "mock_avgtempF": 89.08, "mock_humid": 26.63, "mock_wind": 5.44, "county_avgtempF": 88.55, "county_humid": 28.45, "county_wind": 4.97, "county_precip": 0.0, "county_sunHour": 11.56}, "geometry": {"type": "Polygon", "coordinates": [[[-122.71299645197222, 40.64469946999641], [-122.71299645197222, 40.68961502874596], [-122.6536976939676, 40.68961502874596], [-122.6536976939676, 40.64469946999641], [-122.71299645197222, 40.64469946999641]]]}}, {"type": "Feature", "properties": {"grid_id": "06089_5km_0167", "county": "Shasta County", "county_short": "Shasta", "geoid": "06089", "grid_km": 5.0, "center_lat": 40.667157, "center_lon": -122.624048, "row_index": 8, "col_index": 7, "is_mock": 1, "shape_model": "county_boundary_clipped_grid", "month": "2020-08", "monthly_fire_probability_pct": 23.33, "risk_score": 0.4469, "risk_level": "medium", "mock_ndvi": 0.7027, "mock_avgtempF": 89.15, "mock_humid": 26.22, "mock_wind": 5.56, "county_avgtempF": 88.55, "county_humid": 28.45, "county_wind": 4.97, "county_precip": 0.0, "county_sunHour": 11.56}, "geometry": {"type": "Polygon", "coordinates": [[[-122.65369769396759, 40.64469946999641], [-122.65369769396759, 40.68961502874596], [-122.59439893596297, 40.68961502874596], [-122.59439893596297, 40.64469946999641], [-122.65369769396759, 40.64469946999641]]]}}, {"type": "Feature", "properties": {"grid_id": "06089_5km_0168", "county": "Shasta County", "county_short": "Shasta", "geoid": "06089", "grid_km": 5.0, "center_lat": 40.667157, "center_lon": -122.56475, "row_index": 8, "col_index": 8, "is_mock": 1, "shape_model": "county_boundary_clipped_grid", "month": "2020-08", "monthly_fire_probability_pct": 23.33, "risk_score": 0.4515, "risk_level": "medium", "mock_ndvi": 0.699, "mock_avgtempF": 89.24, "mock_humid": 25.77, "mock_wind": 5.68, "county_avgtempF": 88.55, "county_humid": 28.45, "county_wind": 4.97, "county_precip": 0.0, "county_sunHour": 11.56}, "geometry": {"type": "Polygon", "coordinates": [[[-122.59439893596296, 40.64469946999641], [-122.59439893596296, 40.68961502874596], [-122.53510017795834, 40.68961502874596], [-122.53510017795834, 40.64469946999641], [-122.59439893596296, 40.64469946999641]]]}}, {"type": "Feature", "properties": {"grid_id": "06089_5km_0169", "county": "Shasta County", "county_short": "Shasta", "geoid": "06089", "grid_km": 5.0, "center_lat": 40.667157, "center_lon": -122.505451, "row_index": 8, "col_index": 9, "is_mock": 1, "shape_model": "county_boundary_clipped_grid", "month": "2020-08", "monthly_fire_probability_pct": 23.33, "risk_score": 0.4564, "risk_level": "medium", "mock_ndvi": 0.6962, "mock_avgtempF": 89.36, "mock_humid": 25.28, "mock_wind": 5.81, "county_avgtempF": 88.55, "county_humid": 28.45, "county_wind": 4.97, "county_precip": 0.0, "county_sunHour": 11.56}, "geometry": {"type": "Polygon", "coordinates": [[[-122.53510017795833, 40.64469946999641], [-122.53510017795833, 40.68961502874596], [-122.47580141995371, 40.68961502874596], [-122.47580141995371, 40.64469946999641], [-122.53510017795833, 40.64469946999641]]]}}, {"type": "Feature", "properties": {"grid_id": "06089_5km_0170", "county": "Shasta County", "county_short": "Shasta", "geoid": "06089", "grid_km": 5.0, "center_lat": 40.667157, "center_lon": -122.446152, "row_index": 8, "col_index": 10, "is_mock": 1, "shape_model": "county_boundary_clipped_grid", "month": "2020-08", "monthly_fire_probability_pct": 23.33, "risk_score": 0.4617, "risk_level": "medium", "mock_ndvi": 0.6945, "mock_avgtempF": 89.51, "mock_humid": 24.74, "mock_wind": 5.95, "county_avgtempF": 88.55, "county_humid": 28.45, "county_wind": 4.97, "county_precip": 0.0, "county_sunHour": 11.56}, "geometry": {"type": "Polygon", "coordinates": [[[-122.4758014199537, 40.64469946999641], [-122.4758014199537, 40.68961502874596], [-122.41650266194908, 40.68961502874596], [-122.41650266194908, 40.64469946999641], [-122.4758014199537, 40.64469946999641]]]}}, {"type": "Feature", "properties": {"grid_id": "06089_5km_0171", "county": "Shasta County", "county_short": "Shasta", "geoid": "06089", "grid_km": 5.0, "center_lat": 40.667157, "center_lon": -122.386853, "row_index": 8, "col_index": 11, "is_mock": 1, "shape_model": "county_boundary_clipped_grid", "month": "2020-08", "monthly_fire_probability_pct": 23.33, "risk_score": 0.4672, "risk_level": "medium", "mock_ndvi": 0.6939, "mock_avgtempF": 89.68, "mock_humid": 24.17, "mock_wind": 6.1, "county_avgtempF": 88.55, "county_humid": 28.45, "county_wind": 4.97, "county_precip": 0.0, "county_sunHour": 11.56}, "geometry": {"type": "Polygon", "coordinates": [[[-122.41650266194907, 40.64469946999641], [-122.41650266194907, 40.68961502874596], [-122.35720390394445, 40.68961502874596], [-122.35720390394445, 40.64469946999641], [-122.41650266194907, 40.64469946999641]]]}}, {"type": "Feature", "properties": {"grid_id": "06089_5km_0172", "county": "Shasta County", "county_short": "Shasta", "geoid": "06089", "grid_km": 5.0, "center_lat": 40.667157, "center_lon": -122.327555, "row_index": 8, "col_index": 12, "is_mock": 1, "shape_model": "county_boundary_clipped_grid", "month": "2020-08", "monthly_fire_probability_pct": 23.33, "risk_score": 0.4729, "risk_level": "medium", "mock_ndvi": 0.6941, "mock_avgtempF": 89.86, "mock_humid": 23.59, "mock_wind": 6.25, "county_avgtempF": 88.55, "county_humid": 28.45, "county_wind": 4.97, "county_precip": 0.0, "county_sunHour": 11.56}, "geometry": {"type": "Polygon", "coordinates": [[[-122.35720390394444, 40.64469946999641], [-122.35720390394444, 40.68961502874596], [-122.29790514593982, 40.68961502874596], [-122.29790514593982, 40.64469946999641], [-122.35720390394444, 40.64469946999641]]]}}, {"type": "Feature", "properties": {"grid_id": "06089_5km_0173", "county": "Shasta County", "county_short": "Shasta", "geoid": "06089", "grid_km": 5.0, "center_lat": 40.667157, "center_lon": -122.268256, "row_index": 8, "col_index": 13, "is_mock": 1, "shape_model": "county_boundary_clipped_grid", "month": "2020-08", "monthly_fire_probability_pct": 23.33, "risk_score": 0.4784, "risk_level": "medium", "mock_ndvi": 0.695, "mock_avgtempF": 90.06, "mock_humid": 23.0, "mock_wind": 6.4, "county_avgtempF": 88.55, "county_humid": 28.45, "county_wind": 4.97, "county_precip": 0.0, "county_sunHour": 11.56}, "geometry": {"type": "Polygon", "coordinates": [[[-122.29790514593981, 40.64469946999641], [-122.29790514593981, 40.68961502874596], [-122.23860638793519, 40.68961502874596], [-122.23860638793519, 40.64469946999641], [-122.29790514593981, 40.64469946999641]]]}}, {"type": "Feature", "properties": {"grid_id": "06089_5km_0174", "county": "Shasta County", "county_short": "Shasta", "geoid": "06089", "grid_km": 5.0, "center_lat": 40.667157, "center_lon": -122.208957, "row_index": 8, "col_index": 14, "is_mock": 1, "shape_model": "county_boundary_clipped_grid", "month": "2020-08", "monthly_fire_probability_pct": 23.33, "risk_score": 0.4836, "risk_level": "medium", "mock_ndvi": 0.6965, "mock_avgtempF": 90.24, "mock_humid": 22.46, "mock_wind": 6.54, "county_avgtempF": 88.55, "county_humid": 28.45, "county_wind": 4.97, "county_precip": 0.0, "county_sunHour": 11.56}, "geometry": {"type": "Polygon", "coordinates": [[[-122.23860638793518, 40.64469946999641], [-122.23860638793518, 40.68961502874596], [-122.17930762993056, 40.68961502874596], [-122.17930762993056, 40.64469946999641], [-122.23860638793518, 40.64469946999641]]]}}, {"type": "Feature", "properties": {"grid_id": "06089_5km_0175", "county": "Shasta County", "county_short": "Shasta", "geoid": "06089", "grid_km": 5.0, "center_lat": 40.667157, "center_lon": -122.149658, "row_index": 8, "col_index": 15, "is_mock": 1, "shape_model": "county_boundary_clipped_grid", "month": "2020-08", "monthly_fire_probability_pct": 23.33, "risk_score": 0.4881, "risk_level": "medium", "mock_ndvi": 0.6984, "mock_avgtempF": 90.41, "mock_humid": 21.98, "mock_wind": 6.67, "county_avgtempF": 88.55, "county_humid": 28.45, "county_wind": 4.97, "county_precip": 0.0, "county_sunHour": 11.56}, "geometry": {"type": "Polygon", "coordinates": [[[-122.17930762993055, 40.64469946999641], [-122.17930762993055, 40.68961502874596], [-122.12000887192593, 40.68961502874596], [-122.12000887192593, 40.64469946999641], [-122.17930762993055, 40.64469946999641]]]}}, {"type": "Feature", "properties": {"grid_id": "06089_5km_0176", "county": "Shasta County", "county_short": "Shasta", "geoid": "06089", "grid_km": 5.0, "center_lat": 40.667157, "center_lon": -122.090359, "row_index": 8, "col_index": 16, "is_mock": 1, "shape_model": "county_boundary_clipped_grid", "month": "2020-08", "monthly_fire_probability_pct": 23.33, "risk_score": 0.4915, "risk_level": "medium", "mock_ndvi": 0.7004, "mock_avgtempF": 90.55, "mock_humid": 21.61, "mock_wind": 6.76, "county_avgtempF": 88.55, "county_humid": 28.45, "county_wind": 4.97, "county_precip": 0.0, "county_sunHour": 11.56}, "geometry": {"type": "Polygon", "coordinates": [[[-122.12000887192592, 40.64469946999641], [-122.12000887192592, 40.68961502874596], [-122.0607101139213, 40.68961502874596], [-122.0607101139213, 40.64469946999641], [-122.12000887192592, 40.64469946999641]]]}}, {"type": "Feature", "properties": {"grid_id": "06089_5km_0177", "county": "Shasta County", "county_short": "Shasta", "geoid": "06089", "grid_km": 5.0, "center_lat": 40.667157, "center_lon": -122.031061, "row_index": 8, "col_index": 17, "is_mock": 1, "shape_model": "county_boundary_clipped_grid", "month": "2020-08", "monthly_fire_probability_pct": 23.33, "risk_score": 0.4936, "risk_level": "medium", "mock_ndvi": 0.7024, "mock_avgtempF": 90.65, "mock_humid": 21.38, "mock_wind": 6.81, "county_avgtempF": 88.55, "county_humid": 28.45, "county_wind": 4.97, "county_precip": 0.0, "county_sunHour": 11.56}, "geometry": {"type": "Polygon", "coordinates": [[[-122.06071011392129, 40.64469946999641], [-122.06071011392129, 40.68961502874596], [-122.00141135591667, 40.68961502874596], [-122.00141135591667, 40.64469946999641], [-122.06071011392129, 40.64469946999641]]]}}, {"type": "Feature", "properties": {"grid_id": "06089_5km_0178", "county": "Shasta County", "county_short": "Shasta", "geoid": "06089", "grid_km": 5.0, "center_lat": 40.667157, "center_lon": -121.971762, "row_index": 8, "col_index": 18, "is_mock": 1, "shape_model": "county_boundary_clipped_grid", "month": "2020-08", "monthly_fire_probability_pct": 23.33, "risk_score": 0.4941, "risk_level": "medium", "mock_ndvi": 0.7043, "mock_avgtempF": 90.69, "mock_humid": 21.32, "mock_wind": 6.83, "county_avgtempF": 88.55, "county_humid": 28.45, "county_wind": 4.97, "county_precip": 0.0, "county_sunHour": 11.56}, "geometry": {"type": "Polygon", "coordinates": [[[-122.00141135591666, 40.64469946999641], [-122.00141135591666, 40.68961502874596], [-121.94211259791204, 40.68961502874596], [-121.94211259791204, 40.64469946999641], [-122.00141135591666, 40.64469946999641]]]}}, {"type": "Feature", "properties": {"grid_id": "06089_5km_0179", "county": "Shasta County", "county_short": "Shasta", "geoid": "06089", "grid_km": 5.0, "center_lat": 40.667157, "center_lon": -121.912463, "row_index": 8, "col_index": 19, "is_mock": 1, "shape_model": "county_boundary_clipped_grid", "month": "2020-08", "monthly_fire_probability_pct": 23.33, "risk_score": 0.493, "risk_level": "medium", "mock_ndvi": 0.7059, "mock_avgtempF": 90.68, "mock_humid": 21.42, "mock_wind": 6.8, "county_avgtempF": 88.55, "county_humid": 28.45, "county_wind": 4.97, "county_precip": 0.0, "county_sunHour": 11.56}, "geometry": {"type": "Polygon", "coordinates": [[[-121.94211259791203, 40.64469946999641], [-121.94211259791203, 40.68961502874596], [-121.88281383990741, 40.68961502874596], [-121.88281383990741, 40.64469946999641], [-121.94211259791203, 40.64469946999641]]]}}, {"type": "Feature", "properties": {"grid_id": "06089_5km_0180", "county": "Shasta County", "county_short": "Shasta", "geoid": "06089", "grid_km": 5.0, "center_lat": 40.667157, "center_lon": -121.853164, "row_index": 8, "col_index": 20, "is_mock": 1, "shape_model": "county_boundary_clipped_grid", "month": "2020-08", "monthly_fire_probability_pct": 23.33, "risk_score": 0.4904, "risk_level": "medium", "mock_ndvi": 0.7069, "mock_avgtempF": 90.61, "mock_humid": 21.68, "mock_wind": 6.73, "county_avgtempF": 88.55, "county_humid": 28.45, "county_wind": 4.97, "county_precip": 0.0, "county_sunHour": 11.56}, "geometry": {"type": "Polygon", "coordinates": [[[-121.8828138399074, 40.64469946999641], [-121.8828138399074, 40.68961502874596], [-121.82351508190278, 40.68961502874596], [-121.82351508190278, 40.64469946999641], [-121.8828138399074, 40.64469946999641]]]}}, {"type": "Feature", "properties": {"grid_id": "06089_5km_0181", "county": "Shasta County", "county_short": "Shasta", "geoid": "06089", "grid_km": 5.0, "center_lat": 40.667157, "center_lon": -121.793866, "row_index": 8, "col_index": 21, "is_mock": 1, "shape_model": "county_boundary_clipped_grid", "month": "2020-08", "monthly_fire_probability_pct": 23.33, "risk_score": 0.4865, "risk_level": "medium", "mock_ndvi": 0.7075, "mock_avgtempF": 90.49, "mock_humid": 22.08, "mock_wind": 6.63, "county_avgtempF": 88.55, "county_humid": 28.45, "county_wind": 4.97, "county_precip": 0.0, "county_sunHour": 11.56}, "geometry": {"type": "Polygon", "coordinates": [[[-121.82351508190277, 40.64469946999641], [-121.82351508190277, 40.68961502874596], [-121.76421632389815, 40.68961502874596], [-121.76421632389815, 40.64469946999641], [-121.82351508190277, 40.64469946999641]]]}}, {"type": "Feature", "properties": {"grid_id": "06089_5km_0182", "county": "Shasta County", "county_short": "Shasta", "geoid": "06089", "grid_km": 5.0, "center_lat": 40.667157, "center_lon": -121.734567, "row_index": 8, "col_index": 22, "is_mock": 1, "shape_model": "county_boundary_clipped_grid", "month": "2020-08", "monthly_fire_probability_pct": 23.33, "risk_score": 0.4814, "risk_level": "medium", "mock_ndvi": 0.7075, "mock_avgtempF": 90.33, "mock_humid": 22.61, "mock_wind": 6.49, "county_avgtempF": 88.55, "county_humid": 28.45, "county_wind": 4.97, "county_precip": 0.0, "county_sunHour": 11.56}, "geometry": {"type": "Polygon", "coordinates": [[[-121.76421632389814, 40.64469946999641], [-121.76421632389814, 40.68961502874596], [-121.70491756589352, 40.68961502874596], [-121.70491756589352, 40.64469946999641], [-121.76421632389814, 40.64469946999641]]]}}, {"type": "Feature", "properties": {"grid_id": "06089_5km_0183", "county": "Shasta County", "county_short": "Shasta", "geoid": "06089", "grid_km": 5.0, "center_lat": 40.667157, "center_lon": -121.675268, "row_index": 8, "col_index": 23, "is_mock": 1, "shape_model": "county_boundary_clipped_grid", "month": "2020-08", "monthly_fire_probability_pct": 23.33, "risk_score": 0.4754, "risk_level": "medium", "mock_ndvi": 0.7071, "mock_avgtempF": 90.13, "mock_humid": 23.23, "mock_wind": 6.33, "county_avgtempF": 88.55, "county_humid": 28.45, "county_wind": 4.97, "county_precip": 0.0, "county_sunHour": 11.56}, "geometry": {"type": "Polygon", "coordinates": [[[-121.70491756589351, 40.64469946999641], [-121.70491756589351, 40.68961502874596], [-121.6456188078889, 40.68961502874596], [-121.6456188078889, 40.64469946999641], [-121.70491756589351, 40.64469946999641]]]}}, {"type": "Feature", "properties": {"grid_id": "06089_5km_0184", "county": "Shasta County", "county_short": "Shasta", "geoid": "06089", "grid_km": 5.0, "center_lat": 40.667157, "center_lon": -121.615969, "row_index": 8, "col_index": 24, "is_mock": 1, "shape_model": "county_boundary_clipped_grid", "month": "2020-08", "monthly_fire_probability_pct": 23.33, "risk_score": 0.4686, "risk_level": "medium", "mock_ndvi": 0.7066, "mock_avgtempF": 89.91, "mock_humid": 23.94, "mock_wind": 6.15, "county_avgtempF": 88.55, "county_humid": 28.45, "county_wind": 4.97, "county_precip": 0.0, "county_sunHour": 11.56}, "geometry": {"type": "Polygon", "coordinates": [[[-121.64561880788888, 40.64469946999641], [-121.64561880788888, 40.68961502874596], [-121.58632004988426, 40.68961502874596], [-121.58632004988426, 40.64469946999641], [-121.64561880788888, 40.64469946999641]]]}}, {"type": "Feature", "properties": {"grid_id": "06089_5km_0185", "county": "Shasta County", "county_short": "Shasta", "geoid": "06089", "grid_km": 5.0, "center_lat": 40.667157, "center_lon": -121.556671, "row_index": 8, "col_index": 25, "is_mock": 1, "shape_model": "county_boundary_clipped_grid", "month": "2020-08", "monthly_fire_probability_pct": 23.33, "risk_score": 0.4614, "risk_level": "medium", "mock_ndvi": 0.7061, "mock_avgtempF": 89.66, "mock_humid": 24.69, "mock_wind": 5.95, "county_avgtempF": 88.55, "county_humid": 28.45, "county_wind": 4.97, "county_precip": 0.0, "county_sunHour": 11.56}, "geometry": {"type": "Polygon", "coordinates": [[[-121.58632004988425, 40.64469946999641], [-121.58632004988425, 40.68961502874596], [-121.52702129187963, 40.68961502874596], [-121.52702129187963, 40.64469946999641], [-121.58632004988425, 40.64469946999641]]]}}, {"type": "Feature", "properties": {"grid_id": "06089_5km_0186", "county": "Shasta County", "county_short": "Shasta", "geoid": "06089", "grid_km": 5.0, "center_lat": 40.667157, "center_lon": -121.497372, "row_index": 8, "col_index": 26, "is_mock": 1, "shape_model": "county_boundary_clipped_grid", "month": "2020-08", "monthly_fire_probability_pct": 23.33, "risk_score": 0.4538, "risk_level": "medium", "mock_ndvi": 0.7059, "mock_avgtempF": 89.42, "mock_humid": 25.47, "mock_wind": 5.75, "county_avgtempF": 88.55, "county_humid": 28.45, "county_wind": 4.97, "county_precip": 0.0, "county_sunHour": 11.56}, "geometry": {"type": "Polygon", "coordinates": [[[-121.52702129187962, 40.64469946999641], [-121.52702129187962, 40.68961502874596], [-121.467722533875, 40.68961502874596], [-121.467722533875, 40.64469946999641], [-121.52702129187962, 40.64469946999641]]]}}, {"type": "Feature", "properties": {"grid_id": "06089_5km_0187", "county": "Shasta County", "county_short": "Shasta", "geoid": "06089", "grid_km": 5.0, "center_lat": 40.667157, "center_lon": -121.438073, "row_index": 8, "col_index": 27, "is_mock": 1, "shape_model": "county_boundary_clipped_grid", "month": "2020-08", "monthly_fire_probability_pct": 23.33, "risk_score": 0.4463, "risk_level": "medium", "mock_ndvi": 0.7062, "mock_avgtempF": 89.18, "mock_humid": 26.26, "mock_wind": 5.54, "county_avgtempF": 88.55, "county_humid": 28.45, "county_wind": 4.97, "county_precip": 0.0, "county_sunHour": 11.56}, "geometry": {"type": "Polygon", "coordinates": [[[-121.46772253387499, 40.64469946999641], [-121.46772253387499, 40.68961502874596], [-121.40842377587038, 40.68961502874596], [-121.40842377587038, 40.64469946999641], [-121.46772253387499, 40.64469946999641]]]}}, {"type": "Feature", "properties": {"grid_id": "06089_5km_0188", "county": "Shasta County", "county_short": "Shasta", "geoid": "06089", "grid_km": 5.0, "center_lat": 40.667157, "center_lon": -121.378774, "row_index": 8, "col_index": 28, "is_mock": 1, "shape_model": "county_boundary_clipped_grid", "month": "2020-08", "monthly_fire_probability_pct": 23.33, "risk_score": 0.4389, "risk_level": "medium", "mock_ndvi": 0.7072, "mock_avgtempF": 88.96, "mock_humid": 27.02, "mock_wind": 5.34, "county_avgtempF": 88.55, "county_humid": 28.45, "county_wind": 4.97, "county_precip": 0.0, "county_sunHour": 11.56}, "geometry": {"type": "Polygon", "coordinates": [[[-121.40842377587036, 40.64469946999641], [-121.40842377587036, 40.68961502874596], [-121.34912501786575, 40.68961502874596], [-121.34912501786575, 40.64469946999641], [-121.40842377587036, 40.64469946999641]]]}}, {"type": "Feature", "properties": {"grid_id": "06089_5km_0189", "county": "Shasta County", "county_short": "Shasta", "geoid": "06089", "grid_km": 5.0, "center_lat": 40.701896, "center_lon": -122.716703, "row_index": 9, "col_index": 5, "is_mock": 1, "shape_model": "county_boundary_clipped_grid", "month": "2020-08", "monthly_fire_probability_pct": 23.33, "risk_score": 0.4407, "risk_level": "medium", "mock_ndvi": 0.7083, "mock_avgtempF": 89.03, "mock_humid": 26.82, "mock_wind": 5.39, "county_avgtempF": 88.55, "county_humid": 28.45, "county_wind": 4.97, "county_precip": 0.0, "county_sunHour": 11.56}, "geometry": {"type": "MultiPolygon", "coordinates": [[[[-122.752266, 40.689642], [-122.741694, 40.695301], [-122.729969, 40.692177], [-122.722358, 40.695473], [-122.71846, 40.708319], [-122.71299645197223, 40.70984691071419], [-122.71299645197223, 40.68961502874596], [-122.75224188971079, 40.68961502874596], [-122.752266, 40.689642]]], [[[-122.71481926862452, 40.73453058749551], [-122.71299645197223, 40.73453058749551], [-122.71299645197223, 40.732497535221825], [-122.71481926862452, 40.73453058749551]]]]}}, {"type": "Feature", "properties": {"grid_id": "06089_5km_0190", "county": "Shasta County", "county_short": "Shasta", "geoid": "06089", "grid_km": 5.0, "center_lat": 40.717669, "center_lon": -122.681598, "row_index": 9, "col_index": 6, "is_mock": 1, "shape_model": "county_boundary_clipped_grid", "month": "2020-08", "monthly_fire_probability_pct": 23.33, "risk_score": 0.443, "risk_level": "medium", "mock_ndvi": 0.7041, "mock_avgtempF": 89.04, "mock_humid": 26.61, "mock_wind": 5.45, "county_avgtempF": 88.55, "county_humid": 28.45, "county_wind": 4.97, "county_precip": 0.0, "county_sunHour": 11.56}, "geometry": {"type": "Polygon", "coordinates": [[[-122.712424, 40.710007], [-122.706571, 40.725331], [-122.71299645197222, 40.73249753522181], [-122.71299645197222, 40.73453058749551], [-122.6536976939676, 40.73453058749551], [-122.6536976939676, 40.68961502874596], [-122.71299645197222, 40.68961502874596], [-122.71299645197222, 40.7098469107142], [-122.712424, 40.710007]]]}}, {"type": "Feature", "properties": {"grid_id": "06089_5km_0191", "county": "Shasta County", "county_short": "Shasta", "geoid": "06089", "grid_km": 5.0, "center_lat": 40.712073, "center_lon": -122.624048, "row_index": 9, "col_index": 7, "is_mock": 1, "shape_model": "county_boundary_clipped_grid", "month": "2020-08", "monthly_fire_probability_pct": 23.33, "risk_score": 0.4473, "risk_level": "medium", "mock_ndvi": 0.6999, "mock_avgtempF": 89.12, "mock_humid": 26.19, "mock_wind": 5.57, "county_avgtempF": 88.55, "county_humid": 28.45, "county_wind": 4.97, "county_precip": 0.0, "county_sunHour": 11.56}, "geometry": {"type": "Polygon", "coordinates": [[[-122.65369769396759, 40.68961502874596], [-122.65369769396759, 40.73453058749551], [-122.59439893596297, 40.73453058749551], [-122.59439893596297, 40.68961502874596], [-122.65369769396759, 40.68961502874596]]]}}, {"type": "Feature", "properties": {"grid_id": "06089_5km_0192", "county": "Shasta County", "county_short": "Shasta", "geoid": "06089", "grid_km": 5.0, "center_lat": 40.712073, "center_lon": -122.56475, "row_index": 9, "col_index": 8, "is_mock": 1, "shape_model": "county_boundary_clipped_grid", "month": "2020-08", "monthly_fire_probability_pct": 23.33, "risk_score": 0.452, "risk_level": "medium", "mock_ndvi": 0.6961, "mock_avgtempF": 89.22, "mock_humid": 25.73, "mock_wind": 5.71, "county_avgtempF": 88.55, "county_humid": 28.45, "county_wind": 4.97, "county_precip": 0.0, "county_sunHour": 11.56}, "geometry": {"type": "Polygon", "coordinates": [[[-122.59439893596296, 40.68961502874596], [-122.59439893596296, 40.73453058749551], [-122.53510017795834, 40.73453058749551], [-122.53510017795834, 40.68961502874596], [-122.59439893596296, 40.68961502874596]]]}}, {"type": "Feature", "properties": {"grid_id": "06089_5km_0193", "county": "Shasta County", "county_short": "Shasta", "geoid": "06089", "grid_km": 5.0, "center_lat": 40.712073, "center_lon": -122.505451, "row_index": 9, "col_index": 9, "is_mock": 1, "shape_model": "county_boundary_clipped_grid", "month": "2020-08", "monthly_fire_probability_pct": 23.33, "risk_score": 0.4571, "risk_level": "medium", "mock_ndvi": 0.6933, "mock_avgtempF": 89.34, "mock_humid": 25.23, "mock_wind": 5.85, "county_avgtempF": 88.55, "county_humid": 28.45, "county_wind": 4.97, "county_precip": 0.0, "county_sunHour": 11.56}, "geometry": {"type": "Polygon", "coordinates": [[[-122.53510017795833, 40.68961502874596], [-122.53510017795833, 40.73453058749551], [-122.47580141995371, 40.73453058749551], [-122.47580141995371, 40.68961502874596], [-122.53510017795833, 40.68961502874596]]]}}, {"type": "Feature", "properties": {"grid_id": "06089_5km_0194", "county": "Shasta County", "county_short": "Shasta", "geoid": "06089", "grid_km": 5.0, "center_lat": 40.712073, "center_lon": -122.446152, "row_index": 9, "col_index": 10, "is_mock": 1, "shape_model": "county_boundary_clipped_grid", "month": "2020-08", "monthly_fire_probability_pct": 23.33, "risk_score": 0.4625, "risk_level": "medium", "mock_ndvi": 0.6916, "mock_avgtempF": 89.49, "mock_humid": 24.68, "mock_wind": 5.97, "county_avgtempF": 88.55, "county_humid": 28.45, "county_wind": 4.97, "county_precip": 0.0, "county_sunHour": 11.56}, "geometry": {"type": "Polygon", "coordinates": [[[-122.4758014199537, 40.68961502874596], [-122.4758014199537, 40.73453058749551], [-122.41650266194908, 40.73453058749551], [-122.41650266194908, 40.68961502874596], [-122.4758014199537, 40.68961502874596]]]}}, {"type": "Feature", "properties": {"grid_id": "06089_5km_0195", "county": "Shasta County", "county_short": "Shasta", "geoid": "06089", "grid_km": 5.0, "center_lat": 40.712073, "center_lon": -122.386853, "row_index": 9, "col_index": 11, "is_mock": 1, "shape_model": "county_boundary_clipped_grid", "month": "2020-08", "monthly_fire_probability_pct": 23.33, "risk_score": 0.4682, "risk_level": "medium", "mock_ndvi": 0.6908, "mock_avgtempF": 89.67, "mock_humid": 24.1, "mock_wind": 6.13, "county_avgtempF": 88.55, "county_humid": 28.45, "county_wind": 4.97, "county_precip": 0.0, "county_sunHour": 11.56}, "geometry": {"type": "Polygon", "coordinates": [[[-122.41650266194907, 40.68961502874596], [-122.41650266194907, 40.73453058749551], [-122.35720390394445, 40.73453058749551], [-122.35720390394445, 40.68961502874596], [-122.41650266194907, 40.68961502874596]]]}}, {"type": "Feature", "properties": {"grid_id": "06089_5km_0196", "county": "Shasta County", "county_short": "Shasta", "geoid": "06089", "grid_km": 5.0, "center_lat": 40.712073, "center_lon": -122.327555, "row_index": 9, "col_index": 12, "is_mock": 1, "shape_model": "county_boundary_clipped_grid", "month": "2020-08", "monthly_fire_probability_pct": 23.33, "risk_score": 0.474, "risk_level": "medium", "mock_ndvi": 0.6909, "mock_avgtempF": 89.85, "mock_humid": 23.49, "mock_wind": 6.28, "county_avgtempF": 88.55, "county_humid": 28.45, "county_wind": 4.97, "county_precip": 0.0, "county_sunHour": 11.56}, "geometry": {"type": "Polygon", "coordinates": [[[-122.35720390394444, 40.68961502874596], [-122.35720390394444, 40.73453058749551], [-122.29790514593982, 40.73453058749551], [-122.29790514593982, 40.68961502874596], [-122.35720390394444, 40.68961502874596]]]}}, {"type": "Feature", "properties": {"grid_id": "06089_5km_0197", "county": "Shasta County", "county_short": "Shasta", "geoid": "06089", "grid_km": 5.0, "center_lat": 40.712073, "center_lon": -122.268256, "row_index": 9, "col_index": 13, "is_mock": 1, "shape_model": "county_boundary_clipped_grid", "month": "2020-08", "monthly_fire_probability_pct": 23.33, "risk_score": 0.4798, "risk_level": "medium", "mock_ndvi": 0.6917, "mock_avgtempF": 90.05, "mock_humid": 22.88, "mock_wind": 6.44, "county_avgtempF": 88.55, "county_humid": 28.45, "county_wind": 4.97, "county_precip": 0.0, "county_sunHour": 11.56}, "geometry": {"type": "Polygon", "coordinates": [[[-122.29790514593981, 40.68961502874596], [-122.29790514593981, 40.73453058749551], [-122.23860638793519, 40.73453058749551], [-122.23860638793519, 40.68961502874596], [-122.29790514593981, 40.68961502874596]]]}}, {"type": "Feature", "properties": {"grid_id": "06089_5km_0198", "county": "Shasta County", "county_short": "Shasta", "geoid": "06089", "grid_km": 5.0, "center_lat": 40.712073, "center_lon": -122.208957, "row_index": 9, "col_index": 14, "is_mock": 1, "shape_model": "county_boundary_clipped_grid", "month": "2020-08", "monthly_fire_probability_pct": 23.33, "risk_score": 0.4853, "risk_level": "medium", "mock_ndvi": 0.6931, "mock_avgtempF": 90.25, "mock_humid": 22.31, "mock_wind": 6.59, "county_avgtempF": 88.55, "county_humid": 28.45, "county_wind": 4.97, "county_precip": 0.0, "county_sunHour": 11.56}, "geometry": {"type": "Polygon", "coordinates": [[[-122.23860638793518, 40.68961502874596], [-122.23860638793518, 40.73453058749551], [-122.17930762993056, 40.73453058749551], [-122.17930762993056, 40.68961502874596], [-122.23860638793518, 40.68961502874596]]]}}, {"type": "Feature", "properties": {"grid_id": "06089_5km_0199", "county": "Shasta County", "county_short": "Shasta", "geoid": "06089", "grid_km": 5.0, "center_lat": 40.712073, "center_lon": -122.149658, "row_index": 9, "col_index": 15, "is_mock": 1, "shape_model": "county_boundary_clipped_grid", "month": "2020-08", "monthly_fire_probability_pct": 23.33, "risk_score": 0.4902, "risk_level": "medium", "mock_ndvi": 0.6948, "mock_avgtempF": 90.43, "mock_humid": 21.79, "mock_wind": 6.72, "county_avgtempF": 88.55, "county_humid": 28.45, "county_wind": 4.97, "county_precip": 0.0, "county_sunHour": 11.56}, "geometry": {"type": "Polygon", "coordinates": [[[-122.17930762993055, 40.68961502874596], [-122.17930762993055, 40.73453058749551], [-122.12000887192593, 40.73453058749551], [-122.12000887192593, 40.68961502874596], [-122.17930762993055, 40.68961502874596]]]}}, {"type": "Feature", "properties": {"grid_id": "06089_5km_0200", "county": "Shasta County", "county_short": "Shasta", "geoid": "06089", "grid_km": 5.0, "center_lat": 40.712073, "center_lon": -122.090359, "row_index": 9, "col_index": 16, "is_mock": 1, "shape_model": "county_boundary_clipped_grid", "month": "2020-08", "monthly_fire_probability_pct": 23.33, "risk_score": 0.4939, "risk_level": "medium", "mock_ndvi": 0.6966, "mock_avgtempF": 90.58, "mock_humid": 21.39, "mock_wind": 6.82, "county_avgtempF": 88.55, "county_humid": 28.45, "county_wind": 4.97, "county_precip": 0.0, "county_sunHour": 11.56}, "geometry": {"type": "Polygon", "coordinates": [[[-122.12000887192592, 40.68961502874596], [-122.12000887192592, 40.73453058749551], [-122.0607101139213, 40.73453058749551], [-122.0607101139213, 40.68961502874596], [-122.12000887192592, 40.68961502874596]]]}}, {"type": "Feature", "properties": {"grid_id": "06089_5km_0201", "county": "Shasta County", "county_short": "Shasta", "geoid": "06089", "grid_km": 5.0, "center_lat": 40.712073, "center_lon": -122.031061, "row_index": 9, "col_index": 17, "is_mock": 1, "shape_model": "county_boundary_clipped_grid", "month": "2020-08", "monthly_fire_probability_pct": 23.33, "risk_score": 0.4961, "risk_level": "medium", "mock_ndvi": 0.6986, "mock_avgtempF": 90.67, "mock_humid": 21.15, "mock_wind": 6.88, "county_avgtempF": 88.55, "county_humid": 28.45, "county_wind": 4.97, "county_precip": 0.0, "county_sunHour": 11.56}, "geometry": {"type": "Polygon", "coordinates": [[[-122.06071011392129, 40.68961502874596], [-122.06071011392129, 40.73453058749551], [-122.00141135591667, 40.73453058749551], [-122.00141135591667, 40.68961502874596], [-122.06071011392129, 40.68961502874596]]]}}, {"type": "Feature", "properties": {"grid_id": "06089_5km_0202", "county": "Shasta County", "county_short": "Shasta", "geoid": "06089", "grid_km": 5.0, "center_lat": 40.712073, "center_lon": -121.971762, "row_index": 9, "col_index": 18, "is_mock": 1, "shape_model": "county_boundary_clipped_grid", "month": "2020-08", "monthly_fire_probability_pct": 23.33, "risk_score": 0.4963, "risk_level": "medium", "mock_ndvi": 0.7006, "mock_avgtempF": 90.71, "mock_humid": 21.11, "mock_wind": 6.89, "county_avgtempF": 88.55, "county_humid": 28.45, "county_wind": 4.97, "county_precip": 0.0, "county_sunHour": 11.56}, "geometry": {"type": "Polygon", "coordinates": [[[-122.00141135591666, 40.68961502874596], [-122.00141135591666, 40.73453058749551], [-121.94211259791204, 40.73453058749551], [-121.94211259791204, 40.68961502874596], [-122.00141135591666, 40.68961502874596]]]}}, {"type": "Feature", "properties": {"grid_id": "06089_5km_0203", "county": "Shasta County", "county_short": "Shasta", "geoid": "06089", "grid_km": 5.0, "center_lat": 40.712073, "center_lon": -121.912463, "row_index": 9, "col_index": 19, "is_mock": 1, "shape_model": "county_boundary_clipped_grid", "month": "2020-08", "monthly_fire_probability_pct": 23.33, "risk_score": 0.4949, "risk_level": "medium", "mock_ndvi": 0.7023, "mock_avgtempF": 90.69, "mock_humid": 21.25, "mock_wind": 6.85, "county_avgtempF": 88.55, "county_humid": 28.45, "county_wind": 4.97, "county_precip": 0.0, "county_sunHour": 11.56}, "geometry": {"type": "Polygon", "coordinates": [[[-121.94211259791203, 40.68961502874596], [-121.94211259791203, 40.73453058749551], [-121.88281383990741, 40.73453058749551], [-121.88281383990741, 40.68961502874596], [-121.94211259791203, 40.68961502874596]]]}}, {"type": "Feature", "properties": {"grid_id": "06089_5km_0204", "county": "Shasta County", "county_short": "Shasta", "geoid": "06089", "grid_km": 5.0, "center_lat": 40.712073, "center_lon": -121.853164, "row_index": 9, "col_index": 20, "is_mock": 1, "shape_model": "county_boundary_clipped_grid", "month": "2020-08", "monthly_fire_probability_pct": 23.33, "risk_score": 0.4919, "risk_level": "medium", "mock_ndvi": 0.7036, "mock_avgtempF": 90.61, "mock_humid": 21.55, "mock_wind": 6.77, "county_avgtempF": 88.55, "county_humid": 28.45, "county_wind": 4.97, "county_precip": 0.0, "county_sunHour": 11.56}, "geometry": {"type": "Polygon", "coordinates": [[[-121.8828138399074, 40.68961502874596], [-121.8828138399074, 40.73453058749551], [-121.82351508190278, 40.73453058749551], [-121.82351508190278, 40.68961502874596], [-121.8828138399074, 40.68961502874596]]]}}, {"type": "Feature", "properties": {"grid_id": "06089_5km_0205", "county": "Shasta County", "county_short": "Shasta", "geoid": "06089", "grid_km": 5.0, "center_lat": 40.712073, "center_lon": -121.793866, "row_index": 9, "col_index": 21, "is_mock": 1, "shape_model": "county_boundary_clipped_grid", "month": "2020-08", "monthly_fire_probability_pct": 23.33, "risk_score": 0.4877, "risk_level": "medium", "mock_ndvi": 0.7042, "mock_avgtempF": 90.49, "mock_humid": 21.98, "mock_wind": 6.66, "county_avgtempF": 88.55, "county_humid": 28.45, "county_wind": 4.97, "county_precip": 0.0, "county_sunHour": 11.56}, "geometry": {"type": "Polygon", "coordinates": [[[-121.82351508190277, 40.68961502874596], [-121.82351508190277, 40.73453058749551], [-121.76421632389815, 40.73453058749551], [-121.76421632389815, 40.68961502874596], [-121.82351508190277, 40.68961502874596]]]}}, {"type": "Feature", "properties": {"grid_id": "06089_5km_0206", "county": "Shasta County", "county_short": "Shasta", "geoid": "06089", "grid_km": 5.0, "center_lat": 40.712073, "center_lon": -121.734567, "row_index": 9, "col_index": 22, "is_mock": 1, "shape_model": "county_boundary_clipped_grid", "month": "2020-08", "monthly_fire_probability_pct": 23.33, "risk_score": 0.4825, "risk_level": "medium", "mock_ndvi": 0.7044, "mock_avgtempF": 90.32, "mock_humid": 22.52, "mock_wind": 6.52, "county_avgtempF": 88.55, "county_humid": 28.45, "county_wind": 4.97, "county_precip": 0.0, "county_sunHour": 11.56}, "geometry": {"type": "Polygon", "coordinates": [[[-121.76421632389814, 40.68961502874596], [-121.76421632389814, 40.73453058749551], [-121.70491756589352, 40.73453058749551], [-121.70491756589352, 40.68961502874596], [-121.76421632389814, 40.68961502874596]]]}}, {"type": "Feature", "properties": {"grid_id": "06089_5km_0207", "county": "Shasta County", "county_short": "Shasta", "geoid": "06089", "grid_km": 5.0, "center_lat": 40.712073, "center_lon": -121.675268, "row_index": 9, "col_index": 23, "is_mock": 1, "shape_model": "county_boundary_clipped_grid", "month": "2020-08", "monthly_fire_probability_pct": 23.33, "risk_score": 0.4763, "risk_level": "medium", "mock_ndvi": 0.7041, "mock_avgtempF": 90.11, "mock_humid": 23.17, "mock_wind": 6.35, "county_avgtempF": 88.55, "county_humid": 28.45, "county_wind": 4.97, "county_precip": 0.0, "county_sunHour": 11.56}, "geometry": {"type": "Polygon", "coordinates": [[[-121.70491756589351, 40.68961502874596], [-121.70491756589351, 40.73453058749551], [-121.6456188078889, 40.73453058749551], [-121.6456188078889, 40.68961502874596], [-121.70491756589351, 40.68961502874596]]]}}, {"type": "Feature", "properties": {"grid_id": "06089_5km_0208", "county": "Shasta County", "county_short": "Shasta", "geoid": "06089", "grid_km": 5.0, "center_lat": 40.712073, "center_lon": -121.615969, "row_index": 9, "col_index": 24, "is_mock": 1, "shape_model": "county_boundary_clipped_grid", "month": "2020-08", "monthly_fire_probability_pct": 23.33, "risk_score": 0.4694, "risk_level": "medium", "mock_ndvi": 0.7037, "mock_avgtempF": 89.89, "mock_humid": 23.88, "mock_wind": 6.16, "county_avgtempF": 88.55, "county_humid": 28.45, "county_wind": 4.97, "county_precip": 0.0, "county_sunHour": 11.56}, "geometry": {"type": "Polygon", "coordinates": [[[-121.64561880788888, 40.68961502874596], [-121.64561880788888, 40.73453058749551], [-121.58632004988426, 40.73453058749551], [-121.58632004988426, 40.68961502874596], [-121.64561880788888, 40.68961502874596]]]}}, {"type": "Feature", "properties": {"grid_id": "06089_5km_0209", "county": "Shasta County", "county_short": "Shasta", "geoid": "06089", "grid_km": 5.0, "center_lat": 40.712073, "center_lon": -121.556671, "row_index": 9, "col_index": 25, "is_mock": 1, "shape_model": "county_boundary_clipped_grid", "month": "2020-08", "monthly_fire_probability_pct": 23.33, "risk_score": 0.462, "risk_level": "medium", "mock_ndvi": 0.7032, "mock_avgtempF": 89.64, "mock_humid": 24.65, "mock_wind": 5.96, "county_avgtempF": 88.55, "county_humid": 28.45, "county_wind": 4.97, "county_precip": 0.0, "county_sunHour": 11.56}, "geometry": {"type": "Polygon", "coordinates": [[[-121.58632004988425, 40.68961502874596], [-121.58632004988425, 40.73453058749551], [-121.52702129187963, 40.73453058749551], [-121.52702129187963, 40.68961502874596], [-121.58632004988425, 40.68961502874596]]]}}, {"type": "Feature", "properties": {"grid_id": "06089_5km_0210", "county": "Shasta County", "county_short": "Shasta", "geoid": "06089", "grid_km": 5.0, "center_lat": 40.712073, "center_lon": -121.497372, "row_index": 9, "col_index": 26, "is_mock": 1, "shape_model": "county_boundary_clipped_grid", "month": "2020-08", "monthly_fire_probability_pct": 23.33, "risk_score": 0.4543, "risk_level": "medium", "mock_ndvi": 0.703, "mock_avgtempF": 89.39, "mock_humid": 25.44, "mock_wind": 5.76, "county_avgtempF": 88.55, "county_humid": 28.45, "county_wind": 4.97, "county_precip": 0.0, "county_sunHour": 11.56}, "geometry": {"type": "Polygon", "coordinates": [[[-121.52702129187962, 40.68961502874596], [-121.52702129187962, 40.73453058749551], [-121.467722533875, 40.73453058749551], [-121.467722533875, 40.68961502874596], [-121.52702129187962, 40.68961502874596]]]}}, {"type": "Feature", "properties": {"grid_id": "06089_5km_0211", "county": "Shasta County", "county_short": "Shasta", "geoid": "06089", "grid_km": 5.0, "center_lat": 40.712073, "center_lon": -121.438073, "row_index": 9, "col_index": 27, "is_mock": 1, "shape_model": "county_boundary_clipped_grid", "month": "2020-08", "monthly_fire_probability_pct": 23.33, "risk_score": 0.4467, "risk_level": "medium", "mock_ndvi": 0.7034, "mock_avgtempF": 89.15, "mock_humid": 26.24, "mock_wind": 5.55, "county_avgtempF": 88.55, "county_humid": 28.45, "county_wind": 4.97, "county_precip": 0.0, "county_sunHour": 11.56}, "geometry": {"type": "Polygon", "coordinates": [[[-121.46772253387499, 40.68961502874596], [-121.46772253387499, 40.73453058749551], [-121.40842377587038, 40.73453058749551], [-121.40842377587038, 40.68961502874596], [-121.46772253387499, 40.68961502874596]]]}}, {"type": "Feature", "properties": {"grid_id": "06089_5km_0212", "county": "Shasta County", "county_short": "Shasta", "geoid": "06089", "grid_km": 5.0, "center_lat": 40.712073, "center_lon": -121.378774, "row_index": 9, "col_index": 28, "is_mock": 1, "shape_model": "county_boundary_clipped_grid", "month": "2020-08", "monthly_fire_probability_pct": 23.33, "risk_score": 0.4392, "risk_level": "medium", "mock_ndvi": 0.7044, "mock_avgtempF": 88.93, "mock_humid": 27.0, "mock_wind": 5.35, "county_avgtempF": 88.55, "county_humid": 28.45, "county_wind": 4.97, "county_precip": 0.0, "county_sunHour": 11.56}, "geometry": {"type": "Polygon", "coordinates": [[[-121.40842377587036, 40.68961502874596], [-121.40842377587036, 40.73453058749551], [-121.34912501786575, 40.73453058749551], [-121.34912501786575, 40.68961502874596], [-121.40842377587036, 40.68961502874596]]]}}, {"type": "Feature", "properties": {"grid_id": "06089_5km_0213", "county": "Shasta County", "county_short": "Shasta", "geoid": "06089", "grid_km": 5.0, "center_lat": 40.743693, "center_lon": -122.715826, "row_index": 10, "col_index": 5, "is_mock": 1, "shape_model": "county_boundary_clipped_grid", "month": "2020-08", "monthly_fire_probability_pct": 23.33, "risk_score": 0.4397, "risk_level": "medium", "mock_ndvi": 0.7054, "mock_avgtempF": 88.96, "mock_humid": 26.94, "mock_wind": 5.37, "county_avgtempF": 88.55, "county_humid": 28.45, "county_wind": 4.97, "county_precip": 0.0, "county_sunHour": 11.56}, "geometry": {"type": "Polygon", "coordinates": [[[-122.719906, 40.740204], [-122.717407, 40.747182], [-122.71299645197223, 40.74820417893312], [-122.71299645197223, 40.73453058749551], [-122.71481926862452, 40.73453058749551], [-122.719906, 40.740204]]]}}, {"type": "Feature", "properties": {"grid_id": "06089_5km_0214", "county": "Shasta County", "county_short": "Shasta", "geoid": "06089", "grid_km": 5.0, "center_lat": 40.754565, "center_lon": -122.678254, "row_index": 10, "col_index": 6, "is_mock": 1, "shape_model": "county_boundary_clipped_grid", "month": "2020-08", "monthly_fire_probability_pct": 23.33, "risk_score": 0.4419, "risk_level": "medium", "mock_ndvi": 0.7013, "mock_avgtempF": 88.97, "mock_humid": 26.75, "mock_wind": 5.44, "county_avgtempF": 88.55, "county_humid": 28.45, "county_wind": 4.97, "county_precip": 0.0, "county_sunHour": 11.56}, "geometry": {"type": "Polygon", "coordinates": [[[-122.705813, 40.749869], [-122.699809, 40.759262], [-122.692824, 40.760725], [-122.670526, 40.772768], [-122.66489154069863, 40.779446146245064], [-122.6536976939676, 40.779446146245064], [-122.6536976939676, 40.73453058749551], [-122.71299645197222, 40.73453058749551], [-122.71299645197222, 40.74820417893312], [-122.705813, 40.749869]]]}}, {"type": "Feature", "properties": {"grid_id": "06089_5km_0215", "county": "Shasta County", "county_short": "Shasta", "geoid": "06089", "grid_km": 5.0, "center_lat": 40.756988, "center_lon": -122.624048, "row_index": 10, "col_index": 7, "is_mock": 1, "shape_model": "county_boundary_clipped_grid", "month": "2020-08", "monthly_fire_probability_pct": 23.33, "risk_score": 0.4458, "risk_level": "medium", "mock_ndvi": 0.6968, "mock_avgtempF": 89.03, "mock_humid": 26.37, "mock_wind": 5.62, "county_avgtempF": 88.55, "county_humid": 28.45, "county_wind": 4.97, "county_precip": 0.0, "county_sunHour": 11.56}, "geometry": {"type": "Polygon", "coordinates": [[[-122.65369769396759, 40.73453058749551], [-122.65369769396759, 40.779446146245064], [-122.59439893596297, 40.779446146245064], [-122.59439893596297, 40.73453058749551], [-122.65369769396759, 40.73453058749551]]]}}, {"type": "Feature", "properties": {"grid_id": "06089_5km_0216", "county": "Shasta County", "county_short": "Shasta", "geoid": "06089", "grid_km": 5.0, "center_lat": 40.756988, "center_lon": -122.56475, "row_index": 10, "col_index": 8, "is_mock": 1, "shape_model": "county_boundary_clipped_grid", "month": "2020-08", "monthly_fire_probability_pct": 23.33, "risk_score": 0.4505, "risk_level": "medium", "mock_ndvi": 0.693, "mock_avgtempF": 89.13, "mock_humid": 25.91, "mock_wind": 5.79, "county_avgtempF": 88.55, "county_humid": 28.45, "county_wind": 4.97, "county_precip": 0.0, "county_sunHour": 11.56}, "geometry": {"type": "Polygon", "coordinates": [[[-122.59439893596296, 40.73453058749551], [-122.59439893596296, 40.779446146245064], [-122.53510017795834, 40.779446146245064], [-122.53510017795834, 40.73453058749551], [-122.59439893596296, 40.73453058749551]]]}}, {"type": "Feature", "properties": {"grid_id": "06089_5km_0217", "county": "Shasta County", "county_short": "Shasta", "geoid": "06089", "grid_km": 5.0, "center_lat": 40.756988, "center_lon": -122.505451, "row_index": 10, "col_index": 9, "is_mock": 1, "shape_model": "county_boundary_clipped_grid", "month": "2020-08", "monthly_fire_probability_pct": 23.33, "risk_score": 0.4556, "risk_level": "medium", "mock_ndvi": 0.6902, "mock_avgtempF": 89.25, "mock_humid": 25.4, "mock_wind": 5.93, "county_avgtempF": 88.55, "county_humid": 28.45, "county_wind": 4.97, "county_precip": 0.0, "county_sunHour": 11.56}, "geometry": {"type": "Polygon", "coordinates": [[[-122.53510017795833, 40.73453058749551], [-122.53510017795833, 40.779446146245064], [-122.47580141995371, 40.779446146245064], [-122.47580141995371, 40.73453058749551], [-122.53510017795833, 40.73453058749551]]]}}, {"type": "Feature", "properties": {"grid_id": "06089_5km_0218", "county": "Shasta County", "county_short": "Shasta", "geoid": "06089", "grid_km": 5.0, "center_lat": 40.756988, "center_lon": -122.446152, "row_index": 10, "col_index": 10, "is_mock": 1, "shape_model": "county_boundary_clipped_grid", "month": "2020-08", "monthly_fire_probability_pct": 23.33, "risk_score": 0.4611, "risk_level": "medium", "mock_ndvi": 0.6884, "mock_avgtempF": 89.4, "mock_humid": 24.85, "mock_wind": 6.05, "county_avgtempF": 88.55, "county_humid": 28.45, "county_wind": 4.97, "county_precip": 0.0, "county_sunHour": 11.56}, "geometry": {"type": "Polygon", "coordinates": [[[-122.4758014199537, 40.73453058749551], [-122.4758014199537, 40.779446146245064], [-122.41650266194908, 40.779446146245064], [-122.41650266194908, 40.73453058749551], [-122.4758014199537, 40.73453058749551]]]}}, {"type": "Feature", "properties": {"grid_id": "06089_5km_0219", "county": "Shasta County", "county_short": "Shasta", "geoid": "06089", "grid_km": 5.0, "center_lat": 40.756988, "center_lon": -122.386853, "row_index": 10, "col_index": 11, "is_mock": 1, "shape_model": "county_boundary_clipped_grid", "month": "2020-08", "monthly_fire_probability_pct": 23.33, "risk_score": 0.4669, "risk_level": "medium", "mock_ndvi": 0.6876, "mock_avgtempF": 89.58, "mock_humid": 24.25, "mock_wind": 6.14, "county_avgtempF": 88.55, "county_humid": 28.45, "county_wind": 4.97, "county_precip": 0.0, "county_sunHour": 11.56}, "geometry": {"type": "Polygon", "coordinates": [[[-122.41650266194907, 40.73453058749551], [-122.41650266194907, 40.779446146245064], [-122.35720390394445, 40.779446146245064], [-122.35720390394445, 40.73453058749551], [-122.41650266194907, 40.73453058749551]]]}}, {"type": "Feature", "properties": {"grid_id": "06089_5km_0220", "county": "Shasta County", "county_short": "Shasta", "geoid": "06089", "grid_km": 5.0, "center_lat": 40.756988, "center_lon": -122.327555, "row_index": 10, "col_index": 12, "is_mock": 1, "shape_model": "county_boundary_clipped_grid", "month": "2020-08", "monthly_fire_probability_pct": 23.33, "risk_score": 0.4728, "risk_level": "medium", "mock_ndvi": 0.6876, "mock_avgtempF": 89.77, "mock_humid": 23.64, "mock_wind": 6.25, "county_avgtempF": 88.55, "county_humid": 28.45, "county_wind": 4.97, "county_precip": 0.0, "county_sunHour": 11.56}, "geometry": {"type": "Polygon", "coordinates": [[[-122.35720390394444, 40.73453058749551], [-122.35720390394444, 40.779446146245064], [-122.29790514593982, 40.779446146245064], [-122.29790514593982, 40.73453058749551], [-122.35720390394444, 40.73453058749551]]]}}, {"type": "Feature", "properties": {"grid_id": "06089_5km_0221", "county": "Shasta County", "county_short": "Shasta", "geoid": "06089", "grid_km": 5.0, "center_lat": 40.756988, "center_lon": -122.268256, "row_index": 10, "col_index": 13, "is_mock": 1, "shape_model": "county_boundary_clipped_grid", "month": "2020-08", "monthly_fire_probability_pct": 23.33, "risk_score": 0.4787, "risk_level": "medium", "mock_ndvi": 0.6884, "mock_avgtempF": 89.97, "mock_humid": 23.02, "mock_wind": 6.41, "county_avgtempF": 88.55, "county_humid": 28.45, "county_wind": 4.97, "county_precip": 0.0, "county_sunHour": 11.56}, "geometry": {"type": "Polygon", "coordinates": [[[-122.29790514593981, 40.73453058749551], [-122.29790514593981, 40.779446146245064], [-122.23860638793519, 40.779446146245064], [-122.23860638793519, 40.73453058749551], [-122.29790514593981, 40.73453058749551]]]}}, {"type": "Feature", "properties": {"grid_id": "06089_5km_0222", "county": "Shasta County", "county_short": "Shasta", "geoid": "06089", "grid_km": 5.0, "center_lat": 40.756988, "center_lon": -122.208957, "row_index": 10, "col_index": 14, "is_mock": 1, "shape_model": "county_boundary_clipped_grid", "month": "2020-08", "monthly_fire_probability_pct": 23.33, "risk_score": 0.4844, "risk_level": "medium", "mock_ndvi": 0.6897, "mock_avgtempF": 90.17, "mock_humid": 22.43, "mock_wind": 6.56, "county_avgtempF": 88.55, "county_humid": 28.45, "county_wind": 4.97, "county_precip": 0.0, "county_sunHour": 11.56}, "geometry": {"type": "Polygon", "coordinates": [[[-122.23860638793518, 40.73453058749551], [-122.23860638793518, 40.779446146245064], [-122.17930762993056, 40.779446146245064], [-122.17930762993056, 40.73453058749551], [-122.23860638793518, 40.73453058749551]]]}}, {"type": "Feature", "properties": {"grid_id": "06089_5km_0223", "county": "Shasta County", "county_short": "Shasta", "geoid": "06089", "grid_km": 5.0, "center_lat": 40.756988, "center_lon": -122.149658, "row_index": 10, "col_index": 15, "is_mock": 1, "shape_model": "county_boundary_clipped_grid", "month": "2020-08", "monthly_fire_probability_pct": 23.33, "risk_score": 0.4895, "risk_level": "medium", "mock_ndvi": 0.6912, "mock_avgtempF": 90.36, "mock_humid": 21.89, "mock_wind": 6.7, "county_avgtempF": 88.55, "county_humid": 28.45, "county_wind": 4.97, "county_precip": 0.0, "county_sunHour": 11.56}, "geometry": {"type": "Polygon", "coordinates": [[[-122.17930762993055, 40.73453058749551], [-122.17930762993055, 40.779446146245064], [-122.12000887192593, 40.779446146245064], [-122.12000887192593, 40.73453058749551], [-122.17930762993055, 40.73453058749551]]]}}, {"type": "Feature", "properties": {"grid_id": "06089_5km_0224", "county": "Shasta County", "county_short": "Shasta", "geoid": "06089", "grid_km": 5.0, "center_lat": 40.756988, "center_lon": -122.090359, "row_index": 10, "col_index": 16, "is_mock": 1, "shape_model": "county_boundary_clipped_grid", "month": "2020-08", "monthly_fire_probability_pct": 23.33, "risk_score": 0.4937, "risk_level": "medium", "mock_ndvi": 0.6929, "mock_avgtempF": 90.51, "mock_humid": 21.44, "mock_wind": 6.81, "county_avgtempF": 88.55, "county_humid": 28.45, "county_wind": 4.97, "county_precip": 0.0, "county_sunHour": 11.56}, "geometry": {"type": "Polygon", "coordinates": [[[-122.12000887192592, 40.73453058749551], [-122.12000887192592, 40.779446146245064], [-122.0607101139213, 40.779446146245064], [-122.0607101139213, 40.73453058749551], [-122.12000887192592, 40.73453058749551]]]}}, {"type": "Feature", "properties": {"grid_id": "06089_5km_0225", "county": "Shasta County", "county_short": "Shasta", "geoid": "06089", "grid_km": 5.0, "center_lat": 40.756988, "center_lon": -122.031061, "row_index": 10, "col_index": 17, "is_mock": 1, "shape_model": "county_boundary_clipped_grid", "month": "2020-08", "monthly_fire_probability_pct": 23.33, "risk_score": 0.4962, "risk_level": "medium", "mock_ndvi": 0.6947, "mock_avgtempF": 90.62, "mock_humid": 21.17, "mock_wind": 6.88, "county_avgtempF": 88.55, "county_humid": 28.45, "county_wind": 4.97, "county_precip": 0.0, "county_sunHour": 11.56}, "geometry": {"type": "Polygon", "coordinates": [[[-122.06071011392129, 40.73453058749551], [-122.06071011392129, 40.779446146245064], [-122.00141135591667, 40.779446146245064], [-122.00141135591667, 40.73453058749551], [-122.06071011392129, 40.73453058749551]]]}}, {"type": "Feature", "properties": {"grid_id": "06089_5km_0226", "county": "Shasta County", "county_short": "Shasta", "geoid": "06089", "grid_km": 5.0, "center_lat": 40.756988, "center_lon": -121.971762, "row_index": 10, "col_index": 18, "is_mock": 1, "shape_model": "county_boundary_clipped_grid", "month": "2020-08", "monthly_fire_probability_pct": 23.33, "risk_score": 0.4959, "risk_level": "medium", "mock_ndvi": 0.697, "mock_avgtempF": 90.64, "mock_humid": 21.19, "mock_wind": 6.87, "county_avgtempF": 88.55, "county_humid": 28.45, "county_wind": 4.97, "county_precip": 0.0, "county_sunHour": 11.56}, "geometry": {"type": "Polygon", "coordinates": [[[-122.00141135591666, 40.73453058749551], [-122.00141135591666, 40.779446146245064], [-121.94211259791204, 40.779446146245064], [-121.94211259791204, 40.73453058749551], [-122.00141135591666, 40.73453058749551]]]}}, {"type": "Feature", "properties": {"grid_id": "06089_5km_0227", "county": "Shasta County", "county_short": "Shasta", "geoid": "06089", "grid_km": 5.0, "center_lat": 40.756988, "center_lon": -121.912463, "row_index": 10, "col_index": 19, "is_mock": 1, "shape_model": "county_boundary_clipped_grid", "month": "2020-08", "monthly_fire_probability_pct": 23.33, "risk_score": 0.4941, "risk_level": "medium", "mock_ndvi": 0.6988, "mock_avgtempF": 90.61, "mock_humid": 21.36, "mock_wind": 6.83, "county_avgtempF": 88.55, "county_humid": 28.45, "county_wind": 4.97, "county_precip": 0.0, "county_sunHour": 11.56}, "geometry": {"type": "Polygon", "coordinates": [[[-121.94211259791203, 40.73453058749551], [-121.94211259791203, 40.779446146245064], [-121.88281383990741, 40.779446146245064], [-121.88281383990741, 40.73453058749551], [-121.94211259791203, 40.73453058749551]]]}}, {"type": "Feature", "properties": {"grid_id": "06089_5km_0228", "county": "Shasta County", "county_short": "Shasta", "geoid": "06089", "grid_km": 5.0, "center_lat": 40.756988, "center_lon": -121.853164, "row_index": 10, "col_index": 20, "is_mock": 1, "shape_model": "county_boundary_clipped_grid", "month": "2020-08", "monthly_fire_probability_pct": 23.33, "risk_score": 0.4909, "risk_level": "medium", "mock_ndvi": 0.7002, "mock_avgtempF": 90.53, "mock_humid": 21.67, "mock_wind": 6.74, "county_avgtempF": 88.55, "county_humid": 28.45, "county_wind": 4.97, "county_precip": 0.0, "county_sunHour": 11.56}, "geometry": {"type": "Polygon", "coordinates": [[[-121.8828138399074, 40.73453058749551], [-121.8828138399074, 40.779446146245064], [-121.82351508190278, 40.779446146245064], [-121.82351508190278, 40.73453058749551], [-121.8828138399074, 40.73453058749551]]]}}, {"type": "Feature", "properties": {"grid_id": "06089_5km_0229", "county": "Shasta County", "county_short": "Shasta", "geoid": "06089", "grid_km": 5.0, "center_lat": 40.756988, "center_lon": -121.793866, "row_index": 10, "col_index": 21, "is_mock": 1, "shape_model": "county_boundary_clipped_grid", "month": "2020-08", "monthly_fire_probability_pct": 23.33, "risk_score": 0.4866, "risk_level": "medium", "mock_ndvi": 0.7009, "mock_avgtempF": 90.4, "mock_humid": 22.12, "mock_wind": 6.63, "county_avgtempF": 88.55, "county_humid": 28.45, "county_wind": 4.97, "county_precip": 0.0, "county_sunHour": 11.56}, "geometry": {"type": "Polygon", "coordinates": [[[-121.82351508190277, 40.73453058749551], [-121.82351508190277, 40.779446146245064], [-121.76421632389815, 40.779446146245064], [-121.76421632389815, 40.73453058749551], [-121.82351508190277, 40.73453058749551]]]}}, {"type": "Feature", "properties": {"grid_id": "06089_5km_0230", "county": "Shasta County", "county_short": "Shasta", "geoid": "06089", "grid_km": 5.0, "center_lat": 40.756988, "center_lon": -121.734567, "row_index": 10, "col_index": 22, "is_mock": 1, "shape_model": "county_boundary_clipped_grid", "month": "2020-08", "monthly_fire_probability_pct": 23.33, "risk_score": 0.4812, "risk_level": "medium", "mock_ndvi": 0.7011, "mock_avgtempF": 90.23, "mock_humid": 22.67, "mock_wind": 6.48, "county_avgtempF": 88.55, "county_humid": 28.45, "county_wind": 4.97, "county_precip": 0.0, "county_sunHour": 11.56}, "geometry": {"type": "Polygon", "coordinates": [[[-121.76421632389814, 40.73453058749551], [-121.76421632389814, 40.779446146245064], [-121.70491756589352, 40.779446146245064], [-121.70491756589352, 40.73453058749551], [-121.76421632389814, 40.73453058749551]]]}}, {"type": "Feature", "properties": {"grid_id": "06089_5km_0231", "county": "Shasta County", "county_short": "Shasta", "geoid": "06089", "grid_km": 5.0, "center_lat": 40.756988, "center_lon": -121.675268, "row_index": 10, "col_index": 23, "is_mock": 1, "shape_model": "county_boundary_clipped_grid", "month": "2020-08", "monthly_fire_probability_pct": 23.33, "risk_score": 0.4749, "risk_level": "medium", "mock_ndvi": 0.7009, "mock_avgtempF": 90.03, "mock_humid": 23.33, "mock_wind": 6.31, "county_avgtempF": 88.55, "county_humid": 28.45, "county_wind": 4.97, "county_precip": 0.0, "county_sunHour": 11.56}, "geometry": {"type": "Polygon", "coordinates": [[[-121.70491756589351, 40.73453058749551], [-121.70491756589351, 40.779446146245064], [-121.6456188078889, 40.779446146245064], [-121.6456188078889, 40.73453058749551], [-121.70491756589351, 40.73453058749551]]]}}, {"type": "Feature", "properties": {"grid_id": "06089_5km_0232", "county": "Shasta County", "county_short": "Shasta", "geoid": "06089", "grid_km": 5.0, "center_lat": 40.756988, "center_lon": -121.615969, "row_index": 10, "col_index": 24, "is_mock": 1, "shape_model": "county_boundary_clipped_grid", "month": "2020-08", "monthly_fire_probability_pct": 23.33, "risk_score": 0.468, "risk_level": "medium", "mock_ndvi": 0.7005, "mock_avgtempF": 89.8, "mock_humid": 24.05, "mock_wind": 6.12, "county_avgtempF": 88.55, "county_humid": 28.45, "county_wind": 4.97, "county_precip": 0.0, "county_sunHour": 11.56}, "geometry": {"type": "Polygon", "coordinates": [[[-121.64561880788888, 40.73453058749551], [-121.64561880788888, 40.779446146245064], [-121.58632004988426, 40.779446146245064], [-121.58632004988426, 40.73453058749551], [-121.64561880788888, 40.73453058749551]]]}}, {"type": "Feature", "properties": {"grid_id": "06089_5km_0233", "county": "Shasta County", "county_short": "Shasta", "geoid": "06089", "grid_km": 5.0, "center_lat": 40.756988, "center_lon": -121.556671, "row_index": 10, "col_index": 25, "is_mock": 1, "shape_model": "county_boundary_clipped_grid", "month": "2020-08", "monthly_fire_probability_pct": 23.33, "risk_score": 0.4605, "risk_level": "medium", "mock_ndvi": 0.7001, "mock_avgtempF": 89.55, "mock_humid": 24.82, "mock_wind": 5.92, "county_avgtempF": 88.55, "county_humid": 28.45, "county_wind": 4.97, "county_precip": 0.0, "county_sunHour": 11.56}, "geometry": {"type": "Polygon", "coordinates": [[[-121.58632004988425, 40.73453058749551], [-121.58632004988425, 40.779446146245064], [-121.52702129187963, 40.779446146245064], [-121.52702129187963, 40.73453058749551], [-121.58632004988425, 40.73453058749551]]]}}, {"type": "Feature", "properties": {"grid_id": "06089_5km_0234", "county": "Shasta County", "county_short": "Shasta", "geoid": "06089", "grid_km": 5.0, "center_lat": 40.756988, "center_lon": -121.497372, "row_index": 10, "col_index": 26, "is_mock": 1, "shape_model": "county_boundary_clipped_grid", "month": "2020-08", "monthly_fire_probability_pct": 23.33, "risk_score": 0.4529, "risk_level": "medium", "mock_ndvi": 0.6999, "mock_avgtempF": 89.3, "mock_humid": 25.62, "mock_wind": 5.72, "county_avgtempF": 88.55, "county_humid": 28.45, "county_wind": 4.97, "county_precip": 0.0, "county_sunHour": 11.56}, "geometry": {"type": "Polygon", "coordinates": [[[-121.52702129187962, 40.73453058749551], [-121.52702129187962, 40.779446146245064], [-121.467722533875, 40.779446146245064], [-121.467722533875, 40.73453058749551], [-121.52702129187962, 40.73453058749551]]]}}, {"type": "Feature", "properties": {"grid_id": "06089_5km_0235", "county": "Shasta County", "county_short": "Shasta", "geoid": "06089", "grid_km": 5.0, "center_lat": 40.756988, "center_lon": -121.438073, "row_index": 10, "col_index": 27, "is_mock": 1, "shape_model": "county_boundary_clipped_grid", "month": "2020-08", "monthly_fire_probability_pct": 23.33, "risk_score": 0.4452, "risk_level": "medium", "mock_ndvi": 0.7003, "mock_avgtempF": 89.06, "mock_humid": 26.41, "mock_wind": 5.51, "county_avgtempF": 88.55, "county_humid": 28.45, "county_wind": 4.97, "county_precip": 0.0, "county_sunHour": 11.56}, "geometry": {"type": "Polygon", "coordinates": [[[-121.46772253387499, 40.73453058749551], [-121.46772253387499, 40.779446146245064], [-121.40842377587038, 40.779446146245064], [-121.40842377587038, 40.73453058749551], [-121.46772253387499, 40.73453058749551]]]}}, {"type": "Feature", "properties": {"grid_id": "06089_5km_0236", "county": "Shasta County", "county_short": "Shasta", "geoid": "06089", "grid_km": 5.0, "center_lat": 40.756988, "center_lon": -121.378774, "row_index": 10, "col_index": 28, "is_mock": 1, "shape_model": "county_boundary_clipped_grid", "month": "2020-08", "monthly_fire_probability_pct": 23.33, "risk_score": 0.4376, "risk_level": "medium", "mock_ndvi": 0.7013, "mock_avgtempF": 88.83, "mock_humid": 27.19, "mock_wind": 5.39, "county_avgtempF": 88.55, "county_humid": 28.45, "county_wind": 4.97, "county_precip": 0.0, "county_sunHour": 11.56}, "geometry": {"type": "Polygon", "coordinates": [[[-121.40842377587036, 40.73453058749551], [-121.40842377587036, 40.779446146245064], [-121.34912501786575, 40.779446146245064], [-121.34912501786575, 40.73453058749551], [-121.40842377587036, 40.73453058749551]]]}}, {"type": "Feature", "properties": {"grid_id": "06089_5km_0237", "county": "Shasta County", "county_short": "Shasta", "geoid": "06089", "grid_km": 5.0, "center_lat": 40.802387, "center_lon": -122.656309, "row_index": 11, "col_index": 6, "is_mock": 1, "shape_model": "county_boundary_clipped_grid", "month": "2020-08", "monthly_fire_probability_pct": 23.33, "risk_score": 0.4401, "risk_level": "medium", "mock_ndvi": 0.6961, "mock_avgtempF": 88.84, "mock_humid": 26.97, "mock_wind": 5.58, "county_avgtempF": 88.55, "county_humid": 28.45, "county_wind": 4.97, "county_precip": 0.0, "county_sunHour": 11.56}, "geometry": {"type": "Polygon", "coordinates": [[[-122.658093, 40.787504], [-122.661656, 40.794313], [-122.656186, 40.810461], [-122.66508880003289, 40.824361704994615], [-122.6536976939676, 40.824361704994615], [-122.6536976939676, 40.779446146245064], [-122.66489154069863, 40.779446146245064], [-122.658093, 40.787504]]]}}, {"type": "Feature", "properties": {"grid_id": "06089_5km_0238", "county": "Shasta County", "county_short": "Shasta", "geoid": "06089", "grid_km": 5.0, "center_lat": 40.801904, "center_lon": -122.624048, "row_index": 11, "col_index": 7, "is_mock": 1, "shape_model": "county_boundary_clipped_grid", "month": "2020-08", "monthly_fire_probability_pct": 23.33, "risk_score": 0.4426, "risk_level": "medium", "mock_ndvi": 0.6937, "mock_avgtempF": 88.88, "mock_humid": 26.73, "mock_wind": 5.68, "county_avgtempF": 88.55, "county_humid": 28.45, "county_wind": 4.97, "county_precip": 0.0, "county_sunHour": 11.56}, "geometry": {"type": "Polygon", "coordinates": [[[-122.65369769396759, 40.779446146245064], [-122.65369769396759, 40.824361704994615], [-122.59439893596297, 40.824361704994615], [-122.59439893596297, 40.779446146245064], [-122.65369769396759, 40.779446146245064]]]}}, {"type": "Feature", "properties": {"grid_id": "06089_5km_0239", "county": "Shasta County", "county_short": "Shasta", "geoid": "06089", "grid_km": 5.0, "center_lat": 40.801904, "center_lon": -122.56475, "row_index": 11, "col_index": 8, "is_mock": 1, "shape_model": "county_boundary_clipped_grid", "month": "2020-08", "monthly_fire_probability_pct": 23.33, "risk_score": 0.4473, "risk_level": "medium", "mock_ndvi": 0.6898, "mock_avgtempF": 88.98, "mock_humid": 26.27, "mock_wind": 5.85, "county_avgtempF": 88.55, "county_humid": 28.45, "county_wind": 4.97, "county_precip": 0.0, "county_sunHour": 11.56}, "geometry": {"type": "Polygon", "coordinates": [[[-122.59439893596296, 40.779446146245064], [-122.59439893596296, 40.824361704994615], [-122.53510017795834, 40.824361704994615], [-122.53510017795834, 40.779446146245064], [-122.59439893596296, 40.779446146245064]]]}}, {"type": "Feature", "properties": {"grid_id": "06089_5km_0240", "county": "Shasta County", "county_short": "Shasta", "geoid": "06089", "grid_km": 5.0, "center_lat": 40.801904, "center_lon": -122.505451, "row_index": 11, "col_index": 9, "is_mock": 1, "shape_model": "county_boundary_clipped_grid", "month": "2020-08", "monthly_fire_probability_pct": 23.33, "risk_score": 0.4523, "risk_level": "medium", "mock_ndvi": 0.687, "mock_avgtempF": 89.1, "mock_humid": 25.77, "mock_wind": 5.99, "county_avgtempF": 88.55, "county_humid": 28.45, "county_wind": 4.97, "county_precip": 0.0, "county_sunHour": 11.56}, "geometry": {"type": "Polygon", "coordinates": [[[-122.53510017795833, 40.779446146245064], [-122.53510017795833, 40.824361704994615], [-122.47580141995371, 40.824361704994615], [-122.47580141995371, 40.779446146245064], [-122.53510017795833, 40.779446146245064]]]}}, {"type": "Feature", "properties": {"grid_id": "06089_5km_0241", "county": "Shasta County", "county_short": "Shasta", "geoid": "06089", "grid_km": 5.0, "center_lat": 40.801904, "center_lon": -122.446152, "row_index": 11, "col_index": 10, "is_mock": 1, "shape_model": "county_boundary_clipped_grid", "month": "2020-08", "monthly_fire_probability_pct": 23.33, "risk_score": 0.4578, "risk_level": "medium", "mock_ndvi": 0.6853, "mock_avgtempF": 89.25, "mock_humid": 25.22, "mock_wind": 6.11, "county_avgtempF": 88.55, "county_humid": 28.45, "county_wind": 4.97, "county_precip": 0.0, "county_sunHour": 11.56}, "geometry": {"type": "Polygon", "coordinates": [[[-122.4758014199537, 40.779446146245064], [-122.4758014199537, 40.824361704994615], [-122.41650266194908, 40.824361704994615], [-122.41650266194908, 40.779446146245064], [-122.4758014199537, 40.779446146245064]]]}}, {"type": "Feature", "properties": {"grid_id": "06089_5km_0242", "county": "Shasta County", "county_short": "Shasta", "geoid": "06089", "grid_km": 5.0, "center_lat": 40.801904, "center_lon": -122.386853, "row_index": 11, "col_index": 11, "is_mock": 1, "shape_model": "county_boundary_clipped_grid", "month": "2020-08", "monthly_fire_probability_pct": 23.33, "risk_score": 0.4635, "risk_level": "medium", "mock_ndvi": 0.6845, "mock_avgtempF": 89.42, "mock_humid": 24.63, "mock_wind": 6.2, "county_avgtempF": 88.55, "county_humid": 28.45, "county_wind": 4.97, "county_precip": 0.0, "county_sunHour": 11.56}, "geometry": {"type": "Polygon", "coordinates": [[[-122.41650266194907, 40.779446146245064], [-122.41650266194907, 40.824361704994615], [-122.35720390394445, 40.824361704994615], [-122.35720390394445, 40.779446146245064], [-122.41650266194907, 40.779446146245064]]]}}, {"type": "Feature", "properties": {"grid_id": "06089_5km_0243", "county": "Shasta County", "county_short": "Shasta", "geoid": "06089", "grid_km": 5.0, "center_lat": 40.801904, "center_lon": -122.327555, "row_index": 11, "col_index": 12, "is_mock": 1, "shape_model": "county_boundary_clipped_grid", "month": "2020-08", "monthly_fire_probability_pct": 23.33, "risk_score": 0.4694, "risk_level": "medium", "mock_ndvi": 0.6846, "mock_avgtempF": 89.61, "mock_humid": 24.02, "mock_wind": 6.26, "county_avgtempF": 88.55, "county_humid": 28.45, "county_wind": 4.97, "county_precip": 0.0, "county_sunHour": 11.56}, "geometry": {"type": "Polygon", "coordinates": [[[-122.35720390394444, 40.779446146245064], [-122.35720390394444, 40.824361704994615], [-122.29790514593982, 40.824361704994615], [-122.29790514593982, 40.779446146245064], [-122.35720390394444, 40.779446146245064]]]}}, {"type": "Feature", "properties": {"grid_id": "06089_5km_0244", "county": "Shasta County", "county_short": "Shasta", "geoid": "06089", "grid_km": 5.0, "center_lat": 40.801904, "center_lon": -122.268256, "row_index": 11, "col_index": 13, "is_mock": 1, "shape_model": "county_boundary_clipped_grid", "month": "2020-08", "monthly_fire_probability_pct": 23.33, "risk_score": 0.4752, "risk_level": "medium", "mock_ndvi": 0.6854, "mock_avgtempF": 89.81, "mock_humid": 23.41, "mock_wind": 6.31, "county_avgtempF": 88.55, "county_humid": 28.45, "county_wind": 4.97, "county_precip": 0.0, "county_sunHour": 11.56}, "geometry": {"type": "Polygon", "coordinates": [[[-122.29790514593981, 40.779446146245064], [-122.29790514593981, 40.824361704994615], [-122.23860638793519, 40.824361704994615], [-122.23860638793519, 40.779446146245064], [-122.29790514593981, 40.779446146245064]]]}}, {"type": "Feature", "properties": {"grid_id": "06089_5km_0245", "county": "Shasta County", "county_short": "Shasta", "geoid": "06089", "grid_km": 5.0, "center_lat": 40.801904, "center_lon": -122.208957, "row_index": 11, "col_index": 14, "is_mock": 1, "shape_model": "county_boundary_clipped_grid", "month": "2020-08", "monthly_fire_probability_pct": 23.33, "risk_score": 0.4807, "risk_level": "medium", "mock_ndvi": 0.6867, "mock_avgtempF": 90.01, "mock_humid": 22.83, "mock_wind": 6.46, "county_avgtempF": 88.55, "county_humid": 28.45, "county_wind": 4.97, "county_precip": 0.0, "county_sunHour": 11.56}, "geometry": {"type": "Polygon", "coordinates": [[[-122.23860638793518, 40.779446146245064], [-122.23860638793518, 40.824361704994615], [-122.17930762993056, 40.824361704994615], [-122.17930762993056, 40.779446146245064], [-122.23860638793518, 40.779446146245064]]]}}, {"type": "Feature", "properties": {"grid_id": "06089_5km_0246", "county": "Shasta County", "county_short": "Shasta", "geoid": "06089", "grid_km": 5.0, "center_lat": 40.801904, "center_lon": -122.149658, "row_index": 11, "col_index": 15, "is_mock": 1, "shape_model": "county_boundary_clipped_grid", "month": "2020-08", "monthly_fire_probability_pct": 23.33, "risk_score": 0.4856, "risk_level": "medium", "mock_ndvi": 0.6884, "mock_avgtempF": 90.19, "mock_humid": 22.31, "mock_wind": 6.59, "county_avgtempF": 88.55, "county_humid": 28.45, "county_wind": 4.97, "county_precip": 0.0, "county_sunHour": 11.56}, "geometry": {"type": "Polygon", "coordinates": [[[-122.17930762993055, 40.779446146245064], [-122.17930762993055, 40.824361704994615], [-122.12000887192593, 40.824361704994615], [-122.12000887192593, 40.779446146245064], [-122.17930762993055, 40.779446146245064]]]}}, {"type": "Feature", "properties": {"grid_id": "06089_5km_0247", "county": "Shasta County", "county_short": "Shasta", "geoid": "06089", "grid_km": 5.0, "center_lat": 40.801904, "center_lon": -122.090359, "row_index": 11, "col_index": 16, "is_mock": 1, "shape_model": "county_boundary_clipped_grid", "month": "2020-08", "monthly_fire_probability_pct": 23.33, "risk_score": 0.4895, "risk_level": "medium", "mock_ndvi": 0.6902, "mock_avgtempF": 90.34, "mock_humid": 21.9, "mock_wind": 6.7, "county_avgtempF": 88.55, "county_humid": 28.45, "county_wind": 4.97, "county_precip": 0.0, "county_sunHour": 11.56}, "geometry": {"type": "Polygon", "coordinates": [[[-122.12000887192592, 40.779446146245064], [-122.12000887192592, 40.824361704994615], [-122.0607101139213, 40.824361704994615], [-122.0607101139213, 40.779446146245064], [-122.12000887192592, 40.779446146245064]]]}}, {"type": "Feature", "properties": {"grid_id": "06089_5km_0248", "county": "Shasta County", "county_short": "Shasta", "geoid": "06089", "grid_km": 5.0, "center_lat": 40.801904, "center_lon": -122.031061, "row_index": 11, "col_index": 17, "is_mock": 1, "shape_model": "county_boundary_clipped_grid", "month": "2020-08", "monthly_fire_probability_pct": 23.33, "risk_score": 0.4916, "risk_level": "medium", "mock_ndvi": 0.6922, "mock_avgtempF": 90.44, "mock_humid": 21.66, "mock_wind": 6.76, "county_avgtempF": 88.55, "county_humid": 28.45, "county_wind": 4.97, "county_precip": 0.0, "county_sunHour": 11.56}, "geometry": {"type": "Polygon", "coordinates": [[[-122.06071011392129, 40.779446146245064], [-122.06071011392129, 40.824361704994615], [-122.00141135591667, 40.824361704994615], [-122.00141135591667, 40.779446146245064], [-122.06071011392129, 40.779446146245064]]]}}, {"type": "Feature", "properties": {"grid_id": "06089_5km_0249", "county": "Shasta County", "county_short": "Shasta", "geoid": "06089", "grid_km": 5.0, "center_lat": 40.801904, "center_lon": -121.971762, "row_index": 11, "col_index": 18, "is_mock": 1, "shape_model": "county_boundary_clipped_grid", "month": "2020-08", "monthly_fire_probability_pct": 23.33, "risk_score": 0.4918, "risk_level": "medium", "mock_ndvi": 0.6942, "mock_avgtempF": 90.47, "mock_humid": 21.62, "mock_wind": 6.76, "county_avgtempF": 88.55, "county_humid": 28.45, "county_wind": 4.97, "county_precip": 0.0, "county_sunHour": 11.56}, "geometry": {"type": "Polygon", "coordinates": [[[-122.00141135591666, 40.779446146245064], [-122.00141135591666, 40.824361704994615], [-121.94211259791204, 40.824361704994615], [-121.94211259791204, 40.779446146245064], [-122.00141135591666, 40.779446146245064]]]}}, {"type": "Feature", "properties": {"grid_id": "06089_5km_0250", "county": "Shasta County", "county_short": "Shasta", "geoid": "06089", "grid_km": 5.0, "center_lat": 40.801904, "center_lon": -121.912463, "row_index": 11, "col_index": 19, "is_mock": 1, "shape_model": "county_boundary_clipped_grid", "month": "2020-08", "monthly_fire_probability_pct": 23.33, "risk_score": 0.4903, "risk_level": "medium", "mock_ndvi": 0.696, "mock_avgtempF": 90.45, "mock_humid": 21.77, "mock_wind": 6.72, "county_avgtempF": 88.55, "county_humid": 28.45, "county_wind": 4.97, "county_precip": 0.0, "county_sunHour": 11.56}, "geometry": {"type": "Polygon", "coordinates": [[[-121.94211259791203, 40.779446146245064], [-121.94211259791203, 40.824361704994615], [-121.88281383990741, 40.824361704994615], [-121.88281383990741, 40.779446146245064], [-121.94211259791203, 40.779446146245064]]]}}, {"type": "Feature", "properties": {"grid_id": "06089_5km_0251", "county": "Shasta County", "county_short": "Shasta", "geoid": "06089", "grid_km": 5.0, "center_lat": 40.801904, "center_lon": -121.853164, "row_index": 11, "col_index": 20, "is_mock": 1, "shape_model": "county_boundary_clipped_grid", "month": "2020-08", "monthly_fire_probability_pct": 23.33, "risk_score": 0.4873, "risk_level": "medium", "mock_ndvi": 0.6972, "mock_avgtempF": 90.37, "mock_humid": 22.07, "mock_wind": 6.64, "county_avgtempF": 88.55, "county_humid": 28.45, "county_wind": 4.97, "county_precip": 0.0, "county_sunHour": 11.56}, "geometry": {"type": "Polygon", "coordinates": [[[-121.8828138399074, 40.779446146245064], [-121.8828138399074, 40.824361704994615], [-121.82351508190278, 40.824361704994615], [-121.82351508190278, 40.779446146245064], [-121.8828138399074, 40.779446146245064]]]}}, {"type": "Feature", "properties": {"grid_id": "06089_5km_0252", "county": "Shasta County", "county_short": "Shasta", "geoid": "06089", "grid_km": 5.0, "center_lat": 40.801904, "center_lon": -121.793866, "row_index": 11, "col_index": 21, "is_mock": 1, "shape_model": "county_boundary_clipped_grid", "month": "2020-08", "monthly_fire_probability_pct": 23.33, "risk_score": 0.4831, "risk_level": "medium", "mock_ndvi": 0.6979, "mock_avgtempF": 90.25, "mock_humid": 22.5, "mock_wind": 6.53, "county_avgtempF": 88.55, "county_humid": 28.45, "county_wind": 4.97, "county_precip": 0.0, "county_sunHour": 11.56}, "geometry": {"type": "Polygon", "coordinates": [[[-121.82351508190277, 40.779446146245064], [-121.82351508190277, 40.824361704994615], [-121.76421632389815, 40.824361704994615], [-121.76421632389815, 40.779446146245064], [-121.82351508190277, 40.779446146245064]]]}}, {"type": "Feature", "properties": {"grid_id": "06089_5km_0253", "county": "Shasta County", "county_short": "Shasta", "geoid": "06089", "grid_km": 5.0, "center_lat": 40.801904, "center_lon": -121.734567, "row_index": 11, "col_index": 22, "is_mock": 1, "shape_model": "county_boundary_clipped_grid", "month": "2020-08", "monthly_fire_probability_pct": 23.33, "risk_score": 0.4778, "risk_level": "medium", "mock_ndvi": 0.6981, "mock_avgtempF": 90.08, "mock_humid": 23.05, "mock_wind": 6.39, "county_avgtempF": 88.55, "county_humid": 28.45, "county_wind": 4.97, "county_precip": 0.0, "county_sunHour": 11.56}, "geometry": {"type": "Polygon", "coordinates": [[[-121.76421632389814, 40.779446146245064], [-121.76421632389814, 40.824361704994615], [-121.70491756589352, 40.824361704994615], [-121.70491756589352, 40.779446146245064], [-121.76421632389814, 40.779446146245064]]]}}, {"type": "Feature", "properties": {"grid_id": "06089_5km_0254", "county": "Shasta County", "county_short": "Shasta", "geoid": "06089", "grid_km": 5.0, "center_lat": 40.801904, "center_lon": -121.675268, "row_index": 11, "col_index": 23, "is_mock": 1, "shape_model": "county_boundary_clipped_grid", "month": "2020-08", "monthly_fire_probability_pct": 23.33, "risk_score": 0.4715, "risk_level": "medium", "mock_ndvi": 0.6978, "mock_avgtempF": 89.87, "mock_humid": 23.7, "mock_wind": 6.22, "county_avgtempF": 88.55, "county_humid": 28.45, "county_wind": 4.97, "county_precip": 0.0, "county_sunHour": 11.56}, "geometry": {"type": "Polygon", "coordinates": [[[-121.70491756589351, 40.779446146245064], [-121.70491756589351, 40.824361704994615], [-121.6456188078889, 40.824361704994615], [-121.6456188078889, 40.779446146245064], [-121.70491756589351, 40.779446146245064]]]}}, {"type": "Feature", "properties": {"grid_id": "06089_5km_0255", "county": "Shasta County", "county_short": "Shasta", "geoid": "06089", "grid_km": 5.0, "center_lat": 40.801904, "center_lon": -121.615969, "row_index": 11, "col_index": 24, "is_mock": 1, "shape_model": "county_boundary_clipped_grid", "month": "2020-08", "monthly_fire_probability_pct": 23.33, "risk_score": 0.4646, "risk_level": "medium", "mock_ndvi": 0.6974, "mock_avgtempF": 89.64, "mock_humid": 24.42, "mock_wind": 6.03, "county_avgtempF": 88.55, "county_humid": 28.45, "county_wind": 4.97, "county_precip": 0.0, "county_sunHour": 11.56}, "geometry": {"type": "Polygon", "coordinates": [[[-121.64561880788888, 40.779446146245064], [-121.64561880788888, 40.824361704994615], [-121.58632004988426, 40.824361704994615], [-121.58632004988426, 40.779446146245064], [-121.64561880788888, 40.779446146245064]]]}}, {"type": "Feature", "properties": {"grid_id": "06089_5km_0256", "county": "Shasta County", "county_short": "Shasta", "geoid": "06089", "grid_km": 5.0, "center_lat": 40.801904, "center_lon": -121.556671, "row_index": 11, "col_index": 25, "is_mock": 1, "shape_model": "county_boundary_clipped_grid", "month": "2020-08", "monthly_fire_probability_pct": 23.33, "risk_score": 0.4572, "risk_level": "medium", "mock_ndvi": 0.6969, "mock_avgtempF": 89.4, "mock_humid": 25.19, "mock_wind": 5.83, "county_avgtempF": 88.55, "county_humid": 28.45, "county_wind": 4.97, "county_precip": 0.0, "county_sunHour": 11.56}, "geometry": {"type": "Polygon", "coordinates": [[[-121.58632004988425, 40.779446146245064], [-121.58632004988425, 40.824361704994615], [-121.52702129187963, 40.824361704994615], [-121.52702129187963, 40.779446146245064], [-121.58632004988425, 40.779446146245064]]]}}, {"type": "Feature", "properties": {"grid_id": "06089_5km_0257", "county": "Shasta County", "county_short": "Shasta", "geoid": "06089", "grid_km": 5.0, "center_lat": 40.801904, "center_lon": -121.497372, "row_index": 11, "col_index": 26, "is_mock": 1, "shape_model": "county_boundary_clipped_grid", "month": "2020-08", "monthly_fire_probability_pct": 23.33, "risk_score": 0.4496, "risk_level": "medium", "mock_ndvi": 0.6968, "mock_avgtempF": 89.15, "mock_humid": 25.98, "mock_wind": 5.66, "county_avgtempF": 88.55, "county_humid": 28.45, "county_wind": 4.97, "county_precip": 0.0, "county_sunHour": 11.56}, "geometry": {"type": "Polygon", "coordinates": [[[-121.52702129187962, 40.779446146245064], [-121.52702129187962, 40.824361704994615], [-121.467722533875, 40.824361704994615], [-121.467722533875, 40.779446146245064], [-121.52702129187962, 40.779446146245064]]]}}, {"type": "Feature", "properties": {"grid_id": "06089_5km_0258", "county": "Shasta County", "county_short": "Shasta", "geoid": "06089", "grid_km": 5.0, "center_lat": 40.801904, "center_lon": -121.438073, "row_index": 11, "col_index": 27, "is_mock": 1, "shape_model": "county_boundary_clipped_grid", "month": "2020-08", "monthly_fire_probability_pct": 23.33, "risk_score": 0.4419, "risk_level": "medium", "mock_ndvi": 0.6971, "mock_avgtempF": 88.91, "mock_humid": 26.77, "mock_wind": 5.57, "county_avgtempF": 88.55, "county_humid": 28.45, "county_wind": 4.97, "county_precip": 0.0, "county_sunHour": 11.56}, "geometry": {"type": "Polygon", "coordinates": [[[-121.46772253387499, 40.779446146245064], [-121.46772253387499, 40.824361704994615], [-121.40842377587038, 40.824361704994615], [-121.40842377587038, 40.779446146245064], [-121.46772253387499, 40.779446146245064]]]}}, {"type": "Feature", "properties": {"grid_id": "06089_5km_0259", "county": "Shasta County", "county_short": "Shasta", "geoid": "06089", "grid_km": 5.0, "center_lat": 40.801904, "center_lon": -121.378774, "row_index": 11, "col_index": 28, "is_mock": 1, "shape_model": "county_boundary_clipped_grid", "month": "2020-08", "monthly_fire_probability_pct": 23.33, "risk_score": 0.4344, "risk_level": "medium", "mock_ndvi": 0.6981, "mock_avgtempF": 88.68, "mock_humid": 27.54, "mock_wind": 5.45, "county_avgtempF": 88.55, "county_humid": 28.45, "county_wind": 4.97, "county_precip": 0.0, "county_sunHour": 11.56}, "geometry": {"type": "Polygon", "coordinates": [[[-121.40842377587036, 40.779446146245064], [-121.40842377587036, 40.824361704994615], [-121.34912501786575, 40.824361704994615], [-121.34912501786575, 40.779446146245064], [-121.40842377587036, 40.779446146245064]]]}}, {"type": "Feature", "properties": {"grid_id": "06089_5km_0260", "county": "Shasta County", "county_short": "Shasta", "geoid": "06089", "grid_km": 5.0, "center_lat": 40.833712, "center_lon": -122.657213, "row_index": 12, "col_index": 6, "is_mock": 1, "shape_model": "county_boundary_clipped_grid", "month": "2020-08", "monthly_fire_probability_pct": 23.33, "risk_score": 0.4369, "risk_level": "medium", "mock_ndvi": 0.6941, "mock_avgtempF": 88.71, "mock_humid": 27.31, "mock_wind": 5.6, "county_avgtempF": 88.55, "county_humid": 28.45, "county_wind": 4.97, "county_precip": 0.0, "county_sunHour": 11.56}, "geometry": {"type": "Polygon", "coordinates": [[[-122.666058, 40.825875], [-122.6554, 40.841548], [-122.6536976939676, 40.84192698965031], [-122.6536976939676, 40.824361704994615], [-122.66508880003289, 40.824361704994615], [-122.666058, 40.825875]]]}}, {"type": "Feature", "properties": {"grid_id": "06089_5km_0261", "county": "Shasta County", "county_short": "Shasta", "geoid": "06089", "grid_km": 5.0, "center_lat": 40.853164, "center_lon": -122.615723, "row_index": 12, "col_index": 7, "is_mock": 1, "shape_model": "county_boundary_clipped_grid", "month": "2020-08", "monthly_fire_probability_pct": 23.33, "risk_score": 0.4377, "risk_level": "medium", "mock_ndvi": 0.6898, "mock_avgtempF": 88.67, "mock_humid": 27.26, "mock_wind": 5.74, "county_avgtempF": 88.55, "county_humid": 28.45, "county_wind": 4.97, "county_precip": 0.0, "county_sunHour": 11.56}, "geometry": {"type": "Polygon", "coordinates": [[[-122.639715, 40.84504], [-122.63438, 40.861289], [-122.626426, 40.867094], [-122.6263843971636, 40.869277263744166], [-122.59439893596297, 40.869277263744166], [-122.59439893596297, 40.824361704994615], [-122.65369769396759, 40.824361704994615], [-122.65369769396759, 40.84192698965032], [-122.639715, 40.84504]]]}}, {"type": "Feature", "properties": {"grid_id": "06089_5km_0262", "county": "Shasta County", "county_short": "Shasta", "geoid": "06089", "grid_km": 5.0, "center_lat": 40.846819, "center_lon": -122.56475, "row_index": 12, "col_index": 8, "is_mock": 1, "shape_model": "county_boundary_clipped_grid", "month": "2020-08", "monthly_fire_probability_pct": 23.33, "risk_score": 0.4425, "risk_level": "medium", "mock_ndvi": 0.687, "mock_avgtempF": 88.78, "mock_humid": 26.79, "mock_wind": 5.88, "county_avgtempF": 88.55, "county_humid": 28.45, "county_wind": 4.97, "county_precip": 0.0, "county_sunHour": 11.56}, "geometry": {"type": "Polygon", "coordinates": [[[-122.59439893596296, 40.824361704994615], [-122.59439893596296, 40.869277263744166], [-122.53510017795834, 40.869277263744166], [-122.53510017795834, 40.824361704994615], [-122.59439893596296, 40.824361704994615]]]}}, {"type": "Feature", "properties": {"grid_id": "06089_5km_0263", "county": "Shasta County", "county_short": "Shasta", "geoid": "06089", "grid_km": 5.0, "center_lat": 40.846819, "center_lon": -122.505451, "row_index": 12, "col_index": 9, "is_mock": 1, "shape_model": "county_boundary_clipped_grid", "month": "2020-08", "monthly_fire_probability_pct": 23.33, "risk_score": 0.4474, "risk_level": "medium", "mock_ndvi": 0.6843, "mock_avgtempF": 88.9, "mock_humid": 26.29, "mock_wind": 6.03, "county_avgtempF": 88.55, "county_humid": 28.45, "county_wind": 4.97, "county_precip": 0.0, "county_sunHour": 11.56}, "geometry": {"type": "Polygon", "coordinates": [[[-122.53510017795833, 40.824361704994615], [-122.53510017795833, 40.869277263744166], [-122.47580141995371, 40.869277263744166], [-122.47580141995371, 40.824361704994615], [-122.53510017795833, 40.824361704994615]]]}}, {"type": "Feature", "properties": {"grid_id": "06089_5km_0264", "county": "Shasta County", "county_short": "Shasta", "geoid": "06089", "grid_km": 5.0, "center_lat": 40.846819, "center_lon": -122.446152, "row_index": 12, "col_index": 10, "is_mock": 1, "shape_model": "county_boundary_clipped_grid", "month": "2020-08", "monthly_fire_probability_pct": 23.33, "risk_score": 0.4527, "risk_level": "medium", "mock_ndvi": 0.6826, "mock_avgtempF": 89.05, "mock_humid": 25.76, "mock_wind": 6.14, "county_avgtempF": 88.55, "county_humid": 28.45, "county_wind": 4.97, "county_precip": 0.0, "county_sunHour": 11.56}, "geometry": {"type": "Polygon", "coordinates": [[[-122.4758014199537, 40.824361704994615], [-122.4758014199537, 40.869277263744166], [-122.41650266194908, 40.869277263744166], [-122.41650266194908, 40.824361704994615], [-122.4758014199537, 40.824361704994615]]]}}, {"type": "Feature", "properties": {"grid_id": "06089_5km_0265", "county": "Shasta County", "county_short": "Shasta", "geoid": "06089", "grid_km": 5.0, "center_lat": 40.846819, "center_lon": -122.386853, "row_index": 12, "col_index": 11, "is_mock": 1, "shape_model": "county_boundary_clipped_grid", "month": "2020-08", "monthly_fire_probability_pct": 23.33, "risk_score": 0.4583, "risk_level": "medium", "mock_ndvi": 0.6819, "mock_avgtempF": 89.22, "mock_humid": 25.18, "mock_wind": 6.22, "county_avgtempF": 88.55, "county_humid": 28.45, "county_wind": 4.97, "county_precip": 0.0, "county_sunHour": 11.56}, "geometry": {"type": "Polygon", "coordinates": [[[-122.41650266194907, 40.824361704994615], [-122.41650266194907, 40.869277263744166], [-122.35720390394445, 40.869277263744166], [-122.35720390394445, 40.824361704994615], [-122.41650266194907, 40.824361704994615]]]}}, {"type": "Feature", "properties": {"grid_id": "06089_5km_0266", "county": "Shasta County", "county_short": "Shasta", "geoid": "06089", "grid_km": 5.0, "center_lat": 40.846819, "center_lon": -122.327555, "row_index": 12, "col_index": 12, "is_mock": 1, "shape_model": "county_boundary_clipped_grid", "month": "2020-08", "monthly_fire_probability_pct": 23.33, "risk_score": 0.464, "risk_level": "medium", "mock_ndvi": 0.6821, "mock_avgtempF": 89.41, "mock_humid": 24.59, "mock_wind": 6.28, "county_avgtempF": 88.55, "county_humid": 28.45, "county_wind": 4.97, "county_precip": 0.0, "county_sunHour": 11.56}, "geometry": {"type": "Polygon", "coordinates": [[[-122.35720390394444, 40.824361704994615], [-122.35720390394444, 40.869277263744166], [-122.29790514593982, 40.869277263744166], [-122.29790514593982, 40.824361704994615], [-122.35720390394444, 40.824361704994615]]]}}, {"type": "Feature", "properties": {"grid_id": "06089_5km_0267", "county": "Shasta County", "county_short": "Shasta", "geoid": "06089", "grid_km": 5.0, "center_lat": 40.846819, "center_lon": -122.268256, "row_index": 12, "col_index": 13, "is_mock": 1, "shape_model": "county_boundary_clipped_grid", "month": "2020-08", "monthly_fire_probability_pct": 23.33, "risk_score": 0.4696, "risk_level": "medium", "mock_ndvi": 0.683, "mock_avgtempF": 89.6, "mock_humid": 24.01, "mock_wind": 6.31, "county_avgtempF": 88.55, "county_humid": 28.45, "county_wind": 4.97, "county_precip": 0.0, "county_sunHour": 11.56}, "geometry": {"type": "Polygon", "coordinates": [[[-122.29790514593981, 40.824361704994615], [-122.29790514593981, 40.869277263744166], [-122.23860638793519, 40.869277263744166], [-122.23860638793519, 40.824361704994615], [-122.29790514593981, 40.824361704994615]]]}}, {"type": "Feature", "properties": {"grid_id": "06089_5km_0268", "county": "Shasta County", "county_short": "Shasta", "geoid": "06089", "grid_km": 5.0, "center_lat": 40.846819, "center_lon": -122.208957, "row_index": 12, "col_index": 14, "is_mock": 1, "shape_model": "county_boundary_clipped_grid", "month": "2020-08", "monthly_fire_probability_pct": 23.33, "risk_score": 0.4748, "risk_level": "medium", "mock_ndvi": 0.6845, "mock_avgtempF": 89.79, "mock_humid": 23.46, "mock_wind": 6.33, "county_avgtempF": 88.55, "county_humid": 28.45, "county_wind": 4.97, "county_precip": 0.0, "county_sunHour": 11.56}, "geometry": {"type": "Polygon", "coordinates": [[[-122.23860638793518, 40.824361704994615], [-122.23860638793518, 40.869277263744166], [-122.17930762993056, 40.869277263744166], [-122.17930762993056, 40.824361704994615], [-122.23860638793518, 40.824361704994615]]]}}, {"type": "Feature", "properties": {"grid_id": "06089_5km_0269", "county": "Shasta County", "county_short": "Shasta", "geoid": "06089", "grid_km": 5.0, "center_lat": 40.846819, "center_lon": -122.149658, "row_index": 12, "col_index": 15, "is_mock": 1, "shape_model": "county_boundary_clipped_grid", "month": "2020-08", "monthly_fire_probability_pct": 23.33, "risk_score": 0.4793, "risk_level": "medium", "mock_ndvi": 0.6863, "mock_avgtempF": 89.96, "mock_humid": 22.97, "mock_wind": 6.42, "county_avgtempF": 88.55, "county_humid": 28.45, "county_wind": 4.97, "county_precip": 0.0, "county_sunHour": 11.56}, "geometry": {"type": "Polygon", "coordinates": [[[-122.17930762993055, 40.824361704994615], [-122.17930762993055, 40.869277263744166], [-122.12000887192593, 40.869277263744166], [-122.12000887192593, 40.824361704994615], [-122.17930762993055, 40.824361704994615]]]}}, {"type": "Feature", "properties": {"grid_id": "06089_5km_0270", "county": "Shasta County", "county_short": "Shasta", "geoid": "06089", "grid_km": 5.0, "center_lat": 40.846819, "center_lon": -122.090359, "row_index": 12, "col_index": 16, "is_mock": 1, "shape_model": "county_boundary_clipped_grid", "month": "2020-08", "monthly_fire_probability_pct": 23.33, "risk_score": 0.4828, "risk_level": "medium", "mock_ndvi": 0.6883, "mock_avgtempF": 90.1, "mock_humid": 22.6, "mock_wind": 6.52, "county_avgtempF": 88.55, "county_humid": 28.45, "county_wind": 4.97, "county_precip": 0.0, "county_sunHour": 11.56}, "geometry": {"type": "Polygon", "coordinates": [[[-122.12000887192592, 40.824361704994615], [-122.12000887192592, 40.869277263744166], [-122.0607101139213, 40.869277263744166], [-122.0607101139213, 40.824361704994615], [-122.12000887192592, 40.824361704994615]]]}}, {"type": "Feature", "properties": {"grid_id": "06089_5km_0271", "county": "Shasta County", "county_short": "Shasta", "geoid": "06089", "grid_km": 5.0, "center_lat": 40.846819, "center_lon": -122.031061, "row_index": 12, "col_index": 17, "is_mock": 1, "shape_model": "county_boundary_clipped_grid", "month": "2020-08", "monthly_fire_probability_pct": 23.33, "risk_score": 0.4849, "risk_level": "medium", "mock_ndvi": 0.6903, "mock_avgtempF": 90.2, "mock_humid": 22.37, "mock_wind": 6.57, "county_avgtempF": 88.55, "county_humid": 28.45, "county_wind": 4.97, "county_precip": 0.0, "county_sunHour": 11.56}, "geometry": {"type": "Polygon", "coordinates": [[[-122.06071011392129, 40.824361704994615], [-122.06071011392129, 40.869277263744166], [-122.00141135591667, 40.869277263744166], [-122.00141135591667, 40.824361704994615], [-122.06071011392129, 40.824361704994615]]]}}, {"type": "Feature", "properties": {"grid_id": "06089_5km_0272", "county": "Shasta County", "county_short": "Shasta", "geoid": "06089", "grid_km": 5.0, "center_lat": 40.846819, "center_lon": -121.971762, "row_index": 12, "col_index": 18, "is_mock": 1, "shape_model": "county_boundary_clipped_grid", "month": "2020-08", "monthly_fire_probability_pct": 23.33, "risk_score": 0.4853, "risk_level": "medium", "mock_ndvi": 0.6922, "mock_avgtempF": 90.24, "mock_humid": 22.31, "mock_wind": 6.59, "county_avgtempF": 88.55, "county_humid": 28.45, "county_wind": 4.97, "county_precip": 0.0, "county_sunHour": 11.56}, "geometry": {"type": "Polygon", "coordinates": [[[-122.00141135591666, 40.824361704994615], [-122.00141135591666, 40.869277263744166], [-121.94211259791204, 40.869277263744166], [-121.94211259791204, 40.824361704994615], [-122.00141135591666, 40.824361704994615]]]}}, {"type": "Feature", "properties": {"grid_id": "06089_5km_0273", "county": "Shasta County", "county_short": "Shasta", "geoid": "06089", "grid_km": 5.0, "center_lat": 40.846819, "center_lon": -121.912463, "row_index": 12, "col_index": 19, "is_mock": 1, "shape_model": "county_boundary_clipped_grid", "month": "2020-08", "monthly_fire_probability_pct": 23.33, "risk_score": 0.4842, "risk_level": "medium", "mock_ndvi": 0.6938, "mock_avgtempF": 90.22, "mock_humid": 22.42, "mock_wind": 6.56, "county_avgtempF": 88.55, "county_humid": 28.45, "county_wind": 4.97, "county_precip": 0.0, "county_sunHour": 11.56}, "geometry": {"type": "Polygon", "coordinates": [[[-121.94211259791203, 40.824361704994615], [-121.94211259791203, 40.869277263744166], [-121.88281383990741, 40.869277263744166], [-121.88281383990741, 40.824361704994615], [-121.94211259791203, 40.824361704994615]]]}}, {"type": "Feature", "properties": {"grid_id": "06089_5km_0274", "county": "Shasta County", "county_short": "Shasta", "geoid": "06089", "grid_km": 5.0, "center_lat": 40.846819, "center_lon": -121.853164, "row_index": 12, "col_index": 20, "is_mock": 1, "shape_model": "county_boundary_clipped_grid", "month": "2020-08", "monthly_fire_probability_pct": 23.33, "risk_score": 0.4815, "risk_level": "medium", "mock_ndvi": 0.6949, "mock_avgtempF": 90.15, "mock_humid": 22.68, "mock_wind": 6.49, "county_avgtempF": 88.55, "county_humid": 28.45, "county_wind": 4.97, "county_precip": 0.0, "county_sunHour": 11.56}, "geometry": {"type": "Polygon", "coordinates": [[[-121.8828138399074, 40.824361704994615], [-121.8828138399074, 40.869277263744166], [-121.82351508190278, 40.869277263744166], [-121.82351508190278, 40.824361704994615], [-121.8828138399074, 40.824361704994615]]]}}, {"type": "Feature", "properties": {"grid_id": "06089_5km_0275", "county": "Shasta County", "county_short": "Shasta", "geoid": "06089", "grid_km": 5.0, "center_lat": 40.846819, "center_lon": -121.793866, "row_index": 12, "col_index": 21, "is_mock": 1, "shape_model": "county_boundary_clipped_grid", "month": "2020-08", "monthly_fire_probability_pct": 23.33, "risk_score": 0.4776, "risk_level": "medium", "mock_ndvi": 0.6954, "mock_avgtempF": 90.03, "mock_humid": 23.09, "mock_wind": 6.38, "county_avgtempF": 88.55, "county_humid": 28.45, "county_wind": 4.97, "county_precip": 0.0, "county_sunHour": 11.56}, "geometry": {"type": "Polygon", "coordinates": [[[-121.82351508190277, 40.824361704994615], [-121.82351508190277, 40.869277263744166], [-121.76421632389815, 40.869277263744166], [-121.76421632389815, 40.824361704994615], [-121.82351508190277, 40.824361704994615]]]}}, {"type": "Feature", "properties": {"grid_id": "06089_5km_0276", "county": "Shasta County", "county_short": "Shasta", "geoid": "06089", "grid_km": 5.0, "center_lat": 40.846819, "center_lon": -121.734567, "row_index": 12, "col_index": 22, "is_mock": 1, "shape_model": "county_boundary_clipped_grid", "month": "2020-08", "monthly_fire_probability_pct": 23.33, "risk_score": 0.4725, "risk_level": "medium", "mock_ndvi": 0.6955, "mock_avgtempF": 89.87, "mock_humid": 23.62, "mock_wind": 6.24, "county_avgtempF": 88.55, "county_humid": 28.45, "county_wind": 4.97, "county_precip": 0.0, "county_sunHour": 11.56}, "geometry": {"type": "Polygon", "coordinates": [[[-121.76421632389814, 40.824361704994615], [-121.76421632389814, 40.869277263744166], [-121.70491756589352, 40.869277263744166], [-121.70491756589352, 40.824361704994615], [-121.76421632389814, 40.824361704994615]]]}}, {"type": "Feature", "properties": {"grid_id": "06089_5km_0277", "county": "Shasta County", "county_short": "Shasta", "geoid": "06089", "grid_km": 5.0, "center_lat": 40.846819, "center_lon": -121.675268, "row_index": 12, "col_index": 23, "is_mock": 1, "shape_model": "county_boundary_clipped_grid", "month": "2020-08", "monthly_fire_probability_pct": 23.33, "risk_score": 0.4664, "risk_level": "medium", "mock_ndvi": 0.6952, "mock_avgtempF": 89.67, "mock_humid": 24.25, "mock_wind": 6.08, "county_avgtempF": 88.55, "county_humid": 28.45, "county_wind": 4.97, "county_precip": 0.0, "county_sunHour": 11.56}, "geometry": {"type": "Polygon", "coordinates": [[[-121.70491756589351, 40.824361704994615], [-121.70491756589351, 40.869277263744166], [-121.6456188078889, 40.869277263744166], [-121.6456188078889, 40.824361704994615], [-121.70491756589351, 40.824361704994615]]]}}, {"type": "Feature", "properties": {"grid_id": "06089_5km_0278", "county": "Shasta County", "county_short": "Shasta", "geoid": "06089", "grid_km": 5.0, "center_lat": 40.846819, "center_lon": -121.615969, "row_index": 12, "col_index": 24, "is_mock": 1, "shape_model": "county_boundary_clipped_grid", "month": "2020-08", "monthly_fire_probability_pct": 23.33, "risk_score": 0.4597, "risk_level": "medium", "mock_ndvi": 0.6946, "mock_avgtempF": 89.45, "mock_humid": 24.95, "mock_wind": 5.9, "county_avgtempF": 88.55, "county_humid": 28.45, "county_wind": 4.97, "county_precip": 0.0, "county_sunHour": 11.56}, "geometry": {"type": "Polygon", "coordinates": [[[-121.64561880788888, 40.824361704994615], [-121.64561880788888, 40.869277263744166], [-121.58632004988426, 40.869277263744166], [-121.58632004988426, 40.824361704994615], [-121.64561880788888, 40.824361704994615]]]}}, {"type": "Feature", "properties": {"grid_id": "06089_5km_0279", "county": "Shasta County", "county_short": "Shasta", "geoid": "06089", "grid_km": 5.0, "center_lat": 40.846819, "center_lon": -121.556671, "row_index": 12, "col_index": 25, "is_mock": 1, "shape_model": "county_boundary_clipped_grid", "month": "2020-08", "monthly_fire_probability_pct": 23.33, "risk_score": 0.4524, "risk_level": "medium", "mock_ndvi": 0.6941, "mock_avgtempF": 89.2, "mock_humid": 25.71, "mock_wind": 5.77, "county_avgtempF": 88.55, "county_humid": 28.45, "county_wind": 4.97, "county_precip": 0.0, "county_sunHour": 11.56}, "geometry": {"type": "Polygon", "coordinates": [[[-121.58632004988425, 40.824361704994615], [-121.58632004988425, 40.869277263744166], [-121.52702129187963, 40.869277263744166], [-121.52702129187963, 40.824361704994615], [-121.58632004988425, 40.824361704994615]]]}}, {"type": "Feature", "properties": {"grid_id": "06089_5km_0280", "county": "Shasta County", "county_short": "Shasta", "geoid": "06089", "grid_km": 5.0, "center_lat": 40.846819, "center_lon": -121.497372, "row_index": 12, "col_index": 26, "is_mock": 1, "shape_model": "county_boundary_clipped_grid", "month": "2020-08", "monthly_fire_probability_pct": 23.33, "risk_score": 0.4448, "risk_level": "medium", "mock_ndvi": 0.6939, "mock_avgtempF": 88.96, "mock_humid": 26.49, "mock_wind": 5.7, "county_avgtempF": 88.55, "county_humid": 28.45, "county_wind": 4.97, "county_precip": 0.0, "county_sunHour": 11.56}, "geometry": {"type": "Polygon", "coordinates": [[[-121.52702129187962, 40.824361704994615], [-121.52702129187962, 40.869277263744166], [-121.467722533875, 40.869277263744166], [-121.467722533875, 40.824361704994615], [-121.52702129187962, 40.824361704994615]]]}}, {"type": "Feature", "properties": {"grid_id": "06089_5km_0281", "county": "Shasta County", "county_short": "Shasta", "geoid": "06089", "grid_km": 5.0, "center_lat": 40.846819, "center_lon": -121.438073, "row_index": 12, "col_index": 27, "is_mock": 1, "shape_model": "county_boundary_clipped_grid", "month": "2020-08", "monthly_fire_probability_pct": 23.33, "risk_score": 0.4372, "risk_level": "medium", "mock_ndvi": 0.6942, "mock_avgtempF": 88.72, "mock_humid": 27.28, "mock_wind": 5.6, "county_avgtempF": 88.55, "county_humid": 28.45, "county_wind": 4.97, "county_precip": 0.0, "county_sunHour": 11.56}, "geometry": {"type": "Polygon", "coordinates": [[[-121.46772253387499, 40.824361704994615], [-121.46772253387499, 40.869277263744166], [-121.40842377587038, 40.869277263744166], [-121.40842377587038, 40.824361704994615], [-121.46772253387499, 40.824361704994615]]]}}, {"type": "Feature", "properties": {"grid_id": "06089_5km_0282", "county": "Shasta County", "county_short": "Shasta", "geoid": "06089", "grid_km": 5.0, "center_lat": 40.846819, "center_lon": -121.378774, "row_index": 12, "col_index": 28, "is_mock": 1, "shape_model": "county_boundary_clipped_grid", "month": "2020-08", "monthly_fire_probability_pct": 23.33, "risk_score": 0.4298, "risk_level": "medium", "mock_ndvi": 0.6952, "mock_avgtempF": 88.49, "mock_humid": 28.04, "mock_wind": 5.49, "county_avgtempF": 88.55, "county_humid": 28.45, "county_wind": 4.97, "county_precip": 0.0, "county_sunHour": 11.56}, "geometry": {"type": "Polygon", "coordinates": [[[-121.40842377587036, 40.824361704994615], [-121.40842377587036, 40.869277263744166], [-121.34912501786575, 40.869277263744166], [-121.34912501786575, 40.824361704994615], [-121.40842377587036, 40.824361704994615]]]}}, {"type": "Feature", "properties": {"grid_id": "06089_5km_0283", "county": "Shasta County", "county_short": "Shasta", "geoid": "06089", "grid_km": 5.0, "center_lat": 40.895934, "center_lon": -122.598857, "row_index": 13, "col_index": 7, "is_mock": 1, "shape_model": "county_boundary_clipped_grid", "month": "2020-08", "monthly_fire_probability_pct": 23.33, "risk_score": 0.4333, "risk_level": "medium", "mock_ndvi": 0.6867, "mock_avgtempF": 88.48, "mock_humid": 27.74, "mock_wind": 5.79, "county_avgtempF": 88.55, "county_humid": 28.45, "county_wind": 4.97, "county_precip": 0.0, "county_sunHour": 11.56}, "geometry": {"type": "Polygon", "coordinates": [[[-122.626238, 40.87696], [-122.61527, 40.881068], [-122.605457, 40.890643], [-122.601173, 40.901226], [-122.60867236914093, 40.91419282249372], [-122.59439893596297, 40.91419282249372], [-122.59439893596297, 40.869277263744166], [-122.6263843971636, 40.869277263744166], [-122.626238, 40.87696]]]}}, {"type": "Feature", "properties": {"grid_id": "06089_5km_0284", "county": "Shasta County", "county_short": "Shasta", "geoid": "06089", "grid_km": 5.0, "center_lat": 40.891735, "center_lon": -122.56475, "row_index": 13, "col_index": 8, "is_mock": 1, "shape_model": "county_boundary_clipped_grid", "month": "2020-08", "monthly_fire_probability_pct": 23.33, "risk_score": 0.4365, "risk_level": "medium", "mock_ndvi": 0.6848, "mock_avgtempF": 88.56, "mock_humid": 27.42, "mock_wind": 5.88, "county_avgtempF": 88.55, "county_humid": 28.45, "county_wind": 4.97, "county_precip": 0.0, "county_sunHour": 11.56}, "geometry": {"type": "Polygon", "coordinates": [[[-122.59439893596296, 40.869277263744166], [-122.59439893596296, 40.91419282249372], [-122.53510017795834, 40.91419282249372], [-122.53510017795834, 40.869277263744166], [-122.59439893596296, 40.869277263744166]]]}}, {"type": "Feature", "properties": {"grid_id": "06089_5km_0285", "county": "Shasta County", "county_short": "Shasta", "geoid": "06089", "grid_km": 5.0, "center_lat": 40.891735, "center_lon": -122.505451, "row_index": 13, "col_index": 9, "is_mock": 1, "shape_model": "county_boundary_clipped_grid", "month": "2020-08", "monthly_fire_probability_pct": 23.33, "risk_score": 0.4413, "risk_level": "medium", "mock_ndvi": 0.6822, "mock_avgtempF": 88.68, "mock_humid": 26.94, "mock_wind": 6.02, "county_avgtempF": 88.55, "county_humid": 28.45, "county_wind": 4.97, "county_precip": 0.0, "county_sunHour": 11.56}, "geometry": {"type": "Polygon", "coordinates": [[[-122.53510017795833, 40.869277263744166], [-122.53510017795833, 40.91419282249372], [-122.47580141995371, 40.91419282249372], [-122.47580141995371, 40.869277263744166], [-122.53510017795833, 40.869277263744166]]]}}, {"type": "Feature", "properties": {"grid_id": "06089_5km_0286", "county": "Shasta County", "county_short": "Shasta", "geoid": "06089", "grid_km": 5.0, "center_lat": 40.891735, "center_lon": -122.446152, "row_index": 13, "col_index": 10, "is_mock": 1, "shape_model": "county_boundary_clipped_grid", "month": "2020-08", "monthly_fire_probability_pct": 23.33, "risk_score": 0.4464, "risk_level": "medium", "mock_ndvi": 0.6806, "mock_avgtempF": 88.82, "mock_humid": 26.42, "mock_wind": 6.13, "county_avgtempF": 88.55, "county_humid": 28.45, "county_wind": 4.97, "county_precip": 0.0, "county_sunHour": 11.56}, "geometry": {"type": "Polygon", "coordinates": [[[-122.4758014199537, 40.869277263744166], [-122.4758014199537, 40.91419282249372], [-122.41650266194908, 40.91419282249372], [-122.41650266194908, 40.869277263744166], [-122.4758014199537, 40.869277263744166]]]}}, {"type": "Feature", "properties": {"grid_id": "06089_5km_0287", "county": "Shasta County", "county_short": "Shasta", "geoid": "06089", "grid_km": 5.0, "center_lat": 40.891735, "center_lon": -122.386853, "row_index": 13, "col_index": 11, "is_mock": 1, "shape_model": "county_boundary_clipped_grid", "month": "2020-08", "monthly_fire_probability_pct": 23.33, "risk_score": 0.4518, "risk_level": "medium", "mock_ndvi": 0.68, "mock_avgtempF": 88.98, "mock_humid": 25.87, "mock_wind": 6.21, "county_avgtempF": 88.55, "county_humid": 28.45, "county_wind": 4.97, "county_precip": 0.0, "county_sunHour": 11.56}, "geometry": {"type": "Polygon", "coordinates": [[[-122.41650266194907, 40.869277263744166], [-122.41650266194907, 40.91419282249372], [-122.35720390394445, 40.91419282249372], [-122.35720390394445, 40.869277263744166], [-122.41650266194907, 40.869277263744166]]]}}, {"type": "Feature", "properties": {"grid_id": "06089_5km_0288", "county": "Shasta County", "county_short": "Shasta", "geoid": "06089", "grid_km": 5.0, "center_lat": 40.891735, "center_lon": -122.327555, "row_index": 13, "col_index": 12, "is_mock": 1, "shape_model": "county_boundary_clipped_grid", "month": "2020-08", "monthly_fire_probability_pct": 23.33, "risk_score": 0.4572, "risk_level": "medium", "mock_ndvi": 0.6803, "mock_avgtempF": 89.16, "mock_humid": 25.31, "mock_wind": 6.26, "county_avgtempF": 88.55, "county_humid": 28.45, "county_wind": 4.97, "county_precip": 0.0, "county_sunHour": 11.56}, "geometry": {"type": "Polygon", "coordinates": [[[-122.35720390394444, 40.869277263744166], [-122.35720390394444, 40.91419282249372], [-122.29790514593982, 40.91419282249372], [-122.29790514593982, 40.869277263744166], [-122.35720390394444, 40.869277263744166]]]}}, {"type": "Feature", "properties": {"grid_id": "06089_5km_0289", "county": "Shasta County", "county_short": "Shasta", "geoid": "06089", "grid_km": 5.0, "center_lat": 40.891735, "center_lon": -122.268256, "row_index": 13, "col_index": 13, "is_mock": 1, "shape_model": "county_boundary_clipped_grid", "month": "2020-08", "monthly_fire_probability_pct": 23.33, "risk_score": 0.4626, "risk_level": "medium", "mock_ndvi": 0.6813, "mock_avgtempF": 89.35, "mock_humid": 24.75, "mock_wind": 6.29, "county_avgtempF": 88.55, "county_humid": 28.45, "county_wind": 4.97, "county_precip": 0.0, "county_sunHour": 11.56}, "geometry": {"type": "Polygon", "coordinates": [[[-122.29790514593981, 40.869277263744166], [-122.29790514593981, 40.91419282249372], [-122.23860638793519, 40.91419282249372], [-122.23860638793519, 40.869277263744166], [-122.29790514593981, 40.869277263744166]]]}}, {"type": "Feature", "properties": {"grid_id": "06089_5km_0290", "county": "Shasta County", "county_short": "Shasta", "geoid": "06089", "grid_km": 5.0, "center_lat": 40.891735, "center_lon": -122.208957, "row_index": 13, "col_index": 14, "is_mock": 1, "shape_model": "county_boundary_clipped_grid", "month": "2020-08", "monthly_fire_probability_pct": 23.33, "risk_score": 0.4675, "risk_level": "medium", "mock_ndvi": 0.683, "mock_avgtempF": 89.53, "mock_humid": 24.23, "mock_wind": 6.29, "county_avgtempF": 88.55, "county_humid": 28.45, "county_wind": 4.97, "county_precip": 0.0, "county_sunHour": 11.56}, "geometry": {"type": "Polygon", "coordinates": [[[-122.23860638793518, 40.869277263744166], [-122.23860638793518, 40.91419282249372], [-122.17930762993056, 40.91419282249372], [-122.17930762993056, 40.869277263744166], [-122.23860638793518, 40.869277263744166]]]}}, {"type": "Feature", "properties": {"grid_id": "06089_5km_0291", "county": "Shasta County", "county_short": "Shasta", "geoid": "06089", "grid_km": 5.0, "center_lat": 40.891735, "center_lon": -122.149658, "row_index": 13, "col_index": 15, "is_mock": 1, "shape_model": "county_boundary_clipped_grid", "month": "2020-08", "monthly_fire_probability_pct": 23.33, "risk_score": 0.4717, "risk_level": "medium", "mock_ndvi": 0.6849, "mock_avgtempF": 89.7, "mock_humid": 23.77, "mock_wind": 6.28, "county_avgtempF": 88.55, "county_humid": 28.45, "county_wind": 4.97, "county_precip": 0.0, "county_sunHour": 11.56}, "geometry": {"type": "Polygon", "coordinates": [[[-122.17930762993055, 40.869277263744166], [-122.17930762993055, 40.91419282249372], [-122.12000887192593, 40.91419282249372], [-122.12000887192593, 40.869277263744166], [-122.17930762993055, 40.869277263744166]]]}}, {"type": "Feature", "properties": {"grid_id": "06089_5km_0292", "county": "Shasta County", "county_short": "Shasta", "geoid": "06089", "grid_km": 5.0, "center_lat": 40.891735, "center_lon": -122.090359, "row_index": 13, "col_index": 16, "is_mock": 1, "shape_model": "county_boundary_clipped_grid", "month": "2020-08", "monthly_fire_probability_pct": 23.33, "risk_score": 0.475, "risk_level": "medium", "mock_ndvi": 0.687, "mock_avgtempF": 89.83, "mock_humid": 23.42, "mock_wind": 6.31, "county_avgtempF": 88.55, "county_humid": 28.45, "county_wind": 4.97, "county_precip": 0.0, "county_sunHour": 11.56}, "geometry": {"type": "Polygon", "coordinates": [[[-122.12000887192592, 40.869277263744166], [-122.12000887192592, 40.91419282249372], [-122.0607101139213, 40.91419282249372], [-122.0607101139213, 40.869277263744166], [-122.12000887192592, 40.869277263744166]]]}}, {"type": "Feature", "properties": {"grid_id": "06089_5km_0293", "county": "Shasta County", "county_short": "Shasta", "geoid": "06089", "grid_km": 5.0, "center_lat": 40.891735, "center_lon": -122.031061, "row_index": 13, "col_index": 17, "is_mock": 1, "shape_model": "county_boundary_clipped_grid", "month": "2020-08", "monthly_fire_probability_pct": 23.33, "risk_score": 0.477, "risk_level": "medium", "mock_ndvi": 0.6891, "mock_avgtempF": 89.92, "mock_humid": 23.2, "mock_wind": 6.36, "county_avgtempF": 88.55, "county_humid": 28.45, "county_wind": 4.97, "county_precip": 0.0, "county_sunHour": 11.56}, "geometry": {"type": "Polygon", "coordinates": [[[-122.06071011392129, 40.869277263744166], [-122.06071011392129, 40.91419282249372], [-122.00141135591667, 40.91419282249372], [-122.00141135591667, 40.869277263744166], [-122.06071011392129, 40.869277263744166]]]}}, {"type": "Feature", "properties": {"grid_id": "06089_5km_0294", "county": "Shasta County", "county_short": "Shasta", "geoid": "06089", "grid_km": 5.0, "center_lat": 40.891735, "center_lon": -121.971762, "row_index": 13, "col_index": 18, "is_mock": 1, "shape_model": "county_boundary_clipped_grid", "month": "2020-08", "monthly_fire_probability_pct": 23.33, "risk_score": 0.4776, "risk_level": "medium", "mock_ndvi": 0.6909, "mock_avgtempF": 89.97, "mock_humid": 23.12, "mock_wind": 6.38, "county_avgtempF": 88.55, "county_humid": 28.45, "county_wind": 4.97, "county_precip": 0.0, "county_sunHour": 11.56}, "geometry": {"type": "Polygon", "coordinates": [[[-122.00141135591666, 40.869277263744166], [-122.00141135591666, 40.91419282249372], [-121.94211259791204, 40.91419282249372], [-121.94211259791204, 40.869277263744166], [-122.00141135591666, 40.869277263744166]]]}}, {"type": "Feature", "properties": {"grid_id": "06089_5km_0295", "county": "Shasta County", "county_short": "Shasta", "geoid": "06089", "grid_km": 5.0, "center_lat": 40.891735, "center_lon": -121.912463, "row_index": 13, "col_index": 19, "is_mock": 1, "shape_model": "county_boundary_clipped_grid", "month": "2020-08", "monthly_fire_probability_pct": 23.33, "risk_score": 0.4767, "risk_level": "medium", "mock_ndvi": 0.6924, "mock_avgtempF": 89.96, "mock_humid": 23.21, "mock_wind": 6.36, "county_avgtempF": 88.55, "county_humid": 28.45, "county_wind": 4.97, "county_precip": 0.0, "county_sunHour": 11.56}, "geometry": {"type": "Polygon", "coordinates": [[[-121.94211259791203, 40.869277263744166], [-121.94211259791203, 40.91419282249372], [-121.88281383990741, 40.91419282249372], [-121.88281383990741, 40.869277263744166], [-121.94211259791203, 40.869277263744166]]]}}, {"type": "Feature", "properties": {"grid_id": "06089_5km_0296", "county": "Shasta County", "county_short": "Shasta", "geoid": "06089", "grid_km": 5.0, "center_lat": 40.891735, "center_lon": -121.853164, "row_index": 13, "col_index": 20, "is_mock": 1, "shape_model": "county_boundary_clipped_grid", "month": "2020-08", "monthly_fire_probability_pct": 23.33, "risk_score": 0.4743, "risk_level": "medium", "mock_ndvi": 0.6933, "mock_avgtempF": 89.9, "mock_humid": 23.44, "mock_wind": 6.29, "county_avgtempF": 88.55, "county_humid": 28.45, "county_wind": 4.97, "county_precip": 0.0, "county_sunHour": 11.56}, "geometry": {"type": "Polygon", "coordinates": [[[-121.8828138399074, 40.869277263744166], [-121.8828138399074, 40.91419282249372], [-121.82351508190278, 40.91419282249372], [-121.82351508190278, 40.869277263744166], [-121.8828138399074, 40.869277263744166]]]}}, {"type": "Feature", "properties": {"grid_id": "06089_5km_0297", "county": "Shasta County", "county_short": "Shasta", "geoid": "06089", "grid_km": 5.0, "center_lat": 40.891735, "center_lon": -121.793866, "row_index": 13, "col_index": 21, "is_mock": 1, "shape_model": "county_boundary_clipped_grid", "month": "2020-08", "monthly_fire_probability_pct": 23.33, "risk_score": 0.4707, "risk_level": "medium", "mock_ndvi": 0.6937, "mock_avgtempF": 89.79, "mock_humid": 23.82, "mock_wind": 6.19, "county_avgtempF": 88.55, "county_humid": 28.45, "county_wind": 4.97, "county_precip": 0.0, "county_sunHour": 11.56}, "geometry": {"type": "Polygon", "coordinates": [[[-121.82351508190277, 40.869277263744166], [-121.82351508190277, 40.91419282249372], [-121.76421632389815, 40.91419282249372], [-121.76421632389815, 40.869277263744166], [-121.82351508190277, 40.869277263744166]]]}}, {"type": "Feature", "properties": {"grid_id": "06089_5km_0298", "county": "Shasta County", "county_short": "Shasta", "geoid": "06089", "grid_km": 5.0, "center_lat": 40.891735, "center_lon": -121.734567, "row_index": 13, "col_index": 22, "is_mock": 1, "shape_model": "county_boundary_clipped_grid", "month": "2020-08", "monthly_fire_probability_pct": 23.33, "risk_score": 0.4658, "risk_level": "medium", "mock_ndvi": 0.6936, "mock_avgtempF": 89.63, "mock_humid": 24.32, "mock_wind": 6.06, "county_avgtempF": 88.55, "county_humid": 28.45, "county_wind": 4.97, "county_precip": 0.0, "county_sunHour": 11.56}, "geometry": {"type": "Polygon", "coordinates": [[[-121.76421632389814, 40.869277263744166], [-121.76421632389814, 40.91419282249372], [-121.70491756589352, 40.91419282249372], [-121.70491756589352, 40.869277263744166], [-121.76421632389814, 40.869277263744166]]]}}, {"type": "Feature", "properties": {"grid_id": "06089_5km_0299", "county": "Shasta County", "county_short": "Shasta", "geoid": "06089", "grid_km": 5.0, "center_lat": 40.891735, "center_lon": -121.675268, "row_index": 13, "col_index": 23, "is_mock": 1, "shape_model": "county_boundary_clipped_grid", "month": "2020-08", "monthly_fire_probability_pct": 23.33, "risk_score": 0.46, "risk_level": "medium", "mock_ndvi": 0.6932, "mock_avgtempF": 89.44, "mock_humid": 24.93, "mock_wind": 5.91, "county_avgtempF": 88.55, "county_humid": 28.45, "county_wind": 4.97, "county_precip": 0.0, "county_sunHour": 11.56}, "geometry": {"type": "Polygon", "coordinates": [[[-121.70491756589351, 40.869277263744166], [-121.70491756589351, 40.91419282249372], [-121.6456188078889, 40.91419282249372], [-121.6456188078889, 40.869277263744166], [-121.70491756589351, 40.869277263744166]]]}}, {"type": "Feature", "properties": {"grid_id": "06089_5km_0300", "county": "Shasta County", "county_short": "Shasta", "geoid": "06089", "grid_km": 5.0, "center_lat": 40.891735, "center_lon": -121.615969, "row_index": 13, "col_index": 24, "is_mock": 1, "shape_model": "county_boundary_clipped_grid", "month": "2020-08", "monthly_fire_probability_pct": 23.33, "risk_score": 0.4534, "risk_level": "medium", "mock_ndvi": 0.6926, "mock_avgtempF": 89.22, "mock_humid": 25.61, "mock_wind": 5.83, "county_avgtempF": 88.55, "county_humid": 28.45, "county_wind": 4.97, "county_precip": 0.0, "county_sunHour": 11.56}, "geometry": {"type": "Polygon", "coordinates": [[[-121.64561880788888, 40.869277263744166], [-121.64561880788888, 40.91419282249372], [-121.58632004988426, 40.91419282249372], [-121.58632004988426, 40.869277263744166], [-121.64561880788888, 40.869277263744166]]]}}, {"type": "Feature", "properties": {"grid_id": "06089_5km_0301", "county": "Shasta County", "county_short": "Shasta", "geoid": "06089", "grid_km": 5.0, "center_lat": 40.891735, "center_lon": -121.556671, "row_index": 13, "col_index": 25, "is_mock": 1, "shape_model": "county_boundary_clipped_grid", "month": "2020-08", "monthly_fire_probability_pct": 23.33, "risk_score": 0.4463, "risk_level": "medium", "mock_ndvi": 0.692, "mock_avgtempF": 88.98, "mock_humid": 26.35, "mock_wind": 5.77, "county_avgtempF": 88.55, "county_humid": 28.45, "county_wind": 4.97, "county_precip": 0.0, "county_sunHour": 11.56}, "geometry": {"type": "Polygon", "coordinates": [[[-121.58632004988425, 40.869277263744166], [-121.58632004988425, 40.91419282249372], [-121.52702129187963, 40.91419282249372], [-121.52702129187963, 40.869277263744166], [-121.58632004988425, 40.869277263744166]]]}}, {"type": "Feature", "properties": {"grid_id": "06089_5km_0302", "county": "Shasta County", "county_short": "Shasta", "geoid": "06089", "grid_km": 5.0, "center_lat": 40.891735, "center_lon": -121.497372, "row_index": 13, "col_index": 26, "is_mock": 1, "shape_model": "county_boundary_clipped_grid", "month": "2020-08", "monthly_fire_probability_pct": 23.33, "risk_score": 0.4389, "risk_level": "medium", "mock_ndvi": 0.6917, "mock_avgtempF": 88.74, "mock_humid": 27.12, "mock_wind": 5.7, "county_avgtempF": 88.55, "county_humid": 28.45, "county_wind": 4.97, "county_precip": 0.0, "county_sunHour": 11.56}, "geometry": {"type": "Polygon", "coordinates": [[[-121.52702129187962, 40.869277263744166], [-121.52702129187962, 40.91419282249372], [-121.467722533875, 40.91419282249372], [-121.467722533875, 40.869277263744166], [-121.52702129187962, 40.869277263744166]]]}}, {"type": "Feature", "properties": {"grid_id": "06089_5km_0303", "county": "Shasta County", "county_short": "Shasta", "geoid": "06089", "grid_km": 5.0, "center_lat": 40.891735, "center_lon": -121.438073, "row_index": 13, "col_index": 27, "is_mock": 1, "shape_model": "county_boundary_clipped_grid", "month": "2020-08", "monthly_fire_probability_pct": 23.33, "risk_score": 0.4315, "risk_level": "medium", "mock_ndvi": 0.6919, "mock_avgtempF": 88.5, "mock_humid": 27.89, "mock_wind": 5.61, "county_avgtempF": 88.55, "county_humid": 28.45, "county_wind": 4.97, "county_precip": 0.0, "county_sunHour": 11.56}, "geometry": {"type": "Polygon", "coordinates": [[[-121.46772253387499, 40.869277263744166], [-121.46772253387499, 40.91419282249372], [-121.40842377587038, 40.91419282249372], [-121.40842377587038, 40.869277263744166], [-121.46772253387499, 40.869277263744166]]]}}, {"type": "Feature", "properties": {"grid_id": "06089_5km_0304", "county": "Shasta County", "county_short": "Shasta", "geoid": "06089", "grid_km": 5.0, "center_lat": 40.891735, "center_lon": -121.378774, "row_index": 13, "col_index": 28, "is_mock": 1, "shape_model": "county_boundary_clipped_grid", "month": "2020-08", "monthly_fire_probability_pct": 23.33, "risk_score": 0.4241, "risk_level": "medium", "mock_ndvi": 0.6929, "mock_avgtempF": 88.28, "mock_humid": 28.64, "mock_wind": 5.5, "county_avgtempF": 88.55, "county_humid": 28.45, "county_wind": 4.97, "county_precip": 0.0, "county_sunHour": 11.56}, "geometry": {"type": "Polygon", "coordinates": [[[-121.40842377587036, 40.869277263744166], [-121.40842377587036, 40.91419282249372], [-121.34912501786575, 40.91419282249372], [-121.34912501786575, 40.869277263744166], [-121.40842377587036, 40.869277263744166]]]}}, {"type": "Feature", "properties": {"grid_id": "06089_5km_0305", "county": "Shasta County", "county_short": "Shasta", "geoid": "06089", "grid_km": 5.0, "center_lat": 40.930932, "center_lon": -122.601184, "row_index": 14, "col_index": 7, "is_mock": 1, "shape_model": "county_boundary_clipped_grid", "month": "2020-08", "monthly_fire_probability_pct": 23.33, "risk_score": 0.4279, "risk_level": "medium", "mock_ndvi": 0.6858, "mock_avgtempF": 88.3, "mock_humid": 28.3, "mock_wind": 5.76, "county_avgtempF": 88.55, "county_humid": 28.45, "county_wind": 4.97, "county_precip": 0.0, "county_sunHour": 11.56}, "geometry": {"type": "Polygon", "coordinates": [[[-122.612751, 40.921245], [-122.603189, 40.94062], [-122.607363, 40.957748], [-122.60606736027933, 40.95910838124327], [-122.59439893596297, 40.95910838124327], [-122.59439893596297, 40.91419282249372], [-122.60867236914093, 40.91419282249372], [-122.612751, 40.921245]]]}}, {"type": "Feature", "properties": {"grid_id": "06089_5km_0306", "county": "Shasta County", "county_short": "Shasta", "geoid": "06089", "grid_km": 5.0, "center_lat": 40.936651, "center_lon": -122.56475, "row_index": 14, "col_index": 8, "is_mock": 1, "shape_model": "county_boundary_clipped_grid", "month": "2020-08", "monthly_fire_probability_pct": 23.33, "risk_score": 0.4297, "risk_level": "medium", "mock_ndvi": 0.6836, "mock_avgtempF": 88.33, "mock_humid": 28.13, "mock_wind": 5.85, "county_avgtempF": 88.55, "county_humid": 28.45, "county_wind": 4.97, "county_precip": 0.0, "county_sunHour": 11.56}, "geometry": {"type": "Polygon", "coordinates": [[[-122.59439893596296, 40.91419282249372], [-122.59439893596296, 40.95910838124327], [-122.53510017795834, 40.95910838124327], [-122.53510017795834, 40.91419282249372], [-122.59439893596296, 40.91419282249372]]]}}, {"type": "Feature", "properties": {"grid_id": "06089_5km_0307", "county": "Shasta County", "county_short": "Shasta", "geoid": "06089", "grid_km": 5.0, "center_lat": 40.936651, "center_lon": -122.505451, "row_index": 14, "col_index": 9, "is_mock": 1, "shape_model": "county_boundary_clipped_grid", "month": "2020-08", "monthly_fire_probability_pct": 23.33, "risk_score": 0.4344, "risk_level": "medium", "mock_ndvi": 0.6811, "mock_avgtempF": 88.44, "mock_humid": 27.67, "mock_wind": 5.98, "county_avgtempF": 88.55, "county_humid": 28.45, "county_wind": 4.97, "county_precip": 0.0, "county_sunHour": 11.56}, "geometry": {"type": "Polygon", "coordinates": [[[-122.53510017795833, 40.91419282249372], [-122.53510017795833, 40.95910838124327], [-122.47580141995371, 40.95910838124327], [-122.47580141995371, 40.91419282249372], [-122.53510017795833, 40.91419282249372]]]}}, {"type": "Feature", "properties": {"grid_id": "06089_5km_0308", "county": "Shasta County", "county_short": "Shasta", "geoid": "06089", "grid_km": 5.0, "center_lat": 40.936651, "center_lon": -122.446152, "row_index": 14, "col_index": 10, "is_mock": 1, "shape_model": "county_boundary_clipped_grid", "month": "2020-08", "monthly_fire_probability_pct": 23.33, "risk_score": 0.4393, "risk_level": "medium", "mock_ndvi": 0.6795, "mock_avgtempF": 88.58, "mock_humid": 27.17, "mock_wind": 6.08, "county_avgtempF": 88.55, "county_humid": 28.45, "county_wind": 4.97, "county_precip": 0.0, "county_sunHour": 11.56}, "geometry": {"type": "Polygon", "coordinates": [[[-122.4758014199537, 40.91419282249372], [-122.4758014199537, 40.95910838124327], [-122.41650266194908, 40.95910838124327], [-122.41650266194908, 40.91419282249372], [-122.4758014199537, 40.91419282249372]]]}}, {"type": "Feature", "properties": {"grid_id": "06089_5km_0309", "county": "Shasta County", "county_short": "Shasta", "geoid": "06089", "grid_km": 5.0, "center_lat": 40.936651, "center_lon": -122.386853, "row_index": 14, "col_index": 11, "is_mock": 1, "shape_model": "county_boundary_clipped_grid", "month": "2020-08", "monthly_fire_probability_pct": 23.33, "risk_score": 0.4444, "risk_level": "medium", "mock_ndvi": 0.6791, "mock_avgtempF": 88.73, "mock_humid": 26.64, "mock_wind": 6.15, "county_avgtempF": 88.55, "county_humid": 28.45, "county_wind": 4.97, "county_precip": 0.0, "county_sunHour": 11.56}, "geometry": {"type": "Polygon", "coordinates": [[[-122.41650266194907, 40.91419282249372], [-122.41650266194907, 40.95910838124327], [-122.35720390394445, 40.95910838124327], [-122.35720390394445, 40.91419282249372], [-122.41650266194907, 40.91419282249372]]]}}, {"type": "Feature", "properties": {"grid_id": "06089_5km_0310", "county": "Shasta County", "county_short": "Shasta", "geoid": "06089", "grid_km": 5.0, "center_lat": 40.936651, "center_lon": -122.327555, "row_index": 14, "col_index": 12, "is_mock": 1, "shape_model": "county_boundary_clipped_grid", "month": "2020-08", "monthly_fire_probability_pct": 23.33, "risk_score": 0.4496, "risk_level": "medium", "mock_ndvi": 0.6795, "mock_avgtempF": 88.91, "mock_humid": 26.1, "mock_wind": 6.2, "county_avgtempF": 88.55, "county_humid": 28.45, "county_wind": 4.97, "county_precip": 0.0, "county_sunHour": 11.56}, "geometry": {"type": "Polygon", "coordinates": [[[-122.35720390394444, 40.91419282249372], [-122.35720390394444, 40.95910838124327], [-122.29790514593982, 40.95910838124327], [-122.29790514593982, 40.91419282249372], [-122.35720390394444, 40.91419282249372]]]}}, {"type": "Feature", "properties": {"grid_id": "06089_5km_0311", "county": "Shasta County", "county_short": "Shasta", "geoid": "06089", "grid_km": 5.0, "center_lat": 40.936651, "center_lon": -122.268256, "row_index": 14, "col_index": 13, "is_mock": 1, "shape_model": "county_boundary_clipped_grid", "month": "2020-08", "monthly_fire_probability_pct": 23.33, "risk_score": 0.4547, "risk_level": "medium", "mock_ndvi": 0.6807, "mock_avgtempF": 89.09, "mock_humid": 25.57, "mock_wind": 6.22, "county_avgtempF": 88.55, "county_humid": 28.45, "county_wind": 4.97, "county_precip": 0.0, "county_sunHour": 11.56}, "geometry": {"type": "Polygon", "coordinates": [[[-122.29790514593981, 40.91419282249372], [-122.29790514593981, 40.95910838124327], [-122.23860638793519, 40.95910838124327], [-122.23860638793519, 40.91419282249372], [-122.29790514593981, 40.91419282249372]]]}}, {"type": "Feature", "properties": {"grid_id": "06089_5km_0312", "county": "Shasta County", "county_short": "Shasta", "geoid": "06089", "grid_km": 5.0, "center_lat": 40.936651, "center_lon": -122.208957, "row_index": 14, "col_index": 14, "is_mock": 1, "shape_model": "county_boundary_clipped_grid", "month": "2020-08", "monthly_fire_probability_pct": 23.33, "risk_score": 0.4594, "risk_level": "medium", "mock_ndvi": 0.6824, "mock_avgtempF": 89.26, "mock_humid": 25.07, "mock_wind": 6.22, "county_avgtempF": 88.55, "county_humid": 28.45, "county_wind": 4.97, "county_precip": 0.0, "county_sunHour": 11.56}, "geometry": {"type": "Polygon", "coordinates": [[[-122.23860638793518, 40.91419282249372], [-122.23860638793518, 40.95910838124327], [-122.17930762993056, 40.95910838124327], [-122.17930762993056, 40.91419282249372], [-122.23860638793518, 40.91419282249372]]]}}, {"type": "Feature", "properties": {"grid_id": "06089_5km_0313", "county": "Shasta County", "county_short": "Shasta", "geoid": "06089", "grid_km": 5.0, "center_lat": 40.936651, "center_lon": -122.149658, "row_index": 14, "col_index": 15, "is_mock": 1, "shape_model": "county_boundary_clipped_grid", "month": "2020-08", "monthly_fire_probability_pct": 23.33, "risk_score": 0.4634, "risk_level": "medium", "mock_ndvi": 0.6845, "mock_avgtempF": 89.42, "mock_humid": 24.64, "mock_wind": 6.2, "county_avgtempF": 88.55, "county_humid": 28.45, "county_wind": 4.97, "county_precip": 0.0, "county_sunHour": 11.56}, "geometry": {"type": "Polygon", "coordinates": [[[-122.17930762993055, 40.91419282249372], [-122.17930762993055, 40.95910838124327], [-122.12000887192593, 40.95910838124327], [-122.12000887192593, 40.91419282249372], [-122.17930762993055, 40.91419282249372]]]}}, {"type": "Feature", "properties": {"grid_id": "06089_5km_0314", "county": "Shasta County", "county_short": "Shasta", "geoid": "06089", "grid_km": 5.0, "center_lat": 40.936651, "center_lon": -122.090359, "row_index": 14, "col_index": 16, "is_mock": 1, "shape_model": "county_boundary_clipped_grid", "month": "2020-08", "monthly_fire_probability_pct": 23.33, "risk_score": 0.4665, "risk_level": "medium", "mock_ndvi": 0.6867, "mock_avgtempF": 89.55, "mock_humid": 24.3, "mock_wind": 6.16, "county_avgtempF": 88.55, "county_humid": 28.45, "county_wind": 4.97, "county_precip": 0.0, "county_sunHour": 11.56}, "geometry": {"type": "Polygon", "coordinates": [[[-122.12000887192592, 40.91419282249372], [-122.12000887192592, 40.95910838124327], [-122.0607101139213, 40.95910838124327], [-122.0607101139213, 40.91419282249372], [-122.12000887192592, 40.91419282249372]]]}}, {"type": "Feature", "properties": {"grid_id": "06089_5km_0315", "county": "Shasta County", "county_short": "Shasta", "geoid": "06089", "grid_km": 5.0, "center_lat": 40.936651, "center_lon": -122.031061, "row_index": 14, "col_index": 17, "is_mock": 1, "shape_model": "county_boundary_clipped_grid", "month": "2020-08", "monthly_fire_probability_pct": 23.33, "risk_score": 0.4685, "risk_level": "medium", "mock_ndvi": 0.6888, "mock_avgtempF": 89.65, "mock_humid": 24.08, "mock_wind": 6.13, "county_avgtempF": 88.55, "county_humid": 28.45, "county_wind": 4.97, "county_precip": 0.0, "county_sunHour": 11.56}, "geometry": {"type": "Polygon", "coordinates": [[[-122.06071011392129, 40.91419282249372], [-122.06071011392129, 40.95910838124327], [-122.00141135591667, 40.95910838124327], [-122.00141135591667, 40.91419282249372], [-122.06071011392129, 40.91419282249372]]]}}, {"type": "Feature", "properties": {"grid_id": "06089_5km_0316", "county": "Shasta County", "county_short": "Shasta", "geoid": "06089", "grid_km": 5.0, "center_lat": 40.936651, "center_lon": -121.971762, "row_index": 14, "col_index": 18, "is_mock": 1, "shape_model": "county_boundary_clipped_grid", "month": "2020-08", "monthly_fire_probability_pct": 23.33, "risk_score": 0.4691, "risk_level": "medium", "mock_ndvi": 0.6906, "mock_avgtempF": 89.69, "mock_humid": 24.0, "mock_wind": 6.15, "county_avgtempF": 88.55, "county_humid": 28.45, "county_wind": 4.97, "county_precip": 0.0, "county_sunHour": 11.56}, "geometry": {"type": "Polygon", "coordinates": [[[-122.00141135591666, 40.91419282249372], [-122.00141135591666, 40.95910838124327], [-121.94211259791204, 40.95910838124327], [-121.94211259791204, 40.91419282249372], [-122.00141135591666, 40.91419282249372]]]}}, {"type": "Feature", "properties": {"grid_id": "06089_5km_0317", "county": "Shasta County", "county_short": "Shasta", "geoid": "06089", "grid_km": 5.0, "center_lat": 40.936651, "center_lon": -121.912463, "row_index": 14, "col_index": 19, "is_mock": 1, "shape_model": "county_boundary_clipped_grid", "month": "2020-08", "monthly_fire_probability_pct": 23.33, "risk_score": 0.4684, "risk_level": "medium", "mock_ndvi": 0.6919, "mock_avgtempF": 89.69, "mock_humid": 24.06, "mock_wind": 6.13, "county_avgtempF": 88.55, "county_humid": 28.45, "county_wind": 4.97, "county_precip": 0.0, "county_sunHour": 11.56}, "geometry": {"type": "Polygon", "coordinates": [[[-121.94211259791203, 40.91419282249372], [-121.94211259791203, 40.95910838124327], [-121.88281383990741, 40.95910838124327], [-121.88281383990741, 40.91419282249372], [-121.94211259791203, 40.91419282249372]]]}}, {"type": "Feature", "properties": {"grid_id": "06089_5km_0318", "county": "Shasta County", "county_short": "Shasta", "geoid": "06089", "grid_km": 5.0, "center_lat": 40.936651, "center_lon": -121.853164, "row_index": 14, "col_index": 20, "is_mock": 1, "shape_model": "county_boundary_clipped_grid", "month": "2020-08", "monthly_fire_probability_pct": 23.33, "risk_score": 0.4663, "risk_level": "medium", "mock_ndvi": 0.6927, "mock_avgtempF": 89.63, "mock_humid": 24.28, "mock_wind": 6.08, "county_avgtempF": 88.55, "county_humid": 28.45, "county_wind": 4.97, "county_precip": 0.0, "county_sunHour": 11.56}, "geometry": {"type": "Polygon", "coordinates": [[[-121.8828138399074, 40.91419282249372], [-121.8828138399074, 40.95910838124327], [-121.82351508190278, 40.95910838124327], [-121.82351508190278, 40.91419282249372], [-121.8828138399074, 40.91419282249372]]]}}, {"type": "Feature", "properties": {"grid_id": "06089_5km_0319", "county": "Shasta County", "county_short": "Shasta", "geoid": "06089", "grid_km": 5.0, "center_lat": 40.936651, "center_lon": -121.793866, "row_index": 14, "col_index": 21, "is_mock": 1, "shape_model": "county_boundary_clipped_grid", "month": "2020-08", "monthly_fire_probability_pct": 23.33, "risk_score": 0.4629, "risk_level": "medium", "mock_ndvi": 0.693, "mock_avgtempF": 89.53, "mock_humid": 24.63, "mock_wind": 5.99, "county_avgtempF": 88.55, "county_humid": 28.45, "county_wind": 4.97, "county_precip": 0.0, "county_sunHour": 11.56}, "geometry": {"type": "Polygon", "coordinates": [[[-121.82351508190277, 40.91419282249372], [-121.82351508190277, 40.95910838124327], [-121.76421632389815, 40.95910838124327], [-121.76421632389815, 40.91419282249372], [-121.82351508190277, 40.91419282249372]]]}}, {"type": "Feature", "properties": {"grid_id": "06089_5km_0320", "county": "Shasta County", "county_short": "Shasta", "geoid": "06089", "grid_km": 5.0, "center_lat": 40.936651, "center_lon": -121.734567, "row_index": 14, "col_index": 22, "is_mock": 1, "shape_model": "county_boundary_clipped_grid", "month": "2020-08", "monthly_fire_probability_pct": 23.33, "risk_score": 0.4583, "risk_level": "medium", "mock_ndvi": 0.6928, "mock_avgtempF": 89.38, "mock_humid": 25.1, "mock_wind": 5.88, "county_avgtempF": 88.55, "county_humid": 28.45, "county_wind": 4.97, "county_precip": 0.0, "county_sunHour": 11.56}, "geometry": {"type": "Polygon", "coordinates": [[[-121.76421632389814, 40.91419282249372], [-121.76421632389814, 40.95910838124327], [-121.70491756589352, 40.95910838124327], [-121.70491756589352, 40.91419282249372], [-121.76421632389814, 40.91419282249372]]]}}, {"type": "Feature", "properties": {"grid_id": "06089_5km_0321", "county": "Shasta County", "county_short": "Shasta", "geoid": "06089", "grid_km": 5.0, "center_lat": 40.936651, "center_lon": -121.675268, "row_index": 14, "col_index": 23, "is_mock": 1, "shape_model": "county_boundary_clipped_grid", "month": "2020-08", "monthly_fire_probability_pct": 23.33, "risk_score": 0.4527, "risk_level": "medium", "mock_ndvi": 0.6923, "mock_avgtempF": 89.19, "mock_humid": 25.69, "mock_wind": 5.84, "county_avgtempF": 88.55, "county_humid": 28.45, "county_wind": 4.97, "county_precip": 0.0, "county_sunHour": 11.56}, "geometry": {"type": "Polygon", "coordinates": [[[-121.70491756589351, 40.91419282249372], [-121.70491756589351, 40.95910838124327], [-121.6456188078889, 40.95910838124327], [-121.6456188078889, 40.91419282249372], [-121.70491756589351, 40.91419282249372]]]}}, {"type": "Feature", "properties": {"grid_id": "06089_5km_0322", "county": "Shasta County", "county_short": "Shasta", "geoid": "06089", "grid_km": 5.0, "center_lat": 40.936651, "center_lon": -121.615969, "row_index": 14, "col_index": 24, "is_mock": 1, "shape_model": "county_boundary_clipped_grid", "month": "2020-08", "monthly_fire_probability_pct": 23.33, "risk_score": 0.4464, "risk_level": "medium", "mock_ndvi": 0.6915, "mock_avgtempF": 88.97, "mock_humid": 26.35, "mock_wind": 5.79, "county_avgtempF": 88.55, "county_humid": 28.45, "county_wind": 4.97, "county_precip": 0.0, "county_sunHour": 11.56}, "geometry": {"type": "Polygon", "coordinates": [[[-121.64561880788888, 40.91419282249372], [-121.64561880788888, 40.95910838124327], [-121.58632004988426, 40.95910838124327], [-121.58632004988426, 40.91419282249372], [-121.64561880788888, 40.91419282249372]]]}}, {"type": "Feature", "properties": {"grid_id": "06089_5km_0323", "county": "Shasta County", "county_short": "Shasta", "geoid": "06089", "grid_km": 5.0, "center_lat": 40.936651, "center_lon": -121.556671, "row_index": 14, "col_index": 25, "is_mock": 1, "shape_model": "county_boundary_clipped_grid", "month": "2020-08", "monthly_fire_probability_pct": 23.33, "risk_score": 0.4395, "risk_level": "medium", "mock_ndvi": 0.6909, "mock_avgtempF": 88.74, "mock_humid": 27.07, "mock_wind": 5.73, "county_avgtempF": 88.55, "county_humid": 28.45, "county_wind": 4.97, "county_precip": 0.0, "county_sunHour": 11.56}, "geometry": {"type": "Polygon", "coordinates": [[[-121.58632004988425, 40.91419282249372], [-121.58632004988425, 40.95910838124327], [-121.52702129187963, 40.95910838124327], [-121.52702129187963, 40.91419282249372], [-121.58632004988425, 40.91419282249372]]]}}, {"type": "Feature", "properties": {"grid_id": "06089_5km_0324", "county": "Shasta County", "county_short": "Shasta", "geoid": "06089", "grid_km": 5.0, "center_lat": 40.936651, "center_lon": -121.497372, "row_index": 14, "col_index": 26, "is_mock": 1, "shape_model": "county_boundary_clipped_grid", "month": "2020-08", "monthly_fire_probability_pct": 23.33, "risk_score": 0.4322, "risk_level": "medium", "mock_ndvi": 0.6905, "mock_avgtempF": 88.51, "mock_humid": 27.82, "mock_wind": 5.66, "county_avgtempF": 88.55, "county_humid": 28.45, "county_wind": 4.97, "county_precip": 0.0, "county_sunHour": 11.56}, "geometry": {"type": "Polygon", "coordinates": [[[-121.52702129187962, 40.91419282249372], [-121.52702129187962, 40.95910838124327], [-121.467722533875, 40.95910838124327], [-121.467722533875, 40.91419282249372], [-121.52702129187962, 40.91419282249372]]]}}, {"type": "Feature", "properties": {"grid_id": "06089_5km_0325", "county": "Shasta County", "county_short": "Shasta", "geoid": "06089", "grid_km": 5.0, "center_lat": 40.936651, "center_lon": -121.438073, "row_index": 14, "col_index": 27, "is_mock": 1, "shape_model": "county_boundary_clipped_grid", "month": "2020-08", "monthly_fire_probability_pct": 23.33, "risk_score": 0.4249, "risk_level": "medium", "mock_ndvi": 0.6906, "mock_avgtempF": 88.27, "mock_humid": 28.58, "mock_wind": 5.58, "county_avgtempF": 88.55, "county_humid": 28.45, "county_wind": 4.97, "county_precip": 0.0, "county_sunHour": 11.56}, "geometry": {"type": "Polygon", "coordinates": [[[-121.46772253387499, 40.91419282249372], [-121.46772253387499, 40.95910838124327], [-121.40842377587038, 40.95910838124327], [-121.40842377587038, 40.91419282249372], [-121.46772253387499, 40.91419282249372]]]}}, {"type": "Feature", "properties": {"grid_id": "06089_5km_0326", "county": "Shasta County", "county_short": "Shasta", "geoid": "06089", "grid_km": 5.0, "center_lat": 40.936651, "center_lon": -121.378774, "row_index": 14, "col_index": 28, "is_mock": 1, "shape_model": "county_boundary_clipped_grid", "month": "2020-08", "monthly_fire_probability_pct": 23.33, "risk_score": 0.4178, "risk_level": "medium", "mock_ndvi": 0.6915, "mock_avgtempF": 88.05, "mock_humid": 29.31, "mock_wind": 5.47, "county_avgtempF": 88.55, "county_humid": 28.45, "county_wind": 4.97, "county_precip": 0.0, "county_sunHour": 11.56}, "geometry": {"type": "Polygon", "coordinates": [[[-121.40842377587036, 40.91419282249372], [-121.40842377587036, 40.95910838124327], [-121.34912501786575, 40.95910838124327], [-121.34912501786575, 40.91419282249372], [-121.40842377587036, 40.91419282249372]]]}}, {"type": "Feature", "properties": {"grid_id": "06089_5km_0327", "county": "Shasta County", "county_short": "Shasta", "geoid": "06089", "grid_km": 5.0, "center_lat": 40.97016, "center_lon": -122.597071, "row_index": 15, "col_index": 7, "is_mock": 1, "shape_model": "county_boundary_clipped_grid", "month": "2020-08", "monthly_fire_probability_pct": 23.33, "risk_score": 0.4221, "risk_level": "medium", "mock_ndvi": 0.6853, "mock_avgtempF": 88.11, "mock_humid": 28.91, "mock_wind": 5.71, "county_avgtempF": 88.55, "county_humid": 28.45, "county_wind": 4.97, "county_precip": 0.0, "county_sunHour": 11.56}, "geometry": {"type": "Polygon", "coordinates": [[[-122.600959, 40.964472], [-122.598528, 40.975847], [-122.59439893596297, 40.97759718751063], [-122.59439893596297, 40.95910838124327], [-122.60606736027933, 40.95910838124327], [-122.600959, 40.964472]]]}}, {"type": "Feature", "properties": {"grid_id": "06089_5km_0328", "county": "Shasta County", "county_short": "Shasta", "geoid": "06089", "grid_km": 5.0, "center_lat": 40.980277, "center_lon": -122.561588, "row_index": 15, "col_index": 8, "is_mock": 1, "shape_model": "county_boundary_clipped_grid", "month": "2020-08", "monthly_fire_probability_pct": 23.33, "risk_score": 0.423, "risk_level": "medium", "mock_ndvi": 0.6835, "mock_avgtempF": 88.11, "mock_humid": 28.83, "mock_wind": 5.78, "county_avgtempF": 88.55, "county_humid": 28.45, "county_wind": 4.97, "county_precip": 0.0, "county_sunHour": 11.56}, "geometry": {"type": "Polygon", "coordinates": [[[-122.581754, 40.982957], [-122.569181, 40.984988], [-122.55449, 41.003622], [-122.538849, 41.002114], [-122.53712335109842, 41.00402393999282], [-122.53510017795834, 41.00402393999282], [-122.53510017795834, 40.95910838124327], [-122.59439893596296, 40.95910838124327], [-122.59439893596296, 40.97759718751064], [-122.581754, 40.982957]]]}}, {"type": "Feature", "properties": {"grid_id": "06089_5km_0329", "county": "Shasta County", "county_short": "Shasta", "geoid": "06089", "grid_km": 5.0, "center_lat": 40.981566, "center_lon": -122.505451, "row_index": 15, "col_index": 9, "is_mock": 1, "shape_model": "county_boundary_clipped_grid", "month": "2020-08", "monthly_fire_probability_pct": 23.33, "risk_score": 0.427, "risk_level": "medium", "mock_ndvi": 0.6812, "mock_avgtempF": 88.2, "mock_humid": 28.43, "mock_wind": 5.89, "county_avgtempF": 88.55, "county_humid": 28.45, "county_wind": 4.97, "county_precip": 0.0, "county_sunHour": 11.56}, "geometry": {"type": "Polygon", "coordinates": [[[-122.53510017795833, 40.95910838124327], [-122.53510017795833, 41.00402393999282], [-122.47580141995371, 41.00402393999282], [-122.47580141995371, 40.95910838124327], [-122.53510017795833, 40.95910838124327]]]}}, {"type": "Feature", "properties": {"grid_id": "06089_5km_0330", "county": "Shasta County", "county_short": "Shasta", "geoid": "06089", "grid_km": 5.0, "center_lat": 40.981566, "center_lon": -122.446152, "row_index": 15, "col_index": 10, "is_mock": 1, "shape_model": "county_boundary_clipped_grid", "month": "2020-08", "monthly_fire_probability_pct": 23.33, "risk_score": 0.4317, "risk_level": "medium", "mock_ndvi": 0.6798, "mock_avgtempF": 88.34, "mock_humid": 27.95, "mock_wind": 5.99, "county_avgtempF": 88.55, "county_humid": 28.45, "county_wind": 4.97, "county_precip": 0.0, "county_sunHour": 11.56}, "geometry": {"type": "Polygon", "coordinates": [[[-122.4758014199537, 40.95910838124327], [-122.4758014199537, 41.00402393999282], [-122.41650266194908, 41.00402393999282], [-122.41650266194908, 40.95910838124327], [-122.4758014199537, 40.95910838124327]]]}}, {"type": "Feature", "properties": {"grid_id": "06089_5km_0331", "county": "Shasta County", "county_short": "Shasta", "geoid": "06089", "grid_km": 5.0, "center_lat": 40.981566, "center_lon": -122.386853, "row_index": 15, "col_index": 11, "is_mock": 1, "shape_model": "county_boundary_clipped_grid", "month": "2020-08", "monthly_fire_probability_pct": 23.33, "risk_score": 0.4366, "risk_level": "medium", "mock_ndvi": 0.6794, "mock_avgtempF": 88.49, "mock_humid": 27.45, "mock_wind": 6.05, "county_avgtempF": 88.55, "county_humid": 28.45, "county_wind": 4.97, "county_precip": 0.0, "county_sunHour": 11.56}, "geometry": {"type": "Polygon", "coordinates": [[[-122.41650266194907, 40.95910838124327], [-122.41650266194907, 41.00402393999282], [-122.35720390394445, 41.00402393999282], [-122.35720390394445, 40.95910838124327], [-122.41650266194907, 40.95910838124327]]]}}, {"type": "Feature", "properties": {"grid_id": "06089_5km_0332", "county": "Shasta County", "county_short": "Shasta", "geoid": "06089", "grid_km": 5.0, "center_lat": 40.981566, "center_lon": -122.327555, "row_index": 15, "col_index": 12, "is_mock": 1, "shape_model": "county_boundary_clipped_grid", "month": "2020-08", "monthly_fire_probability_pct": 23.33, "risk_score": 0.4416, "risk_level": "medium", "mock_ndvi": 0.68, "mock_avgtempF": 88.66, "mock_humid": 26.93, "mock_wind": 6.09, "county_avgtempF": 88.55, "county_humid": 28.45, "county_wind": 4.97, "county_precip": 0.0, "county_sunHour": 11.56}, "geometry": {"type": "Polygon", "coordinates": [[[-122.35720390394444, 40.95910838124327], [-122.35720390394444, 41.00402393999282], [-122.29790514593982, 41.00402393999282], [-122.29790514593982, 40.95910838124327], [-122.35720390394444, 40.95910838124327]]]}}, {"type": "Feature", "properties": {"grid_id": "06089_5km_0333", "county": "Shasta County", "county_short": "Shasta", "geoid": "06089", "grid_km": 5.0, "center_lat": 40.981566, "center_lon": -122.268256, "row_index": 15, "col_index": 13, "is_mock": 1, "shape_model": "county_boundary_clipped_grid", "month": "2020-08", "monthly_fire_probability_pct": 23.33, "risk_score": 0.4464, "risk_level": "medium", "mock_ndvi": 0.6813, "mock_avgtempF": 88.83, "mock_humid": 26.42, "mock_wind": 6.11, "county_avgtempF": 88.55, "county_humid": 28.45, "county_wind": 4.97, "county_precip": 0.0, "county_sunHour": 11.56}, "geometry": {"type": "Polygon", "coordinates": [[[-122.29790514593981, 40.95910838124327], [-122.29790514593981, 41.00402393999282], [-122.23860638793519, 41.00402393999282], [-122.23860638793519, 40.95910838124327], [-122.29790514593981, 40.95910838124327]]]}}, {"type": "Feature", "properties": {"grid_id": "06089_5km_0334", "county": "Shasta County", "county_short": "Shasta", "geoid": "06089", "grid_km": 5.0, "center_lat": 40.981566, "center_lon": -122.208957, "row_index": 15, "col_index": 14, "is_mock": 1, "shape_model": "county_boundary_clipped_grid", "month": "2020-08", "monthly_fire_probability_pct": 23.33, "risk_score": 0.4509, "risk_level": "medium", "mock_ndvi": 0.6831, "mock_avgtempF": 89.0, "mock_humid": 25.94, "mock_wind": 6.1, "county_avgtempF": 88.55, "county_humid": 28.45, "county_wind": 4.97, "county_precip": 0.0, "county_sunHour": 11.56}, "geometry": {"type": "Polygon", "coordinates": [[[-122.23860638793518, 40.95910838124327], [-122.23860638793518, 41.00402393999282], [-122.17930762993056, 41.00402393999282], [-122.17930762993056, 40.95910838124327], [-122.23860638793518, 40.95910838124327]]]}}, {"type": "Feature", "properties": {"grid_id": "06089_5km_0335", "county": "Shasta County", "county_short": "Shasta", "geoid": "06089", "grid_km": 5.0, "center_lat": 40.981566, "center_lon": -122.149658, "row_index": 15, "col_index": 15, "is_mock": 1, "shape_model": "county_boundary_clipped_grid", "month": "2020-08", "monthly_fire_probability_pct": 23.33, "risk_score": 0.4548, "risk_level": "medium", "mock_ndvi": 0.6853, "mock_avgtempF": 89.16, "mock_humid": 25.52, "mock_wind": 6.08, "county_avgtempF": 88.55, "county_humid": 28.45, "county_wind": 4.97, "county_precip": 0.0, "county_sunHour": 11.56}, "geometry": {"type": "Polygon", "coordinates": [[[-122.17930762993055, 40.95910838124327], [-122.17930762993055, 41.00402393999282], [-122.12000887192593, 41.00402393999282], [-122.12000887192593, 40.95910838124327], [-122.17930762993055, 40.95910838124327]]]}}, {"type": "Feature", "properties": {"grid_id": "06089_5km_0336", "county": "Shasta County", "county_short": "Shasta", "geoid": "06089", "grid_km": 5.0, "center_lat": 40.981566, "center_lon": -122.090359, "row_index": 15, "col_index": 16, "is_mock": 1, "shape_model": "county_boundary_clipped_grid", "month": "2020-08", "monthly_fire_probability_pct": 23.33, "risk_score": 0.4578, "risk_level": "medium", "mock_ndvi": 0.6875, "mock_avgtempF": 89.28, "mock_humid": 25.2, "mock_wind": 6.04, "county_avgtempF": 88.55, "county_humid": 28.45, "county_wind": 4.97, "county_precip": 0.0, "county_sunHour": 11.56}, "geometry": {"type": "Polygon", "coordinates": [[[-122.12000887192592, 40.95910838124327], [-122.12000887192592, 41.00402393999282], [-122.0607101139213, 41.00402393999282], [-122.0607101139213, 40.95910838124327], [-122.12000887192592, 40.95910838124327]]]}}, {"type": "Feature", "properties": {"grid_id": "06089_5km_0337", "county": "Shasta County", "county_short": "Shasta", "geoid": "06089", "grid_km": 5.0, "center_lat": 40.981566, "center_lon": -122.031061, "row_index": 15, "col_index": 17, "is_mock": 1, "shape_model": "county_boundary_clipped_grid", "month": "2020-08", "monthly_fire_probability_pct": 23.33, "risk_score": 0.4597, "risk_level": "medium", "mock_ndvi": 0.6896, "mock_avgtempF": 89.38, "mock_humid": 24.98, "mock_wind": 6.0, "county_avgtempF": 88.55, "county_humid": 28.45, "county_wind": 4.97, "county_precip": 0.0, "county_sunHour": 11.56}, "geometry": {"type": "Polygon", "coordinates": [[[-122.06071011392129, 40.95910838124327], [-122.06071011392129, 41.00402393999282], [-122.00141135591667, 41.00402393999282], [-122.00141135591667, 40.95910838124327], [-122.06071011392129, 40.95910838124327]]]}}, {"type": "Feature", "properties": {"grid_id": "06089_5km_0338", "county": "Shasta County", "county_short": "Shasta", "geoid": "06089", "grid_km": 5.0, "center_lat": 40.981566, "center_lon": -121.971762, "row_index": 15, "col_index": 18, "is_mock": 1, "shape_model": "county_boundary_clipped_grid", "month": "2020-08", "monthly_fire_probability_pct": 23.33, "risk_score": 0.4605, "risk_level": "medium", "mock_ndvi": 0.6914, "mock_avgtempF": 89.43, "mock_humid": 24.89, "mock_wind": 5.95, "county_avgtempF": 88.55, "county_humid": 28.45, "county_wind": 4.97, "county_precip": 0.0, "county_sunHour": 11.56}, "geometry": {"type": "Polygon", "coordinates": [[[-122.00141135591666, 40.95910838124327], [-122.00141135591666, 41.00402393999282], [-121.94211259791204, 41.00402393999282], [-121.94211259791204, 40.95910838124327], [-122.00141135591666, 40.95910838124327]]]}}, {"type": "Feature", "properties": {"grid_id": "06089_5km_0339", "county": "Shasta County", "county_short": "Shasta", "geoid": "06089", "grid_km": 5.0, "center_lat": 40.981566, "center_lon": -121.912463, "row_index": 15, "col_index": 19, "is_mock": 1, "shape_model": "county_boundary_clipped_grid", "month": "2020-08", "monthly_fire_probability_pct": 23.33, "risk_score": 0.4599, "risk_level": "medium", "mock_ndvi": 0.6926, "mock_avgtempF": 89.42, "mock_humid": 24.94, "mock_wind": 5.91, "county_avgtempF": 88.55, "county_humid": 28.45, "county_wind": 4.97, "county_precip": 0.0, "county_sunHour": 11.56}, "geometry": {"type": "Polygon", "coordinates": [[[-121.94211259791203, 40.95910838124327], [-121.94211259791203, 41.00402393999282], [-121.88281383990741, 41.00402393999282], [-121.88281383990741, 40.95910838124327], [-121.94211259791203, 40.95910838124327]]]}}, {"type": "Feature", "properties": {"grid_id": "06089_5km_0340", "county": "Shasta County", "county_short": "Shasta", "geoid": "06089", "grid_km": 5.0, "center_lat": 40.981566, "center_lon": -121.853164, "row_index": 15, "col_index": 20, "is_mock": 1, "shape_model": "county_boundary_clipped_grid", "month": "2020-08", "monthly_fire_probability_pct": 23.33, "risk_score": 0.458, "risk_level": "medium", "mock_ndvi": 0.6934, "mock_avgtempF": 89.37, "mock_humid": 25.14, "mock_wind": 5.86, "county_avgtempF": 88.55, "county_humid": 28.45, "county_wind": 4.97, "county_precip": 0.0, "county_sunHour": 11.56}, "geometry": {"type": "Polygon", "coordinates": [[[-121.8828138399074, 40.95910838124327], [-121.8828138399074, 41.00402393999282], [-121.82351508190278, 41.00402393999282], [-121.82351508190278, 40.95910838124327], [-121.8828138399074, 40.95910838124327]]]}}, {"type": "Feature", "properties": {"grid_id": "06089_5km_0341", "county": "Shasta County", "county_short": "Shasta", "geoid": "06089", "grid_km": 5.0, "center_lat": 40.981566, "center_lon": -121.793866, "row_index": 15, "col_index": 21, "is_mock": 1, "shape_model": "county_boundary_clipped_grid", "month": "2020-08", "monthly_fire_probability_pct": 23.33, "risk_score": 0.4548, "risk_level": "medium", "mock_ndvi": 0.6936, "mock_avgtempF": 89.27, "mock_humid": 25.47, "mock_wind": 5.82, "county_avgtempF": 88.55, "county_humid": 28.45, "county_wind": 4.97, "county_precip": 0.0, "county_sunHour": 11.56}, "geometry": {"type": "Polygon", "coordinates": [[[-121.82351508190277, 40.95910838124327], [-121.82351508190277, 41.00402393999282], [-121.76421632389815, 41.00402393999282], [-121.76421632389815, 40.95910838124327], [-121.82351508190277, 40.95910838124327]]]}}, {"type": "Feature", "properties": {"grid_id": "06089_5km_0342", "county": "Shasta County", "county_short": "Shasta", "geoid": "06089", "grid_km": 5.0, "center_lat": 40.981566, "center_lon": -121.734567, "row_index": 15, "col_index": 22, "is_mock": 1, "shape_model": "county_boundary_clipped_grid", "month": "2020-08", "monthly_fire_probability_pct": 23.33, "risk_score": 0.4504, "risk_level": "medium", "mock_ndvi": 0.6932, "mock_avgtempF": 89.13, "mock_humid": 25.92, "mock_wind": 5.78, "county_avgtempF": 88.55, "county_humid": 28.45, "county_wind": 4.97, "county_precip": 0.0, "county_sunHour": 11.56}, "geometry": {"type": "Polygon", "coordinates": [[[-121.76421632389814, 40.95910838124327], [-121.76421632389814, 41.00402393999282], [-121.70491756589352, 41.00402393999282], [-121.70491756589352, 40.95910838124327], [-121.76421632389814, 40.95910838124327]]]}}, {"type": "Feature", "properties": {"grid_id": "06089_5km_0343", "county": "Shasta County", "county_short": "Shasta", "geoid": "06089", "grid_km": 5.0, "center_lat": 40.981566, "center_lon": -121.675268, "row_index": 15, "col_index": 23, "is_mock": 1, "shape_model": "county_boundary_clipped_grid", "month": "2020-08", "monthly_fire_probability_pct": 23.33, "risk_score": 0.445, "risk_level": "medium", "mock_ndvi": 0.6926, "mock_avgtempF": 88.95, "mock_humid": 26.48, "mock_wind": 5.74, "county_avgtempF": 88.55, "county_humid": 28.45, "county_wind": 4.97, "county_precip": 0.0, "county_sunHour": 11.56}, "geometry": {"type": "Polygon", "coordinates": [[[-121.70491756589351, 40.95910838124327], [-121.70491756589351, 41.00402393999282], [-121.6456188078889, 41.00402393999282], [-121.6456188078889, 40.95910838124327], [-121.70491756589351, 40.95910838124327]]]}}, {"type": "Feature", "properties": {"grid_id": "06089_5km_0344", "county": "Shasta County", "county_short": "Shasta", "geoid": "06089", "grid_km": 5.0, "center_lat": 40.981566, "center_lon": -121.615969, "row_index": 15, "col_index": 24, "is_mock": 1, "shape_model": "county_boundary_clipped_grid", "month": "2020-08", "monthly_fire_probability_pct": 23.33, "risk_score": 0.4389, "risk_level": "medium", "mock_ndvi": 0.6917, "mock_avgtempF": 88.74, "mock_humid": 27.13, "mock_wind": 5.7, "county_avgtempF": 88.55, "county_humid": 28.45, "county_wind": 4.97, "county_precip": 0.0, "county_sunHour": 11.56}, "geometry": {"type": "Polygon", "coordinates": [[[-121.64561880788888, 40.95910838124327], [-121.64561880788888, 41.00402393999282], [-121.58632004988426, 41.00402393999282], [-121.58632004988426, 40.95910838124327], [-121.64561880788888, 40.95910838124327]]]}}, {"type": "Feature", "properties": {"grid_id": "06089_5km_0345", "county": "Shasta County", "county_short": "Shasta", "geoid": "06089", "grid_km": 5.0, "center_lat": 40.981566, "center_lon": -121.556671, "row_index": 15, "col_index": 25, "is_mock": 1, "shape_model": "county_boundary_clipped_grid", "month": "2020-08", "monthly_fire_probability_pct": 23.33, "risk_score": 0.4322, "risk_level": "medium", "mock_ndvi": 0.691, "mock_avgtempF": 88.51, "mock_humid": 27.83, "mock_wind": 5.65, "county_avgtempF": 88.55, "county_humid": 28.45, "county_wind": 4.97, "county_precip": 0.0, "county_sunHour": 11.56}, "geometry": {"type": "Polygon", "coordinates": [[[-121.58632004988425, 40.95910838124327], [-121.58632004988425, 41.00402393999282], [-121.52702129187963, 41.00402393999282], [-121.52702129187963, 40.95910838124327], [-121.58632004988425, 40.95910838124327]]]}}, {"type": "Feature", "properties": {"grid_id": "06089_5km_0346", "county": "Shasta County", "county_short": "Shasta", "geoid": "06089", "grid_km": 5.0, "center_lat": 40.981566, "center_lon": -121.497372, "row_index": 15, "col_index": 26, "is_mock": 1, "shape_model": "county_boundary_clipped_grid", "month": "2020-08", "monthly_fire_probability_pct": 23.33, "risk_score": 0.4251, "risk_level": "medium", "mock_ndvi": 0.6905, "mock_avgtempF": 88.28, "mock_humid": 28.56, "mock_wind": 5.58, "county_avgtempF": 88.55, "county_humid": 28.45, "county_wind": 4.97, "county_precip": 0.0, "county_sunHour": 11.56}, "geometry": {"type": "Polygon", "coordinates": [[[-121.52702129187962, 40.95910838124327], [-121.52702129187962, 41.00402393999282], [-121.467722533875, 41.00402393999282], [-121.467722533875, 40.95910838124327], [-121.52702129187962, 40.95910838124327]]]}}, {"type": "Feature", "properties": {"grid_id": "06089_5km_0347", "county": "Shasta County", "county_short": "Shasta", "geoid": "06089", "grid_km": 5.0, "center_lat": 40.981566, "center_lon": -121.438073, "row_index": 15, "col_index": 27, "is_mock": 1, "shape_model": "county_boundary_clipped_grid", "month": "2020-08", "monthly_fire_probability_pct": 23.33, "risk_score": 0.418, "risk_level": "medium", "mock_ndvi": 0.6905, "mock_avgtempF": 88.05, "mock_humid": 29.29, "mock_wind": 5.5, "county_avgtempF": 88.55, "county_humid": 28.45, "county_wind": 4.97, "county_precip": 0.0, "county_sunHour": 11.56}, "geometry": {"type": "Polygon", "coordinates": [[[-121.46772253387499, 40.95910838124327], [-121.46772253387499, 41.00402393999282], [-121.40842377587038, 41.00402393999282], [-121.40842377587038, 40.95910838124327], [-121.46772253387499, 40.95910838124327]]]}}, {"type": "Feature", "properties": {"grid_id": "06089_5km_0348", "county": "Shasta County", "county_short": "Shasta", "geoid": "06089", "grid_km": 5.0, "center_lat": 40.981566, "center_lon": -121.378774, "row_index": 15, "col_index": 28, "is_mock": 1, "shape_model": "county_boundary_clipped_grid", "month": "2020-08", "monthly_fire_probability_pct": 23.33, "risk_score": 0.411, "risk_level": "medium", "mock_ndvi": 0.6913, "mock_avgtempF": 87.84, "mock_humid": 30.01, "mock_wind": 5.4, "county_avgtempF": 88.55, "county_humid": 28.45, "county_wind": 4.97, "county_precip": 0.0, "county_sunHour": 11.56}, "geometry": {"type": "Polygon", "coordinates": [[[-121.40842377587036, 40.95910838124327], [-121.40842377587036, 41.00402393999282], [-121.34912501786575, 41.00402393999282], [-121.34912501786575, 40.95910838124327], [-121.40842377587036, 40.95910838124327]]]}}, {"type": "Feature", "properties": {"grid_id": "06089_5km_0349", "county": "Shasta County", "county_short": "Shasta", "geoid": "06089", "grid_km": 5.0, "center_lat": 41.005144, "center_lon": -122.535606, "row_index": 16, "col_index": 8, "is_mock": 1, "shape_model": "county_boundary_clipped_grid", "month": "2020-08", "monthly_fire_probability_pct": 23.33, "risk_score": 0.4208, "risk_level": "medium", "mock_ndvi": 0.6829, "mock_avgtempF": 88.03, "mock_humid": 29.06, "mock_wind": 5.77, "county_avgtempF": 88.55, "county_humid": 28.45, "county_wind": 4.97, "county_precip": 0.0, "county_sunHour": 11.56}, "geometry": {"type": "Polygon", "coordinates": [[[-122.53510017795834, 41.00626317839704], [-122.53510017795834, 41.00402393999282], [-122.53712335109842, 41.00402393999282], [-122.53510017795834, 41.00626317839704]]]}}, {"type": "Feature", "properties": {"grid_id": "06089_5km_0350", "county": "Shasta County", "county_short": "Shasta", "geoid": "06089", "grid_km": 5.0, "center_lat": 41.027505, "center_lon": -122.501872, "row_index": 16, "col_index": 9, "is_mock": 1, "shape_model": "county_boundary_clipped_grid", "month": "2020-08", "monthly_fire_probability_pct": 23.33, "risk_score": 0.4196, "risk_level": "medium", "mock_ndvi": 0.6827, "mock_avgtempF": 87.99, "mock_humid": 29.19, "mock_wind": 5.76, "county_avgtempF": 88.55, "county_humid": 28.45, "county_wind": 4.97, "county_precip": 0.0, "county_sunHour": 11.56}, "geometry": {"type": "Polygon", "coordinates": [[[-122.527753, 41.014395], [-122.528132, 41.040615], [-122.52401540340684, 41.04893949874237], [-122.47580141995371, 41.04893949874237], [-122.47580141995371, 41.00402393999282], [-122.53510017795833, 41.00402393999282], [-122.53510017795833, 41.00626317839706], [-122.527753, 41.014395]]]}}, {"type": "Feature", "properties": {"grid_id": "06089_5km_0351", "county": "Shasta County", "county_short": "Shasta", "geoid": "06089", "grid_km": 5.0, "center_lat": 41.026482, "center_lon": -122.446152, "row_index": 16, "col_index": 10, "is_mock": 1, "shape_model": "county_boundary_clipped_grid", "month": "2020-08", "monthly_fire_probability_pct": 23.33, "risk_score": 0.424, "risk_level": "medium", "mock_ndvi": 0.6815, "mock_avgtempF": 88.11, "mock_humid": 28.74, "mock_wind": 5.85, "county_avgtempF": 88.55, "county_humid": 28.45, "county_wind": 4.97, "county_precip": 0.0, "county_sunHour": 11.56}, "geometry": {"type": "Polygon", "coordinates": [[[-122.4758014199537, 41.00402393999282], [-122.4758014199537, 41.04893949874237], [-122.41650266194908, 41.04893949874237], [-122.41650266194908, 41.00402393999282], [-122.4758014199537, 41.00402393999282]]]}}, {"type": "Feature", "properties": {"grid_id": "06089_5km_0352", "county": "Shasta County", "county_short": "Shasta", "geoid": "06089", "grid_km": 5.0, "center_lat": 41.026482, "center_lon": -122.386853, "row_index": 16, "col_index": 11, "is_mock": 1, "shape_model": "county_boundary_clipped_grid", "month": "2020-08", "monthly_fire_probability_pct": 23.33, "risk_score": 0.4287, "risk_level": "medium", "mock_ndvi": 0.6812, "mock_avgtempF": 88.26, "mock_humid": 28.25, "mock_wind": 5.91, "county_avgtempF": 88.55, "county_humid": 28.45, "county_wind": 4.97, "county_precip": 0.0, "county_sunHour": 11.56}, "geometry": {"type": "Polygon", "coordinates": [[[-122.41650266194907, 41.00402393999282], [-122.41650266194907, 41.04893949874237], [-122.35720390394445, 41.04893949874237], [-122.35720390394445, 41.00402393999282], [-122.41650266194907, 41.00402393999282]]]}}, {"type": "Feature", "properties": {"grid_id": "06089_5km_0353", "county": "Shasta County", "county_short": "Shasta", "geoid": "06089", "grid_km": 5.0, "center_lat": 41.026482, "center_lon": -122.327555, "row_index": 16, "col_index": 12, "is_mock": 1, "shape_model": "county_boundary_clipped_grid", "month": "2020-08", "monthly_fire_probability_pct": 23.33, "risk_score": 0.4335, "risk_level": "medium", "mock_ndvi": 0.6818, "mock_avgtempF": 88.42, "mock_humid": 27.75, "mock_wind": 5.94, "county_avgtempF": 88.55, "county_humid": 28.45, "county_wind": 4.97, "county_precip": 0.0, "county_sunHour": 11.56}, "geometry": {"type": "Polygon", "coordinates": [[[-122.35720390394444, 41.00402393999282], [-122.35720390394444, 41.04893949874237], [-122.29790514593982, 41.04893949874237], [-122.29790514593982, 41.00402393999282], [-122.35720390394444, 41.00402393999282]]]}}, {"type": "Feature", "properties": {"grid_id": "06089_5km_0354", "county": "Shasta County", "county_short": "Shasta", "geoid": "06089", "grid_km": 5.0, "center_lat": 41.026482, "center_lon": -122.268256, "row_index": 16, "col_index": 13, "is_mock": 1, "shape_model": "county_boundary_clipped_grid", "month": "2020-08", "monthly_fire_probability_pct": 23.33, "risk_score": 0.4381, "risk_level": "medium", "mock_ndvi": 0.6832, "mock_avgtempF": 88.59, "mock_humid": 27.26, "mock_wind": 5.95, "county_avgtempF": 88.55, "county_humid": 28.45, "county_wind": 4.97, "county_precip": 0.0, "county_sunHour": 11.56}, "geometry": {"type": "Polygon", "coordinates": [[[-122.29790514593981, 41.00402393999282], [-122.29790514593981, 41.04893949874237], [-122.23860638793519, 41.04893949874237], [-122.23860638793519, 41.00402393999282], [-122.29790514593981, 41.00402393999282]]]}}, {"type": "Feature", "properties": {"grid_id": "06089_5km_0355", "county": "Shasta County", "county_short": "Shasta", "geoid": "06089", "grid_km": 5.0, "center_lat": 41.026482, "center_lon": -122.208957, "row_index": 16, "col_index": 14, "is_mock": 1, "shape_model": "county_boundary_clipped_grid", "month": "2020-08", "monthly_fire_probability_pct": 23.33, "risk_score": 0.4425, "risk_level": "medium", "mock_ndvi": 0.6852, "mock_avgtempF": 88.76, "mock_humid": 26.8, "mock_wind": 5.94, "county_avgtempF": 88.55, "county_humid": 28.45, "county_wind": 4.97, "county_precip": 0.0, "county_sunHour": 11.56}, "geometry": {"type": "Polygon", "coordinates": [[[-122.23860638793518, 41.00402393999282], [-122.23860638793518, 41.04893949874237], [-122.17930762993056, 41.04893949874237], [-122.17930762993056, 41.00402393999282], [-122.23860638793518, 41.00402393999282]]]}}, {"type": "Feature", "properties": {"grid_id": "06089_5km_0356", "county": "Shasta County", "county_short": "Shasta", "geoid": "06089", "grid_km": 5.0, "center_lat": 41.026482, "center_lon": -122.149658, "row_index": 16, "col_index": 15, "is_mock": 1, "shape_model": "county_boundary_clipped_grid", "month": "2020-08", "monthly_fire_probability_pct": 23.33, "risk_score": 0.4462, "risk_level": "medium", "mock_ndvi": 0.6874, "mock_avgtempF": 88.91, "mock_humid": 26.4, "mock_wind": 5.92, "county_avgtempF": 88.55, "county_humid": 28.45, "county_wind": 4.97, "county_precip": 0.0, "county_sunHour": 11.56}, "geometry": {"type": "Polygon", "coordinates": [[[-122.17930762993055, 41.00402393999282], [-122.17930762993055, 41.04893949874237], [-122.12000887192593, 41.04893949874237], [-122.12000887192593, 41.00402393999282], [-122.17930762993055, 41.00402393999282]]]}}, {"type": "Feature", "properties": {"grid_id": "06089_5km_0357", "county": "Shasta County", "county_short": "Shasta", "geoid": "06089", "grid_km": 5.0, "center_lat": 41.026482, "center_lon": -122.090359, "row_index": 16, "col_index": 16, "is_mock": 1, "shape_model": "county_boundary_clipped_grid", "month": "2020-08", "monthly_fire_probability_pct": 23.33, "risk_score": 0.4491, "risk_level": "medium", "mock_ndvi": 0.6897, "mock_avgtempF": 89.04, "mock_humid": 26.08, "mock_wind": 5.88, "county_avgtempF": 88.55, "county_humid": 28.45, "county_wind": 4.97, "county_precip": 0.0, "county_sunHour": 11.56}, "geometry": {"type": "Polygon", "coordinates": [[[-122.12000887192592, 41.00402393999282], [-122.12000887192592, 41.04893949874237], [-122.0607101139213, 41.04893949874237], [-122.0607101139213, 41.00402393999282], [-122.12000887192592, 41.00402393999282]]]}}, {"type": "Feature", "properties": {"grid_id": "06089_5km_0358", "county": "Shasta County", "county_short": "Shasta", "geoid": "06089", "grid_km": 5.0, "center_lat": 41.026482, "center_lon": -122.031061, "row_index": 16, "col_index": 17, "is_mock": 1, "shape_model": "county_boundary_clipped_grid", "month": "2020-08", "monthly_fire_probability_pct": 23.33, "risk_score": 0.4511, "risk_level": "medium", "mock_ndvi": 0.6918, "mock_avgtempF": 89.13, "mock_humid": 25.86, "mock_wind": 5.83, "county_avgtempF": 88.55, "county_humid": 28.45, "county_wind": 4.97, "county_precip": 0.0, "county_sunHour": 11.56}, "geometry": {"type": "Polygon", "coordinates": [[[-122.06071011392129, 41.00402393999282], [-122.06071011392129, 41.04893949874237], [-122.00141135591667, 41.04893949874237], [-122.00141135591667, 41.00402393999282], [-122.06071011392129, 41.00402393999282]]]}}, {"type": "Feature", "properties": {"grid_id": "06089_5km_0359", "county": "Shasta County", "county_short": "Shasta", "geoid": "06089", "grid_km": 5.0, "center_lat": 41.026482, "center_lon": -121.971762, "row_index": 16, "col_index": 18, "is_mock": 1, "shape_model": "county_boundary_clipped_grid", "month": "2020-08", "monthly_fire_probability_pct": 23.33, "risk_score": 0.4518, "risk_level": "medium", "mock_ndvi": 0.6935, "mock_avgtempF": 89.18, "mock_humid": 25.77, "mock_wind": 5.79, "county_avgtempF": 88.55, "county_humid": 28.45, "county_wind": 4.97, "county_precip": 0.0, "county_sunHour": 11.56}, "geometry": {"type": "Polygon", "coordinates": [[[-122.00141135591666, 41.00402393999282], [-122.00141135591666, 41.04893949874237], [-121.94211259791204, 41.04893949874237], [-121.94211259791204, 41.00402393999282], [-122.00141135591666, 41.00402393999282]]]}}, {"type": "Feature", "properties": {"grid_id": "06089_5km_0360", "county": "Shasta County", "county_short": "Shasta", "geoid": "06089", "grid_km": 5.0, "center_lat": 41.026482, "center_lon": -121.912463, "row_index": 16, "col_index": 19, "is_mock": 1, "shape_model": "county_boundary_clipped_grid", "month": "2020-08", "monthly_fire_probability_pct": 23.33, "risk_score": 0.4514, "risk_level": "medium", "mock_ndvi": 0.6947, "mock_avgtempF": 89.18, "mock_humid": 25.81, "mock_wind": 5.75, "county_avgtempF": 88.55, "county_humid": 28.45, "county_wind": 4.97, "county_precip": 0.0, "county_sunHour": 11.56}, "geometry": {"type": "Polygon", "coordinates": [[[-121.94211259791203, 41.00402393999282], [-121.94211259791203, 41.04893949874237], [-121.88281383990741, 41.04893949874237], [-121.88281383990741, 41.00402393999282], [-121.94211259791203, 41.00402393999282]]]}}, {"type": "Feature", "properties": {"grid_id": "06089_5km_0361", "county": "Shasta County", "county_short": "Shasta", "geoid": "06089", "grid_km": 5.0, "center_lat": 41.026482, "center_lon": -121.853164, "row_index": 16, "col_index": 20, "is_mock": 1, "shape_model": "county_boundary_clipped_grid", "month": "2020-08", "monthly_fire_probability_pct": 23.33, "risk_score": 0.4496, "risk_level": "medium", "mock_ndvi": 0.6954, "mock_avgtempF": 89.13, "mock_humid": 25.99, "mock_wind": 5.71, "county_avgtempF": 88.55, "county_humid": 28.45, "county_wind": 4.97, "county_precip": 0.0, "county_sunHour": 11.56}, "geometry": {"type": "Polygon", "coordinates": [[[-121.8828138399074, 41.00402393999282], [-121.8828138399074, 41.04893949874237], [-121.82351508190278, 41.04893949874237], [-121.82351508190278, 41.00402393999282], [-121.8828138399074, 41.00402393999282]]]}}, {"type": "Feature", "properties": {"grid_id": "06089_5km_0362", "county": "Shasta County", "county_short": "Shasta", "geoid": "06089", "grid_km": 5.0, "center_lat": 41.026482, "center_lon": -121.793866, "row_index": 16, "col_index": 21, "is_mock": 1, "shape_model": "county_boundary_clipped_grid", "month": "2020-08", "monthly_fire_probability_pct": 23.33, "risk_score": 0.4465, "risk_level": "medium", "mock_ndvi": 0.6955, "mock_avgtempF": 89.04, "mock_humid": 26.31, "mock_wind": 5.67, "county_avgtempF": 88.55, "county_humid": 28.45, "county_wind": 4.97, "county_precip": 0.0, "county_sunHour": 11.56}, "geometry": {"type": "Polygon", "coordinates": [[[-121.82351508190277, 41.00402393999282], [-121.82351508190277, 41.04893949874237], [-121.76421632389815, 41.04893949874237], [-121.76421632389815, 41.00402393999282], [-121.82351508190277, 41.00402393999282]]]}}, {"type": "Feature", "properties": {"grid_id": "06089_5km_0363", "county": "Shasta County", "county_short": "Shasta", "geoid": "06089", "grid_km": 5.0, "center_lat": 41.026482, "center_lon": -121.734567, "row_index": 16, "col_index": 22, "is_mock": 1, "shape_model": "county_boundary_clipped_grid", "month": "2020-08", "monthly_fire_probability_pct": 23.33, "risk_score": 0.4424, "risk_level": "medium", "mock_ndvi": 0.6951, "mock_avgtempF": 88.9, "mock_humid": 26.74, "mock_wind": 5.63, "county_avgtempF": 88.55, "county_humid": 28.45, "county_wind": 4.97, "county_precip": 0.0, "county_sunHour": 11.56}, "geometry": {"type": "Polygon", "coordinates": [[[-121.76421632389814, 41.00402393999282], [-121.76421632389814, 41.04893949874237], [-121.70491756589352, 41.04893949874237], [-121.70491756589352, 41.00402393999282], [-121.76421632389814, 41.00402393999282]]]}}, {"type": "Feature", "properties": {"grid_id": "06089_5km_0364", "county": "Shasta County", "county_short": "Shasta", "geoid": "06089", "grid_km": 5.0, "center_lat": 41.026482, "center_lon": -121.675268, "row_index": 16, "col_index": 23, "is_mock": 1, "shape_model": "county_boundary_clipped_grid", "month": "2020-08", "monthly_fire_probability_pct": 23.33, "risk_score": 0.4372, "risk_level": "medium", "mock_ndvi": 0.6943, "mock_avgtempF": 88.72, "mock_humid": 27.28, "mock_wind": 5.6, "county_avgtempF": 88.55, "county_humid": 28.45, "county_wind": 4.97, "county_precip": 0.0, "county_sunHour": 11.56}, "geometry": {"type": "Polygon", "coordinates": [[[-121.70491756589351, 41.00402393999282], [-121.70491756589351, 41.04893949874237], [-121.6456188078889, 41.04893949874237], [-121.6456188078889, 41.00402393999282], [-121.70491756589351, 41.00402393999282]]]}}, {"type": "Feature", "properties": {"grid_id": "06089_5km_0365", "county": "Shasta County", "county_short": "Shasta", "geoid": "06089", "grid_km": 5.0, "center_lat": 41.026482, "center_lon": -121.615969, "row_index": 16, "col_index": 24, "is_mock": 1, "shape_model": "county_boundary_clipped_grid", "month": "2020-08", "monthly_fire_probability_pct": 23.33, "risk_score": 0.4313, "risk_level": "medium", "mock_ndvi": 0.6934, "mock_avgtempF": 88.51, "mock_humid": 27.9, "mock_wind": 5.56, "county_avgtempF": 88.55, "county_humid": 28.45, "county_wind": 4.97, "county_precip": 0.0, "county_sunHour": 11.56}, "geometry": {"type": "Polygon", "coordinates": [[[-121.64561880788888, 41.00402393999282], [-121.64561880788888, 41.04893949874237], [-121.58632004988426, 41.04893949874237], [-121.58632004988426, 41.00402393999282], [-121.64561880788888, 41.00402393999282]]]}}, {"type": "Feature", "properties": {"grid_id": "06089_5km_0366", "county": "Shasta County", "county_short": "Shasta", "geoid": "06089", "grid_km": 5.0, "center_lat": 41.026482, "center_lon": -121.556671, "row_index": 16, "col_index": 25, "is_mock": 1, "shape_model": "county_boundary_clipped_grid", "month": "2020-08", "monthly_fire_probability_pct": 23.33, "risk_score": 0.4247, "risk_level": "medium", "mock_ndvi": 0.6925, "mock_avgtempF": 88.29, "mock_humid": 28.58, "mock_wind": 5.52, "county_avgtempF": 88.55, "county_humid": 28.45, "county_wind": 4.97, "county_precip": 0.0, "county_sunHour": 11.56}, "geometry": {"type": "Polygon", "coordinates": [[[-121.58632004988425, 41.00402393999282], [-121.58632004988425, 41.04893949874237], [-121.52702129187963, 41.04893949874237], [-121.52702129187963, 41.00402393999282], [-121.58632004988425, 41.00402393999282]]]}}, {"type": "Feature", "properties": {"grid_id": "06089_5km_0367", "county": "Shasta County", "county_short": "Shasta", "geoid": "06089", "grid_km": 5.0, "center_lat": 41.026482, "center_lon": -121.497372, "row_index": 16, "col_index": 26, "is_mock": 1, "shape_model": "county_boundary_clipped_grid", "month": "2020-08", "monthly_fire_probability_pct": 23.33, "risk_score": 0.4179, "risk_level": "medium", "mock_ndvi": 0.6919, "mock_avgtempF": 88.06, "mock_humid": 29.3, "mock_wind": 5.46, "county_avgtempF": 88.55, "county_humid": 28.45, "county_wind": 4.97, "county_precip": 0.0, "county_sunHour": 11.56}, "geometry": {"type": "Polygon", "coordinates": [[[-121.52702129187962, 41.00402393999282], [-121.52702129187962, 41.04893949874237], [-121.467722533875, 41.04893949874237], [-121.467722533875, 41.00402393999282], [-121.52702129187962, 41.00402393999282]]]}}, {"type": "Feature", "properties": {"grid_id": "06089_5km_0368", "county": "Shasta County", "county_short": "Shasta", "geoid": "06089", "grid_km": 5.0, "center_lat": 41.026482, "center_lon": -121.438073, "row_index": 16, "col_index": 27, "is_mock": 1, "shape_model": "county_boundary_clipped_grid", "month": "2020-08", "monthly_fire_probability_pct": 23.33, "risk_score": 0.411, "risk_level": "medium", "mock_ndvi": 0.6919, "mock_avgtempF": 87.84, "mock_humid": 30.01, "mock_wind": 5.38, "county_avgtempF": 88.55, "county_humid": 28.45, "county_wind": 4.97, "county_precip": 0.0, "county_sunHour": 11.56}, "geometry": {"type": "Polygon", "coordinates": [[[-121.46772253387499, 41.00402393999282], [-121.46772253387499, 41.04893949874237], [-121.40842377587038, 41.04893949874237], [-121.40842377587038, 41.00402393999282], [-121.46772253387499, 41.00402393999282]]]}}, {"type": "Feature", "properties": {"grid_id": "06089_5km_0369", "county": "Shasta County", "county_short": "Shasta", "geoid": "06089", "grid_km": 5.0, "center_lat": 41.026482, "center_lon": -121.378774, "row_index": 16, "col_index": 28, "is_mock": 1, "shape_model": "county_boundary_clipped_grid", "month": "2020-08", "monthly_fire_probability_pct": 23.33, "risk_score": 0.4088, "risk_level": "medium", "mock_ndvi": 0.6902, "mock_avgtempF": 87.75, "mock_humid": 30.25, "mock_wind": 5.41, "county_avgtempF": 88.55, "county_humid": 28.45, "county_wind": 4.97, "county_precip": 0.0, "county_sunHour": 11.56}, "geometry": {"type": "Polygon", "coordinates": [[[-121.40842377587036, 41.00402393999282], [-121.40842377587036, 41.04893949874237], [-121.34912501786575, 41.04893949874237], [-121.34912501786575, 41.00402393999282], [-121.40842377587036, 41.00402393999282]]]}}, {"type": "Feature", "properties": {"grid_id": "06089_5km_0370", "county": "Shasta County", "county_short": "Shasta", "geoid": "06089", "grid_km": 5.0, "center_lat": 41.068388, "center_lon": -122.536701, "row_index": 17, "col_index": 8, "is_mock": 1, "shape_model": "county_boundary_clipped_grid", "month": "2020-08", "monthly_fire_probability_pct": 23.33, "risk_score": 0.4104, "risk_level": "medium", "mock_ndvi": 0.6867, "mock_avgtempF": 87.75, "mock_humid": 30.11, "mock_wind": 5.54, "county_avgtempF": 88.55, "county_humid": 28.45, "county_wind": 4.97, "county_precip": 0.0, "county_sunHour": 11.56}, "geometry": {"type": "Polygon", "coordinates": [[[-122.536828, 41.06417], [-122.539775, 41.072605], [-122.53510017795834, 41.07437632262701], [-122.53510017795834, 41.06399305248259], [-122.536828, 41.06417]]]}}, {"type": "Feature", "properties": {"grid_id": "06089_5km_0371", "county": "Shasta County", "county_short": "Shasta", "geoid": "06089", "grid_km": 5.0, "center_lat": 41.069185, "center_lon": -122.505451, "row_index": 17, "col_index": 9, "is_mock": 1, "shape_model": "county_boundary_clipped_grid", "month": "2020-08", "monthly_fire_probability_pct": 23.33, "risk_score": 0.4124, "risk_level": "medium", "mock_ndvi": 0.6857, "mock_avgtempF": 87.8, "mock_humid": 29.91, "mock_wind": 5.59, "county_avgtempF": 88.55, "county_humid": 28.45, "county_wind": 4.97, "county_precip": 0.0, "county_sunHour": 11.56}, "geometry": {"type": "Polygon", "coordinates": [[[-122.522361, 41.052285], [-122.525794, 41.06304], [-122.53510017795833, 41.06399305248259], [-122.53510017795833, 41.07437632262702], [-122.528833, 41.076751], [-122.513354, 41.088227], [-122.493297, 41.085987], [-122.47580141995371, 41.09353149519106], [-122.47580141995371, 41.04893949874237], [-122.52401540340684, 41.04893949874237], [-122.522361, 41.052285]]]}}, {"type": "Feature", "properties": {"grid_id": "06089_5km_0372", "county": "Shasta County", "county_short": "Shasta", "geoid": "06089", "grid_km": 5.0, "center_lat": 41.071235, "center_lon": -122.446152, "row_index": 17, "col_index": 10, "is_mock": 1, "shape_model": "county_boundary_clipped_grid", "month": "2020-08", "monthly_fire_probability_pct": 23.33, "risk_score": 0.4164, "risk_level": "medium", "mock_ndvi": 0.6847, "mock_avgtempF": 87.91, "mock_humid": 29.5, "mock_wind": 5.67, "county_avgtempF": 88.55, "county_humid": 28.45, "county_wind": 4.97, "county_precip": 0.0, "county_sunHour": 11.56}, "geometry": {"type": "Polygon", "coordinates": [[[-122.47505108345122, 41.09385505749192], [-122.41650266194908, 41.09385505749192], [-122.41650266194908, 41.04893949874237], [-122.4758014199537, 41.04893949874237], [-122.4758014199537, 41.093531495191066], [-122.47505108345122, 41.09385505749192]]]}}, {"type": "Feature", "properties": {"grid_id": "06089_5km_0373", "county": "Shasta County", "county_short": "Shasta", "geoid": "06089", "grid_km": 5.0, "center_lat": 41.071397, "center_lon": -122.386853, "row_index": 17, "col_index": 11, "is_mock": 1, "shape_model": "county_boundary_clipped_grid", "month": "2020-08", "monthly_fire_probability_pct": 23.33, "risk_score": 0.4209, "risk_level": "medium", "mock_ndvi": 0.6845, "mock_avgtempF": 88.06, "mock_humid": 29.04, "mock_wind": 5.72, "county_avgtempF": 88.55, "county_humid": 28.45, "county_wind": 4.97, "county_precip": 0.0, "county_sunHour": 11.56}, "geometry": {"type": "Polygon", "coordinates": [[[-122.41650266194907, 41.04893949874237], [-122.41650266194907, 41.09385505749192], [-122.35720390394445, 41.09385505749192], [-122.35720390394445, 41.04893949874237], [-122.41650266194907, 41.04893949874237]]]}}, {"type": "Feature", "properties": {"grid_id": "06089_5km_0374", "county": "Shasta County", "county_short": "Shasta", "geoid": "06089", "grid_km": 5.0, "center_lat": 41.071397, "center_lon": -122.327555, "row_index": 17, "col_index": 12, "is_mock": 1, "shape_model": "county_boundary_clipped_grid", "month": "2020-08", "monthly_fire_probability_pct": 23.33, "risk_score": 0.4255, "risk_level": "medium", "mock_ndvi": 0.6852, "mock_avgtempF": 88.21, "mock_humid": 28.56, "mock_wind": 5.75, "county_avgtempF": 88.55, "county_humid": 28.45, "county_wind": 4.97, "county_precip": 0.0, "county_sunHour": 11.56}, "geometry": {"type": "Polygon", "coordinates": [[[-122.35720390394444, 41.04893949874237], [-122.35720390394444, 41.09385505749192], [-122.29790514593982, 41.09385505749192], [-122.29790514593982, 41.04893949874237], [-122.35720390394444, 41.04893949874237]]]}}, {"type": "Feature", "properties": {"grid_id": "06089_5km_0375", "county": "Shasta County", "county_short": "Shasta", "geoid": "06089", "grid_km": 5.0, "center_lat": 41.071397, "center_lon": -122.268256, "row_index": 17, "col_index": 13, "is_mock": 1, "shape_model": "county_boundary_clipped_grid", "month": "2020-08", "monthly_fire_probability_pct": 23.33, "risk_score": 0.43, "risk_level": "medium", "mock_ndvi": 0.6867, "mock_avgtempF": 88.38, "mock_humid": 28.08, "mock_wind": 5.76, "county_avgtempF": 88.55, "county_humid": 28.45, "county_wind": 4.97, "county_precip": 0.0, "county_sunHour": 11.56}, "geometry": {"type": "Polygon", "coordinates": [[[-122.29790514593981, 41.04893949874237], [-122.29790514593981, 41.09385505749192], [-122.23860638793519, 41.09385505749192], [-122.23860638793519, 41.04893949874237], [-122.29790514593981, 41.04893949874237]]]}}, {"type": "Feature", "properties": {"grid_id": "06089_5km_0376", "county": "Shasta County", "county_short": "Shasta", "geoid": "06089", "grid_km": 5.0, "center_lat": 41.071397, "center_lon": -122.208957, "row_index": 17, "col_index": 14, "is_mock": 1, "shape_model": "county_boundary_clipped_grid", "month": "2020-08", "monthly_fire_probability_pct": 23.33, "risk_score": 0.4342, "risk_level": "medium", "mock_ndvi": 0.6887, "mock_avgtempF": 88.54, "mock_humid": 27.63, "mock_wind": 5.74, "county_avgtempF": 88.55, "county_humid": 28.45, "county_wind": 4.97, "county_precip": 0.0, "county_sunHour": 11.56}, "geometry": {"type": "Polygon", "coordinates": [[[-122.23860638793518, 41.04893949874237], [-122.23860638793518, 41.09385505749192], [-122.17930762993056, 41.09385505749192], [-122.17930762993056, 41.04893949874237], [-122.23860638793518, 41.04893949874237]]]}}, {"type": "Feature", "properties": {"grid_id": "06089_5km_0377", "county": "Shasta County", "county_short": "Shasta", "geoid": "06089", "grid_km": 5.0, "center_lat": 41.071397, "center_lon": -122.149658, "row_index": 17, "col_index": 15, "is_mock": 1, "shape_model": "county_boundary_clipped_grid", "month": "2020-08", "monthly_fire_probability_pct": 23.33, "risk_score": 0.4379, "risk_level": "medium", "mock_ndvi": 0.691, "mock_avgtempF": 88.69, "mock_humid": 27.24, "mock_wind": 5.71, "county_avgtempF": 88.55, "county_humid": 28.45, "county_wind": 4.97, "county_precip": 0.0, "county_sunHour": 11.56}, "geometry": {"type": "Polygon", "coordinates": [[[-122.17930762993055, 41.04893949874237], [-122.17930762993055, 41.09385505749192], [-122.12000887192593, 41.09385505749192], [-122.12000887192593, 41.04893949874237], [-122.17930762993055, 41.04893949874237]]]}}, {"type": "Feature", "properties": {"grid_id": "06089_5km_0378", "county": "Shasta County", "county_short": "Shasta", "geoid": "06089", "grid_km": 5.0, "center_lat": 41.071397, "center_lon": -122.090359, "row_index": 17, "col_index": 16, "is_mock": 1, "shape_model": "county_boundary_clipped_grid", "month": "2020-08", "monthly_fire_probability_pct": 23.33, "risk_score": 0.4407, "risk_level": "medium", "mock_ndvi": 0.6933, "mock_avgtempF": 88.82, "mock_humid": 26.92, "mock_wind": 5.67, "county_avgtempF": 88.55, "county_humid": 28.45, "county_wind": 4.97, "county_precip": 0.0, "county_sunHour": 11.56}, "geometry": {"type": "Polygon", "coordinates": [[[-122.12000887192592, 41.04893949874237], [-122.12000887192592, 41.09385505749192], [-122.0607101139213, 41.09385505749192], [-122.0607101139213, 41.04893949874237], [-122.12000887192592, 41.04893949874237]]]}}, {"type": "Feature", "properties": {"grid_id": "06089_5km_0379", "county": "Shasta County", "county_short": "Shasta", "geoid": "06089", "grid_km": 5.0, "center_lat": 41.071397, "center_lon": -122.031061, "row_index": 17, "col_index": 17, "is_mock": 1, "shape_model": "county_boundary_clipped_grid", "month": "2020-08", "monthly_fire_probability_pct": 23.33, "risk_score": 0.4427, "risk_level": "medium", "mock_ndvi": 0.6954, "mock_avgtempF": 88.91, "mock_humid": 26.71, "mock_wind": 5.63, "county_avgtempF": 88.55, "county_humid": 28.45, "county_wind": 4.97, "county_precip": 0.0, "county_sunHour": 11.56}, "geometry": {"type": "Polygon", "coordinates": [[[-122.06071011392129, 41.04893949874237], [-122.06071011392129, 41.09385505749192], [-122.00141135591667, 41.09385505749192], [-122.00141135591667, 41.04893949874237], [-122.06071011392129, 41.04893949874237]]]}}, {"type": "Feature", "properties": {"grid_id": "06089_5km_0380", "county": "Shasta County", "county_short": "Shasta", "geoid": "06089", "grid_km": 5.0, "center_lat": 41.071397, "center_lon": -121.971762, "row_index": 17, "col_index": 18, "is_mock": 1, "shape_model": "county_boundary_clipped_grid", "month": "2020-08", "monthly_fire_probability_pct": 23.33, "risk_score": 0.4435, "risk_level": "medium", "mock_ndvi": 0.6971, "mock_avgtempF": 88.96, "mock_humid": 26.61, "mock_wind": 5.58, "county_avgtempF": 88.55, "county_humid": 28.45, "county_wind": 4.97, "county_precip": 0.0, "county_sunHour": 11.56}, "geometry": {"type": "Polygon", "coordinates": [[[-122.00141135591666, 41.04893949874237], [-122.00141135591666, 41.09385505749192], [-121.94211259791204, 41.09385505749192], [-121.94211259791204, 41.04893949874237], [-122.00141135591666, 41.04893949874237]]]}}, {"type": "Feature", "properties": {"grid_id": "06089_5km_0381", "county": "Shasta County", "county_short": "Shasta", "geoid": "06089", "grid_km": 5.0, "center_lat": 41.071397, "center_lon": -121.912463, "row_index": 17, "col_index": 19, "is_mock": 1, "shape_model": "county_boundary_clipped_grid", "month": "2020-08", "monthly_fire_probability_pct": 23.33, "risk_score": 0.443, "risk_level": "medium", "mock_ndvi": 0.6983, "mock_avgtempF": 88.96, "mock_humid": 26.65, "mock_wind": 5.54, "county_avgtempF": 88.55, "county_humid": 28.45, "county_wind": 4.97, "county_precip": 0.0, "county_sunHour": 11.56}, "geometry": {"type": "Polygon", "coordinates": [[[-121.94211259791203, 41.04893949874237], [-121.94211259791203, 41.09385505749192], [-121.88281383990741, 41.09385505749192], [-121.88281383990741, 41.04893949874237], [-121.94211259791203, 41.04893949874237]]]}}, {"type": "Feature", "properties": {"grid_id": "06089_5km_0382", "county": "Shasta County", "county_short": "Shasta", "geoid": "06089", "grid_km": 5.0, "center_lat": 41.071397, "center_lon": -121.853164, "row_index": 17, "col_index": 20, "is_mock": 1, "shape_model": "county_boundary_clipped_grid", "month": "2020-08", "monthly_fire_probability_pct": 23.33, "risk_score": 0.4414, "risk_level": "medium", "mock_ndvi": 0.6989, "mock_avgtempF": 88.92, "mock_humid": 26.82, "mock_wind": 5.5, "county_avgtempF": 88.55, "county_humid": 28.45, "county_wind": 4.97, "county_precip": 0.0, "county_sunHour": 11.56}, "geometry": {"type": "Polygon", "coordinates": [[[-121.8828138399074, 41.04893949874237], [-121.8828138399074, 41.09385505749192], [-121.82351508190278, 41.09385505749192], [-121.82351508190278, 41.04893949874237], [-121.8828138399074, 41.04893949874237]]]}}, {"type": "Feature", "properties": {"grid_id": "06089_5km_0383", "county": "Shasta County", "county_short": "Shasta", "geoid": "06089", "grid_km": 5.0, "center_lat": 41.071397, "center_lon": -121.793866, "row_index": 17, "col_index": 21, "is_mock": 1, "shape_model": "county_boundary_clipped_grid", "month": "2020-08", "monthly_fire_probability_pct": 23.33, "risk_score": 0.4385, "risk_level": "medium", "mock_ndvi": 0.6989, "mock_avgtempF": 88.83, "mock_humid": 27.11, "mock_wind": 5.47, "county_avgtempF": 88.55, "county_humid": 28.45, "county_wind": 4.97, "county_precip": 0.0, "county_sunHour": 11.56}, "geometry": {"type": "Polygon", "coordinates": [[[-121.82351508190277, 41.04893949874237], [-121.82351508190277, 41.09385505749192], [-121.76421632389815, 41.09385505749192], [-121.76421632389815, 41.04893949874237], [-121.82351508190277, 41.04893949874237]]]}}, {"type": "Feature", "properties": {"grid_id": "06089_5km_0384", "county": "Shasta County", "county_short": "Shasta", "geoid": "06089", "grid_km": 5.0, "center_lat": 41.071397, "center_lon": -121.734567, "row_index": 17, "col_index": 22, "is_mock": 1, "shape_model": "county_boundary_clipped_grid", "month": "2020-08", "monthly_fire_probability_pct": 23.33, "risk_score": 0.4345, "risk_level": "medium", "mock_ndvi": 0.6984, "mock_avgtempF": 88.69, "mock_humid": 27.53, "mock_wind": 5.44, "county_avgtempF": 88.55, "county_humid": 28.45, "county_wind": 4.97, "county_precip": 0.0, "county_sunHour": 11.56}, "geometry": {"type": "Polygon", "coordinates": [[[-121.76421632389814, 41.04893949874237], [-121.76421632389814, 41.09385505749192], [-121.70491756589352, 41.09385505749192], [-121.70491756589352, 41.04893949874237], [-121.76421632389814, 41.04893949874237]]]}}, {"type": "Feature", "properties": {"grid_id": "06089_5km_0385", "county": "Shasta County", "county_short": "Shasta", "geoid": "06089", "grid_km": 5.0, "center_lat": 41.071397, "center_lon": -121.675268, "row_index": 17, "col_index": 23, "is_mock": 1, "shape_model": "county_boundary_clipped_grid", "month": "2020-08", "monthly_fire_probability_pct": 23.33, "risk_score": 0.4295, "risk_level": "medium", "mock_ndvi": 0.6976, "mock_avgtempF": 88.52, "mock_humid": 28.06, "mock_wind": 5.41, "county_avgtempF": 88.55, "county_humid": 28.45, "county_wind": 4.97, "county_precip": 0.0, "county_sunHour": 11.56}, "geometry": {"type": "Polygon", "coordinates": [[[-121.70491756589351, 41.04893949874237], [-121.70491756589351, 41.09385505749192], [-121.6456188078889, 41.09385505749192], [-121.6456188078889, 41.04893949874237], [-121.70491756589351, 41.04893949874237]]]}}, {"type": "Feature", "properties": {"grid_id": "06089_5km_0386", "county": "Shasta County", "county_short": "Shasta", "geoid": "06089", "grid_km": 5.0, "center_lat": 41.071397, "center_lon": -121.615969, "row_index": 17, "col_index": 24, "is_mock": 1, "shape_model": "county_boundary_clipped_grid", "month": "2020-08", "monthly_fire_probability_pct": 23.33, "risk_score": 0.4237, "risk_level": "medium", "mock_ndvi": 0.6965, "mock_avgtempF": 88.32, "mock_humid": 28.66, "mock_wind": 5.38, "county_avgtempF": 88.55, "county_humid": 28.45, "county_wind": 4.97, "county_precip": 0.0, "county_sunHour": 11.56}, "geometry": {"type": "Polygon", "coordinates": [[[-121.64561880788888, 41.04893949874237], [-121.64561880788888, 41.09385505749192], [-121.58632004988426, 41.09385505749192], [-121.58632004988426, 41.04893949874237], [-121.64561880788888, 41.04893949874237]]]}}, {"type": "Feature", "properties": {"grid_id": "06089_5km_0387", "county": "Shasta County", "county_short": "Shasta", "geoid": "06089", "grid_km": 5.0, "center_lat": 41.071397, "center_lon": -121.556671, "row_index": 17, "col_index": 25, "is_mock": 1, "shape_model": "county_boundary_clipped_grid", "month": "2020-08", "monthly_fire_probability_pct": 23.33, "risk_score": 0.4174, "risk_level": "medium", "mock_ndvi": 0.6956, "mock_avgtempF": 88.1, "mock_humid": 29.32, "mock_wind": 5.34, "county_avgtempF": 88.55, "county_humid": 28.45, "county_wind": 4.97, "county_precip": 0.0, "county_sunHour": 11.56}, "geometry": {"type": "Polygon", "coordinates": [[[-121.58632004988425, 41.04893949874237], [-121.58632004988425, 41.09385505749192], [-121.52702129187963, 41.09385505749192], [-121.52702129187963, 41.04893949874237], [-121.58632004988425, 41.04893949874237]]]}}, {"type": "Feature", "properties": {"grid_id": "06089_5km_0388", "county": "Shasta County", "county_short": "Shasta", "geoid": "06089", "grid_km": 5.0, "center_lat": 41.071397, "center_lon": -121.497372, "row_index": 17, "col_index": 26, "is_mock": 1, "shape_model": "county_boundary_clipped_grid", "month": "2020-08", "monthly_fire_probability_pct": 23.33, "risk_score": 0.412, "risk_level": "medium", "mock_ndvi": 0.6943, "mock_avgtempF": 87.91, "mock_humid": 29.89, "mock_wind": 5.32, "county_avgtempF": 88.55, "county_humid": 28.45, "county_wind": 4.97, "county_precip": 0.0, "county_sunHour": 11.56}, "geometry": {"type": "Polygon", "coordinates": [[[-121.52702129187962, 41.04893949874237], [-121.52702129187962, 41.09385505749192], [-121.467722533875, 41.09385505749192], [-121.467722533875, 41.04893949874237], [-121.52702129187962, 41.04893949874237]]]}}, {"type": "Feature", "properties": {"grid_id": "06089_5km_0389", "county": "Shasta County", "county_short": "Shasta", "geoid": "06089", "grid_km": 5.0, "center_lat": 41.071397, "center_lon": -121.438073, "row_index": 17, "col_index": 27, "is_mock": 1, "shape_model": "county_boundary_clipped_grid", "month": "2020-08", "monthly_fire_probability_pct": 23.33, "risk_score": 0.41, "risk_level": "medium", "mock_ndvi": 0.6918, "mock_avgtempF": 87.81, "mock_humid": 30.12, "mock_wind": 5.37, "county_avgtempF": 88.55, "county_humid": 28.45, "county_wind": 4.97, "county_precip": 0.0, "county_sunHour": 11.56}, "geometry": {"type": "Polygon", "coordinates": [[[-121.46772253387499, 41.04893949874237], [-121.46772253387499, 41.09385505749192], [-121.40842377587038, 41.09385505749192], [-121.40842377587038, 41.04893949874237], [-121.46772253387499, 41.04893949874237]]]}}, {"type": "Feature", "properties": {"grid_id": "06089_5km_0390", "county": "Shasta County", "county_short": "Shasta", "geoid": "06089", "grid_km": 5.0, "center_lat": 41.071397, "center_lon": -121.378774, "row_index": 17, "col_index": 28, "is_mock": 1, "shape_model": "county_boundary_clipped_grid", "month": "2020-08", "monthly_fire_probability_pct": 23.33, "risk_score": 0.4085, "risk_level": "medium", "mock_ndvi": 0.6898, "mock_avgtempF": 87.73, "mock_humid": 30.29, "mock_wind": 5.42, "county_avgtempF": 88.55, "county_humid": 28.45, "county_wind": 4.97, "county_precip": 0.0, "county_sunHour": 11.56}, "geometry": {"type": "Polygon", "coordinates": [[[-121.40842377587036, 41.04893949874237], [-121.40842377587036, 41.09385505749192], [-121.34912501786575, 41.09385505749192], [-121.34912501786575, 41.04893949874237], [-121.40842377587036, 41.04893949874237]]]}}, {"type": "Feature", "properties": {"grid_id": "06089_5km_0391", "county": "Shasta County", "county_short": "Shasta", "geoid": "06089", "grid_km": 5.0, "center_lat": 41.107539, "center_lon": -122.434658, "row_index": 18, "col_index": 10, "is_mock": 1, "shape_model": "county_boundary_clipped_grid", "month": "2020-08", "monthly_fire_probability_pct": 23.33, "risk_score": 0.4113, "risk_level": "medium", "mock_ndvi": 0.6883, "mock_avgtempF": 87.8, "mock_humid": 30.01, "mock_wind": 5.5, "county_avgtempF": 88.55, "county_humid": 28.45, "county_wind": 4.97, "county_precip": 0.0, "county_sunHour": 11.56}, "geometry": {"type": "Polygon", "coordinates": [[[-122.468136, 41.096837], [-122.457144, 41.096611], [-122.448572, 41.11824], [-122.448108, 41.135905], [-122.44875695106366, 41.13877061624147], [-122.41650266194908, 41.13877061624147], [-122.41650266194908, 41.09385505749192], [-122.47505108345122, 41.09385505749192], [-122.468136, 41.096837]]]}}, {"type": "Feature", "properties": {"grid_id": "06089_5km_0392", "county": "Shasta County", "county_short": "Shasta", "geoid": "06089", "grid_km": 5.0, "center_lat": 41.116313, "center_lon": -122.386853, "row_index": 18, "col_index": 11, "is_mock": 1, "shape_model": "county_boundary_clipped_grid", "month": "2020-08", "monthly_fire_probability_pct": 23.33, "risk_score": 0.4134, "risk_level": "medium", "mock_ndvi": 0.6893, "mock_avgtempF": 87.88, "mock_humid": 29.78, "mock_wind": 5.49, "county_avgtempF": 88.55, "county_humid": 28.45, "county_wind": 4.97, "county_precip": 0.0, "county_sunHour": 11.56}, "geometry": {"type": "Polygon", "coordinates": [[[-122.41650266194907, 41.09385505749192], [-122.41650266194907, 41.13877061624147], [-122.35720390394445, 41.13877061624147], [-122.35720390394445, 41.09385505749192], [-122.41650266194907, 41.09385505749192]]]}}, {"type": "Feature", "properties": {"grid_id": "06089_5km_0393", "county": "Shasta County", "county_short": "Shasta", "geoid": "06089", "grid_km": 5.0, "center_lat": 41.116313, "center_lon": -122.327555, "row_index": 18, "col_index": 12, "is_mock": 1, "shape_model": "county_boundary_clipped_grid", "month": "2020-08", "monthly_fire_probability_pct": 23.33, "risk_score": 0.4178, "risk_level": "medium", "mock_ndvi": 0.6901, "mock_avgtempF": 88.04, "mock_humid": 29.32, "mock_wind": 5.51, "county_avgtempF": 88.55, "county_humid": 28.45, "county_wind": 4.97, "county_precip": 0.0, "county_sunHour": 11.56}, "geometry": {"type": "Polygon", "coordinates": [[[-122.35720390394444, 41.09385505749192], [-122.35720390394444, 41.13877061624147], [-122.29790514593982, 41.13877061624147], [-122.29790514593982, 41.09385505749192], [-122.35720390394444, 41.09385505749192]]]}}, {"type": "Feature", "properties": {"grid_id": "06089_5km_0394", "county": "Shasta County", "county_short": "Shasta", "geoid": "06089", "grid_km": 5.0, "center_lat": 41.116313, "center_lon": -122.268256, "row_index": 18, "col_index": 13, "is_mock": 1, "shape_model": "county_boundary_clipped_grid", "month": "2020-08", "monthly_fire_probability_pct": 23.33, "risk_score": 0.4222, "risk_level": "medium", "mock_ndvi": 0.6917, "mock_avgtempF": 88.2, "mock_humid": 28.85, "mock_wind": 5.51, "county_avgtempF": 88.55, "county_humid": 28.45, "county_wind": 4.97, "county_precip": 0.0, "county_sunHour": 11.56}, "geometry": {"type": "Polygon", "coordinates": [[[-122.29790514593981, 41.09385505749192], [-122.29790514593981, 41.13877061624147], [-122.23860638793519, 41.13877061624147], [-122.23860638793519, 41.09385505749192], [-122.29790514593981, 41.09385505749192]]]}}, {"type": "Feature", "properties": {"grid_id": "06089_5km_0395", "county": "Shasta County", "county_short": "Shasta", "geoid": "06089", "grid_km": 5.0, "center_lat": 41.116313, "center_lon": -122.208957, "row_index": 18, "col_index": 14, "is_mock": 1, "shape_model": "county_boundary_clipped_grid", "month": "2020-08", "monthly_fire_probability_pct": 23.33, "risk_score": 0.4263, "risk_level": "medium", "mock_ndvi": 0.6937, "mock_avgtempF": 88.36, "mock_humid": 28.42, "mock_wind": 5.5, "county_avgtempF": 88.55, "county_humid": 28.45, "county_wind": 4.97, "county_precip": 0.0, "county_sunHour": 11.56}, "geometry": {"type": "Polygon", "coordinates": [[[-122.23860638793518, 41.09385505749192], [-122.23860638793518, 41.13877061624147], [-122.17930762993056, 41.13877061624147], [-122.17930762993056, 41.09385505749192], [-122.23860638793518, 41.09385505749192]]]}}, {"type": "Feature", "properties": {"grid_id": "06089_5km_0396", "county": "Shasta County", "county_short": "Shasta", "geoid": "06089", "grid_km": 5.0, "center_lat": 41.116313, "center_lon": -122.149658, "row_index": 18, "col_index": 15, "is_mock": 1, "shape_model": "county_boundary_clipped_grid", "month": "2020-08", "monthly_fire_probability_pct": 23.33, "risk_score": 0.4298, "risk_level": "medium", "mock_ndvi": 0.696, "mock_avgtempF": 88.51, "mock_humid": 28.03, "mock_wind": 5.46, "county_avgtempF": 88.55, "county_humid": 28.45, "county_wind": 4.97, "county_precip": 0.0, "county_sunHour": 11.56}, "geometry": {"type": "Polygon", "coordinates": [[[-122.17930762993055, 41.09385505749192], [-122.17930762993055, 41.13877061624147], [-122.12000887192593, 41.13877061624147], [-122.12000887192593, 41.09385505749192], [-122.17930762993055, 41.09385505749192]]]}}, {"type": "Feature", "properties": {"grid_id": "06089_5km_0397", "county": "Shasta County", "county_short": "Shasta", "geoid": "06089", "grid_km": 5.0, "center_lat": 41.116313, "center_lon": -122.090359, "row_index": 18, "col_index": 16, "is_mock": 1, "shape_model": "county_boundary_clipped_grid", "month": "2020-08", "monthly_fire_probability_pct": 23.33, "risk_score": 0.4327, "risk_level": "medium", "mock_ndvi": 0.6984, "mock_avgtempF": 88.63, "mock_humid": 27.72, "mock_wind": 5.42, "county_avgtempF": 88.55, "county_humid": 28.45, "county_wind": 4.97, "county_precip": 0.0, "county_sunHour": 11.56}, "geometry": {"type": "Polygon", "coordinates": [[[-122.12000887192592, 41.09385505749192], [-122.12000887192592, 41.13877061624147], [-122.0607101139213, 41.13877061624147], [-122.0607101139213, 41.09385505749192], [-122.12000887192592, 41.09385505749192]]]}}, {"type": "Feature", "properties": {"grid_id": "06089_5km_0398", "county": "Shasta County", "county_short": "Shasta", "geoid": "06089", "grid_km": 5.0, "center_lat": 41.116313, "center_lon": -122.031061, "row_index": 18, "col_index": 17, "is_mock": 1, "shape_model": "county_boundary_clipped_grid", "month": "2020-08", "monthly_fire_probability_pct": 23.33, "risk_score": 0.4346, "risk_level": "medium", "mock_ndvi": 0.7005, "mock_avgtempF": 88.72, "mock_humid": 27.51, "mock_wind": 5.38, "county_avgtempF": 88.55, "county_humid": 28.45, "county_wind": 4.97, "county_precip": 0.0, "county_sunHour": 11.56}, "geometry": {"type": "Polygon", "coordinates": [[[-122.06071011392129, 41.09385505749192], [-122.06071011392129, 41.13877061624147], [-122.00141135591667, 41.13877061624147], [-122.00141135591667, 41.09385505749192], [-122.06071011392129, 41.09385505749192]]]}}, {"type": "Feature", "properties": {"grid_id": "06089_5km_0399", "county": "Shasta County", "county_short": "Shasta", "geoid": "06089", "grid_km": 5.0, "center_lat": 41.116313, "center_lon": -121.971762, "row_index": 18, "col_index": 18, "is_mock": 1, "shape_model": "county_boundary_clipped_grid", "month": "2020-08", "monthly_fire_probability_pct": 23.33, "risk_score": 0.4354, "risk_level": "medium", "mock_ndvi": 0.7022, "mock_avgtempF": 88.77, "mock_humid": 27.41, "mock_wind": 5.34, "county_avgtempF": 88.55, "county_humid": 28.45, "county_wind": 4.97, "county_precip": 0.0, "county_sunHour": 11.56}, "geometry": {"type": "Polygon", "coordinates": [[[-122.00141135591666, 41.09385505749192], [-122.00141135591666, 41.13877061624147], [-121.94211259791204, 41.13877061624147], [-121.94211259791204, 41.09385505749192], [-122.00141135591666, 41.09385505749192]]]}}, {"type": "Feature", "properties": {"grid_id": "06089_5km_0400", "county": "Shasta County", "county_short": "Shasta", "geoid": "06089", "grid_km": 5.0, "center_lat": 41.116313, "center_lon": -121.912463, "row_index": 18, "col_index": 19, "is_mock": 1, "shape_model": "county_boundary_clipped_grid", "month": "2020-08", "monthly_fire_probability_pct": 23.33, "risk_score": 0.435, "risk_level": "medium", "mock_ndvi": 0.7033, "mock_avgtempF": 88.78, "mock_humid": 27.44, "mock_wind": 5.3, "county_avgtempF": 88.55, "county_humid": 28.45, "county_wind": 4.97, "county_precip": 0.0, "county_sunHour": 11.56}, "geometry": {"type": "Polygon", "coordinates": [[[-121.94211259791203, 41.09385505749192], [-121.94211259791203, 41.13877061624147], [-121.88281383990741, 41.13877061624147], [-121.88281383990741, 41.09385505749192], [-121.94211259791203, 41.09385505749192]]]}}, {"type": "Feature", "properties": {"grid_id": "06089_5km_0401", "county": "Shasta County", "county_short": "Shasta", "geoid": "06089", "grid_km": 5.0, "center_lat": 41.116313, "center_lon": -121.853164, "row_index": 18, "col_index": 20, "is_mock": 1, "shape_model": "county_boundary_clipped_grid", "month": "2020-08", "monthly_fire_probability_pct": 23.33, "risk_score": 0.4335, "risk_level": "medium", "mock_ndvi": 0.7039, "mock_avgtempF": 88.74, "mock_humid": 27.6, "mock_wind": 5.26, "county_avgtempF": 88.55, "county_humid": 28.45, "county_wind": 4.97, "county_precip": 0.0, "county_sunHour": 11.56}, "geometry": {"type": "Polygon", "coordinates": [[[-121.8828138399074, 41.09385505749192], [-121.8828138399074, 41.13877061624147], [-121.82351508190278, 41.13877061624147], [-121.82351508190278, 41.09385505749192], [-121.8828138399074, 41.09385505749192]]]}}, {"type": "Feature", "properties": {"grid_id": "06089_5km_0402", "county": "Shasta County", "county_short": "Shasta", "geoid": "06089", "grid_km": 5.0, "center_lat": 41.116313, "center_lon": -121.793866, "row_index": 18, "col_index": 21, "is_mock": 1, "shape_model": "county_boundary_clipped_grid", "month": "2020-08", "monthly_fire_probability_pct": 23.33, "risk_score": 0.4307, "risk_level": "medium", "mock_ndvi": 0.7039, "mock_avgtempF": 88.65, "mock_humid": 27.89, "mock_wind": 5.23, "county_avgtempF": 88.55, "county_humid": 28.45, "county_wind": 4.97, "county_precip": 0.0, "county_sunHour": 11.56}, "geometry": {"type": "Polygon", "coordinates": [[[-121.82351508190277, 41.09385505749192], [-121.82351508190277, 41.13877061624147], [-121.76421632389815, 41.13877061624147], [-121.76421632389815, 41.09385505749192], [-121.82351508190277, 41.09385505749192]]]}}, {"type": "Feature", "properties": {"grid_id": "06089_5km_0403", "county": "Shasta County", "county_short": "Shasta", "geoid": "06089", "grid_km": 5.0, "center_lat": 41.116313, "center_lon": -121.734567, "row_index": 18, "col_index": 22, "is_mock": 1, "shape_model": "county_boundary_clipped_grid", "month": "2020-08", "monthly_fire_probability_pct": 23.33, "risk_score": 0.4268, "risk_level": "medium", "mock_ndvi": 0.7033, "mock_avgtempF": 88.51, "mock_humid": 28.29, "mock_wind": 5.21, "county_avgtempF": 88.55, "county_humid": 28.45, "county_wind": 4.97, "county_precip": 0.0, "county_sunHour": 11.56}, "geometry": {"type": "Polygon", "coordinates": [[[-121.76421632389814, 41.09385505749192], [-121.76421632389814, 41.13877061624147], [-121.70491756589352, 41.13877061624147], [-121.70491756589352, 41.09385505749192], [-121.76421632389814, 41.09385505749192]]]}}, {"type": "Feature", "properties": {"grid_id": "06089_5km_0404", "county": "Shasta County", "county_short": "Shasta", "geoid": "06089", "grid_km": 5.0, "center_lat": 41.116313, "center_lon": -121.675268, "row_index": 18, "col_index": 23, "is_mock": 1, "shape_model": "county_boundary_clipped_grid", "month": "2020-08", "monthly_fire_probability_pct": 23.33, "risk_score": 0.422, "risk_level": "medium", "mock_ndvi": 0.7024, "mock_avgtempF": 88.35, "mock_humid": 28.8, "mock_wind": 5.18, "county_avgtempF": 88.55, "county_humid": 28.45, "county_wind": 4.97, "county_precip": 0.0, "county_sunHour": 11.56}, "geometry": {"type": "Polygon", "coordinates": [[[-121.70491756589351, 41.09385505749192], [-121.70491756589351, 41.13877061624147], [-121.6456188078889, 41.13877061624147], [-121.6456188078889, 41.09385505749192], [-121.70491756589351, 41.09385505749192]]]}}, {"type": "Feature", "properties": {"grid_id": "06089_5km_0405", "county": "Shasta County", "county_short": "Shasta", "geoid": "06089", "grid_km": 5.0, "center_lat": 41.116313, "center_lon": -121.615969, "row_index": 18, "col_index": 24, "is_mock": 1, "shape_model": "county_boundary_clipped_grid", "month": "2020-08", "monthly_fire_probability_pct": 23.33, "risk_score": 0.4173, "risk_level": "medium", "mock_ndvi": 0.7008, "mock_avgtempF": 88.17, "mock_humid": 29.3, "mock_wind": 5.18, "county_avgtempF": 88.55, "county_humid": 28.45, "county_wind": 4.97, "county_precip": 0.0, "county_sunHour": 11.56}, "geometry": {"type": "Polygon", "coordinates": [[[-121.64561880788888, 41.09385505749192], [-121.64561880788888, 41.13877061624147], [-121.58632004988426, 41.13877061624147], [-121.58632004988426, 41.09385505749192], [-121.64561880788888, 41.09385505749192]]]}}, {"type": "Feature", "properties": {"grid_id": "06089_5km_0406", "county": "Shasta County", "county_short": "Shasta", "geoid": "06089", "grid_km": 5.0, "center_lat": 41.116313, "center_lon": -121.556671, "row_index": 18, "col_index": 25, "is_mock": 1, "shape_model": "county_boundary_clipped_grid", "month": "2020-08", "monthly_fire_probability_pct": 23.33, "risk_score": 0.4149, "risk_level": "medium", "mock_ndvi": 0.6979, "mock_avgtempF": 88.05, "mock_humid": 29.57, "mock_wind": 5.24, "county_avgtempF": 88.55, "county_humid": 28.45, "county_wind": 4.97, "county_precip": 0.0, "county_sunHour": 11.56}, "geometry": {"type": "Polygon", "coordinates": [[[-121.58632004988425, 41.09385505749192], [-121.58632004988425, 41.13877061624147], [-121.52702129187963, 41.13877061624147], [-121.52702129187963, 41.09385505749192], [-121.58632004988425, 41.09385505749192]]]}}, {"type": "Feature", "properties": {"grid_id": "06089_5km_0407", "county": "Shasta County", "county_short": "Shasta", "geoid": "06089", "grid_km": 5.0, "center_lat": 41.116313, "center_lon": -121.497372, "row_index": 18, "col_index": 26, "is_mock": 1, "shape_model": "county_boundary_clipped_grid", "month": "2020-08", "monthly_fire_probability_pct": 23.33, "risk_score": 0.4126, "risk_level": "medium", "mock_ndvi": 0.695, "mock_avgtempF": 87.94, "mock_humid": 29.82, "mock_wind": 5.3, "county_avgtempF": 88.55, "county_humid": 28.45, "county_wind": 4.97, "county_precip": 0.0, "county_sunHour": 11.56}, "geometry": {"type": "Polygon", "coordinates": [[[-121.52702129187962, 41.09385505749192], [-121.52702129187962, 41.13877061624147], [-121.467722533875, 41.13877061624147], [-121.467722533875, 41.09385505749192], [-121.52702129187962, 41.09385505749192]]]}}, {"type": "Feature", "properties": {"grid_id": "06089_5km_0408", "county": "Shasta County", "county_short": "Shasta", "geoid": "06089", "grid_km": 5.0, "center_lat": 41.116313, "center_lon": -121.438073, "row_index": 18, "col_index": 27, "is_mock": 1, "shape_model": "county_boundary_clipped_grid", "month": "2020-08", "monthly_fire_probability_pct": 23.33, "risk_score": 0.4106, "risk_level": "medium", "mock_ndvi": 0.6925, "mock_avgtempF": 87.84, "mock_humid": 30.05, "mock_wind": 5.36, "county_avgtempF": 88.55, "county_humid": 28.45, "county_wind": 4.97, "county_precip": 0.0, "county_sunHour": 11.56}, "geometry": {"type": "Polygon", "coordinates": [[[-121.46772253387499, 41.09385505749192], [-121.46772253387499, 41.13877061624147], [-121.40842377587038, 41.13877061624147], [-121.40842377587038, 41.09385505749192], [-121.46772253387499, 41.09385505749192]]]}}, {"type": "Feature", "properties": {"grid_id": "06089_5km_0409", "county": "Shasta County", "county_short": "Shasta", "geoid": "06089", "grid_km": 5.0, "center_lat": 41.116313, "center_lon": -121.378774, "row_index": 18, "col_index": 28, "is_mock": 1, "shape_model": "county_boundary_clipped_grid", "month": "2020-08", "monthly_fire_probability_pct": 23.33, "risk_score": 0.4091, "risk_level": "medium", "mock_ndvi": 0.6906, "mock_avgtempF": 87.76, "mock_humid": 30.22, "mock_wind": 5.4, "county_avgtempF": 88.55, "county_humid": 28.45, "county_wind": 4.97, "county_precip": 0.0, "county_sunHour": 11.56}, "geometry": {"type": "Polygon", "coordinates": [[[-121.40842377587036, 41.09385505749192], [-121.40842377587036, 41.13877061624147], [-121.34912501786575, 41.13877061624147], [-121.34912501786575, 41.09385505749192], [-121.40842377587036, 41.09385505749192]]]}}, {"type": "Feature", "properties": {"grid_id": "06089_5km_0410", "county": "Shasta County", "county_short": "Shasta", "geoid": "06089", "grid_km": 5.0, "center_lat": 41.178797, "center_lon": -122.485223, "row_index": 19, "col_index": 9, "is_mock": 1, "shape_model": "county_boundary_clipped_grid", "month": "2020-08", "monthly_fire_probability_pct": 23.33, "risk_score": 0.4102, "risk_level": "medium", "mock_ndvi": 0.692, "mock_avgtempF": 87.82, "mock_humid": 30.09, "mock_wind": 5.37, "county_avgtempF": 88.55, "county_humid": 28.45, "county_wind": 4.97, "county_precip": 0.0, "county_sunHour": 11.56}, "geometry": {"type": "Polygon", "coordinates": [[[-122.490952, 41.175567], [-122.498294, 41.181988], [-122.498376, 41.182675], [-122.47580141995371, 41.18270765970476], [-122.47580141995371, 41.175605450925254], [-122.490952, 41.175567]]]}}, {"type": "Feature", "properties": {"grid_id": "06089_5km_0411", "county": "Shasta County", "county_short": "Shasta", "geoid": "06089", "grid_km": 5.0, "center_lat": 41.161127, "center_lon": -122.43331, "row_index": 19, "col_index": 10, "is_mock": 1, "shape_model": "county_boundary_clipped_grid", "month": "2020-08", "monthly_fire_probability_pct": 23.33, "risk_score": 0.4101, "risk_level": "medium", "mock_ndvi": 0.6918, "mock_avgtempF": 87.81, "mock_humid": 30.11, "mock_wind": 5.37, "county_avgtempF": 88.55, "county_humid": 28.45, "county_wind": 4.97, "county_precip": 0.0, "county_sunHour": 11.56}, "geometry": {"type": "Polygon", "coordinates": [[[-122.450607, 41.14694], [-122.446217, 41.15596], [-122.454017, 41.166293], [-122.468288, 41.169232], [-122.474403, 41.175609], [-122.4758014199537, 41.175605450925254], [-122.4758014199537, 41.18270765970476], [-122.41650266194908, 41.18279345000186], [-122.41650266194908, 41.13877061624147], [-122.44875695106366, 41.13877061624147], [-122.450607, 41.14694]]]}}, {"type": "Feature", "properties": {"grid_id": "06089_5km_0412", "county": "Shasta County", "county_short": "Shasta", "geoid": "06089", "grid_km": 5.0, "center_lat": 41.160782, "center_lon": -122.386853, "row_index": 19, "col_index": 11, "is_mock": 1, "shape_model": "county_boundary_clipped_grid", "month": "2020-08", "monthly_fire_probability_pct": 23.33, "risk_score": 0.411, "risk_level": "medium", "mock_ndvi": 0.693, "mock_avgtempF": 87.86, "mock_humid": 30.0, "mock_wind": 5.35, "county_avgtempF": 88.55, "county_humid": 28.45, "county_wind": 4.97, "county_precip": 0.0, "county_sunHour": 11.56}, "geometry": {"type": "Polygon", "coordinates": [[[-122.380871, 41.182845], [-122.35720390394445, 41.18359585161142], [-122.35720390394445, 41.13877061624147], [-122.41650266194907, 41.13877061624147], [-122.41650266194907, 41.18279345000186], [-122.380871, 41.182845]]]}}, {"type": "Feature", "properties": {"grid_id": "06089_5km_0413", "county": "Shasta County", "county_short": "Shasta", "geoid": "06089", "grid_km": 5.0, "center_lat": 41.161183, "center_lon": -122.327555, "row_index": 19, "col_index": 12, "is_mock": 1, "shape_model": "county_boundary_clipped_grid", "month": "2020-08", "monthly_fire_probability_pct": 23.33, "risk_score": 0.4128, "risk_level": "medium", "mock_ndvi": 0.6952, "mock_avgtempF": 87.95, "mock_humid": 29.8, "mock_wind": 5.3, "county_avgtempF": 88.55, "county_humid": 28.45, "county_wind": 4.97, "county_precip": 0.0, "county_sunHour": 11.56}, "geometry": {"type": "Polygon", "coordinates": [[[-122.35435688055324, 41.183686174991024], [-122.29790514593982, 41.183686174991024], [-122.29790514593982, 41.13877061624147], [-122.35720390394444, 41.13877061624147], [-122.35720390394444, 41.18359585161142], [-122.35435688055324, 41.183686174991024]]]}}, {"type": "Feature", "properties": {"grid_id": "06089_5km_0414", "county": "Shasta County", "county_short": "Shasta", "geoid": "06089", "grid_km": 5.0, "center_lat": 41.161228, "center_lon": -122.268256, "row_index": 19, "col_index": 13, "is_mock": 1, "shape_model": "county_boundary_clipped_grid", "month": "2020-08", "monthly_fire_probability_pct": 23.33, "risk_score": 0.4149, "risk_level": "medium", "mock_ndvi": 0.6979, "mock_avgtempF": 88.05, "mock_humid": 29.56, "mock_wind": 5.24, "county_avgtempF": 88.55, "county_humid": 28.45, "county_wind": 4.97, "county_precip": 0.0, "county_sunHour": 11.56}, "geometry": {"type": "Polygon", "coordinates": [[[-122.29790514593981, 41.13877061624147], [-122.29790514593981, 41.183686174991024], [-122.23860638793519, 41.183686174991024], [-122.23860638793519, 41.13877061624147], [-122.29790514593981, 41.13877061624147]]]}}, {"type": "Feature", "properties": {"grid_id": "06089_5km_0415", "county": "Shasta County", "county_short": "Shasta", "geoid": "06089", "grid_km": 5.0, "center_lat": 41.161228, "center_lon": -122.208957, "row_index": 19, "col_index": 14, "is_mock": 1, "shape_model": "county_boundary_clipped_grid", "month": "2020-08", "monthly_fire_probability_pct": 23.33, "risk_score": 0.4186, "risk_level": "medium", "mock_ndvi": 0.7001, "mock_avgtempF": 88.2, "mock_humid": 29.17, "mock_wind": 5.21, "county_avgtempF": 88.55, "county_humid": 28.45, "county_wind": 4.97, "county_precip": 0.0, "county_sunHour": 11.56}, "geometry": {"type": "Polygon", "coordinates": [[[-122.23860638793518, 41.13877061624147], [-122.23860638793518, 41.183686174991024], [-122.17930762993056, 41.183686174991024], [-122.17930762993056, 41.13877061624147], [-122.23860638793518, 41.13877061624147]]]}}, {"type": "Feature", "properties": {"grid_id": "06089_5km_0416", "county": "Shasta County", "county_short": "Shasta", "geoid": "06089", "grid_km": 5.0, "center_lat": 41.16087, "center_lon": -122.149658, "row_index": 19, "col_index": 15, "is_mock": 1, "shape_model": "county_boundary_clipped_grid", "month": "2020-08", "monthly_fire_probability_pct": 23.33, "risk_score": 0.4222, "risk_level": "medium", "mock_ndvi": 0.7024, "mock_avgtempF": 88.35, "mock_humid": 28.78, "mock_wind": 5.18, "county_avgtempF": 88.55, "county_humid": 28.45, "county_wind": 4.97, "county_precip": 0.0, "county_sunHour": 11.56}, "geometry": {"type": "Polygon", "coordinates": [[[-122.126114, 41.182969], [-122.12000887192593, 41.18298663118673], [-122.12000887192593, 41.13877061624147], [-122.17930762993055, 41.13877061624147], [-122.17930762993055, 41.183686174991024], [-122.1358476709192, 41.183686174991024], [-122.126114, 41.182969]]]}}, {"type": "Feature", "properties": {"grid_id": "06089_5km_0417", "county": "Shasta County", "county_short": "Shasta", "geoid": "06089", "grid_km": 5.0, "center_lat": 41.160879, "center_lon": -122.090359, "row_index": 19, "col_index": 16, "is_mock": 1, "shape_model": "county_boundary_clipped_grid", "month": "2020-08", "monthly_fire_probability_pct": 23.33, "risk_score": 0.4249, "risk_level": "medium", "mock_ndvi": 0.7048, "mock_avgtempF": 88.47, "mock_humid": 28.48, "mock_wind": 5.14, "county_avgtempF": 88.55, "county_humid": 28.45, "county_wind": 4.97, "county_precip": 0.0, "county_sunHour": 11.56}, "geometry": {"type": "Polygon", "coordinates": [[[-122.0607101139213, 41.18315788188983], [-122.0607101139213, 41.13877061624147], [-122.12000887192592, 41.13877061624147], [-122.12000887192592, 41.18298663118673], [-122.0607101139213, 41.18315788188983]]]}}, {"type": "Feature", "properties": {"grid_id": "06089_5km_0418", "county": "Shasta County", "county_short": "Shasta", "geoid": "06089", "grid_km": 5.0, "center_lat": 41.160964, "center_lon": -122.031061, "row_index": 19, "col_index": 17, "is_mock": 1, "shape_model": "county_boundary_clipped_grid", "month": "2020-08", "monthly_fire_probability_pct": 23.33, "risk_score": 0.4268, "risk_level": "medium", "mock_ndvi": 0.7069, "mock_avgtempF": 88.57, "mock_humid": 28.27, "mock_wind": 5.09, "county_avgtempF": 88.55, "county_humid": 28.45, "county_wind": 4.97, "county_precip": 0.0, "county_sunHour": 11.56}, "geometry": {"type": "Polygon", "coordinates": [[[-122.00141135591667, 41.18332913259293], [-122.00141135591667, 41.13877061624147], [-122.06071011392129, 41.13877061624147], [-122.06071011392129, 41.18315788188983], [-122.00141135591667, 41.18332913259293]]]}}, {"type": "Feature", "properties": {"grid_id": "06089_5km_0419", "county": "Shasta County", "county_short": "Shasta", "geoid": "06089", "grid_km": 5.0, "center_lat": 41.16105, "center_lon": -121.971762, "row_index": 19, "col_index": 18, "is_mock": 1, "shape_model": "county_boundary_clipped_grid", "month": "2020-08", "monthly_fire_probability_pct": 23.33, "risk_score": 0.4277, "risk_level": "medium", "mock_ndvi": 0.7086, "mock_avgtempF": 88.62, "mock_humid": 28.17, "mock_wind": 5.05, "county_avgtempF": 88.55, "county_humid": 28.45, "county_wind": 4.97, "county_precip": 0.0, "county_sunHour": 11.56}, "geometry": {"type": "Polygon", "coordinates": [[[-121.94211259791204, 41.1833389360794], [-121.94211259791204, 41.13877061624147], [-122.00141135591666, 41.13877061624147], [-122.00141135591666, 41.18332913259293], [-122.001111, 41.18333], [-121.94211259791204, 41.1833389360794]]]}}, {"type": "Feature", "properties": {"grid_id": "06089_5km_0420", "county": "Shasta County", "county_short": "Shasta", "geoid": "06089", "grid_km": 5.0, "center_lat": 41.161055, "center_lon": -121.912463, "row_index": 19, "col_index": 19, "is_mock": 1, "shape_model": "county_boundary_clipped_grid", "month": "2020-08", "monthly_fire_probability_pct": 23.33, "risk_score": 0.4274, "risk_level": "medium", "mock_ndvi": 0.7098, "mock_avgtempF": 88.62, "mock_humid": 28.19, "mock_wind": 5.04, "county_avgtempF": 88.55, "county_humid": 28.45, "county_wind": 4.97, "county_precip": 0.0, "county_sunHour": 11.56}, "geometry": {"type": "Polygon", "coordinates": [[[-121.88281383990741, 41.18334791765164], [-121.88281383990741, 41.13877061624147], [-121.94211259791203, 41.13877061624147], [-121.94211259791203, 41.1833389360794], [-121.88281383990741, 41.18334791765164]]]}}, {"type": "Feature", "properties": {"grid_id": "06089_5km_0421", "county": "Shasta County", "county_short": "Shasta", "geoid": "06089", "grid_km": 5.0, "center_lat": 41.161059, "center_lon": -121.853164, "row_index": 19, "col_index": 20, "is_mock": 1, "shape_model": "county_boundary_clipped_grid", "month": "2020-08", "monthly_fire_probability_pct": 23.33, "risk_score": 0.4259, "risk_level": "medium", "mock_ndvi": 0.7103, "mock_avgtempF": 88.58, "mock_humid": 28.34, "mock_wind": 5.0, "county_avgtempF": 88.55, "county_humid": 28.45, "county_wind": 4.97, "county_precip": 0.0, "county_sunHour": 11.56}, "geometry": {"type": "Polygon", "coordinates": [[[-121.82351508190278, 41.183356899223874], [-121.82351508190278, 41.13877061624147], [-121.8828138399074, 41.13877061624147], [-121.8828138399074, 41.18334791765164], [-121.82351508190278, 41.183356899223874]]]}}, {"type": "Feature", "properties": {"grid_id": "06089_5km_0422", "county": "Shasta County", "county_short": "Shasta", "geoid": "06089", "grid_km": 5.0, "center_lat": 41.161064, "center_lon": -121.793866, "row_index": 19, "col_index": 21, "is_mock": 1, "shape_model": "county_boundary_clipped_grid", "month": "2020-08", "monthly_fire_probability_pct": 23.33, "risk_score": 0.4243, "risk_level": "medium", "mock_ndvi": 0.7096, "mock_avgtempF": 88.52, "mock_humid": 28.51, "mock_wind": 4.98, "county_avgtempF": 88.55, "county_humid": 28.45, "county_wind": 4.97, "county_precip": 0.0, "county_sunHour": 11.56}, "geometry": {"type": "Polygon", "coordinates": [[[-121.76421632389815, 41.1833658807961], [-121.76421632389815, 41.13877061624147], [-121.82351508190277, 41.13877061624147], [-121.82351508190277, 41.183356899223874], [-121.76421632389815, 41.1833658807961]]]}}, {"type": "Feature", "properties": {"grid_id": "06089_5km_0423", "county": "Shasta County", "county_short": "Shasta", "geoid": "06089", "grid_km": 5.0, "center_lat": 41.161068, "center_lon": -121.734567, "row_index": 19, "col_index": 22, "is_mock": 1, "shape_model": "county_boundary_clipped_grid", "month": "2020-08", "monthly_fire_probability_pct": 23.33, "risk_score": 0.4229, "risk_level": "medium", "mock_ndvi": 0.7079, "mock_avgtempF": 88.45, "mock_humid": 28.67, "mock_wind": 5.02, "county_avgtempF": 88.55, "county_humid": 28.45, "county_wind": 4.97, "county_precip": 0.0, "county_sunHour": 11.56}, "geometry": {"type": "Polygon", "coordinates": [[[-121.70491756589352, 41.18337486236834], [-121.70491756589352, 41.13877061624147], [-121.76421632389814, 41.13877061624147], [-121.76421632389814, 41.1833658807961], [-121.70491756589352, 41.18337486236834]]]}}, {"type": "Feature", "properties": {"grid_id": "06089_5km_0424", "county": "Shasta County", "county_short": "Shasta", "geoid": "06089", "grid_km": 5.0, "center_lat": 41.161073, "center_lon": -121.675268, "row_index": 19, "col_index": 23, "is_mock": 1, "shape_model": "county_boundary_clipped_grid", "month": "2020-08", "monthly_fire_probability_pct": 23.33, "risk_score": 0.421, "risk_level": "medium", "mock_ndvi": 0.7055, "mock_avgtempF": 88.36, "mock_humid": 28.88, "mock_wind": 5.07, "county_avgtempF": 88.55, "county_humid": 28.45, "county_wind": 4.97, "county_precip": 0.0, "county_sunHour": 11.56}, "geometry": {"type": "Polygon", "coordinates": [[[-121.657793, 41.183382], [-121.6456188078889, 41.18344560375517], [-121.6456188078889, 41.13877061624147], [-121.70491756589351, 41.13877061624147], [-121.70491756589351, 41.18337486236834], [-121.657793, 41.183382]]]}}, {"type": "Feature", "properties": {"grid_id": "06089_5km_0425", "county": "Shasta County", "county_short": "Shasta", "geoid": "06089", "grid_km": 5.0, "center_lat": 41.161108, "center_lon": -121.615969, "row_index": 19, "col_index": 24, "is_mock": 1, "shape_model": "county_boundary_clipped_grid", "month": "2020-08", "monthly_fire_probability_pct": 23.33, "risk_score": 0.4187, "risk_level": "medium", "mock_ndvi": 0.7027, "mock_avgtempF": 88.25, "mock_humid": 29.13, "mock_wind": 5.13, "county_avgtempF": 88.55, "county_humid": 28.45, "county_wind": 4.97, "county_precip": 0.0, "county_sunHour": 11.56}, "geometry": {"type": "Polygon", "coordinates": [[[-121.59957183418304, 41.183686174991024], [-121.58632004988426, 41.183686174991024], [-121.58632004988426, 41.13877061624147], [-121.64561880788888, 41.13877061624147], [-121.64561880788888, 41.18344560375517], [-121.59957183418304, 41.183686174991024]]]}}, {"type": "Feature", "properties": {"grid_id": "06089_5km_0426", "county": "Shasta County", "county_short": "Shasta", "geoid": "06089", "grid_km": 5.0, "center_lat": 41.161102, "center_lon": -121.556671, "row_index": 19, "col_index": 25, "is_mock": 1, "shape_model": "county_boundary_clipped_grid", "month": "2020-08", "monthly_fire_probability_pct": 23.33, "risk_score": 0.4164, "risk_level": "medium", "mock_ndvi": 0.6997, "mock_avgtempF": 88.13, "mock_humid": 29.4, "mock_wind": 5.2, "county_avgtempF": 88.55, "county_humid": 28.45, "county_wind": 4.97, "county_precip": 0.0, "county_sunHour": 11.56}, "geometry": {"type": "Polygon", "coordinates": [[[-121.52702129187963, 41.18343387856219], [-121.52702129187963, 41.13877061624147], [-121.58632004988425, 41.13877061624147], [-121.58632004988425, 41.183686174991024], [-121.5469172254857, 41.183686174991024], [-121.52702129187963, 41.18343387856219]]]}}, {"type": "Feature", "properties": {"grid_id": "06089_5km_0427", "county": "Shasta County", "county_short": "Shasta", "geoid": "06089", "grid_km": 5.0, "center_lat": 41.160938, "center_lon": -121.497372, "row_index": 19, "col_index": 26, "is_mock": 1, "shape_model": "county_boundary_clipped_grid", "month": "2020-08", "monthly_fire_probability_pct": 23.33, "risk_score": 0.4141, "risk_level": "medium", "mock_ndvi": 0.6969, "mock_avgtempF": 88.01, "mock_humid": 29.66, "mock_wind": 5.26, "county_avgtempF": 88.55, "county_humid": 28.45, "county_wind": 4.97, "county_precip": 0.0, "county_sunHour": 11.56}, "geometry": {"type": "Polygon", "coordinates": [[[-121.501165, 41.183106], [-121.467722533875, 41.18326000447268], [-121.467722533875, 41.13877061624147], [-121.52702129187962, 41.13877061624147], [-121.52702129187962, 41.18343387856219], [-121.501165, 41.183106]]]}}, {"type": "Feature", "properties": {"grid_id": "06089_5km_0428", "county": "Shasta County", "county_short": "Shasta", "geoid": "06089", "grid_km": 5.0, "center_lat": 41.161015, "center_lon": -121.438073, "row_index": 19, "col_index": 27, "is_mock": 1, "shape_model": "county_boundary_clipped_grid", "month": "2020-08", "monthly_fire_probability_pct": 23.33, "risk_score": 0.4121, "risk_level": "medium", "mock_ndvi": 0.6944, "mock_avgtempF": 87.91, "mock_humid": 29.88, "mock_wind": 5.32, "county_avgtempF": 88.55, "county_humid": 28.45, "county_wind": 4.97, "county_precip": 0.0, "county_sunHour": 11.56}, "geometry": {"type": "Polygon", "coordinates": [[[-121.40842377587038, 41.18353307865096], [-121.40842377587038, 41.13877061624147], [-121.46772253387499, 41.13877061624147], [-121.46772253387499, 41.18326000447268], [-121.40842377587038, 41.18353307865096]]]}}, {"type": "Feature", "properties": {"grid_id": "06089_5km_0429", "county": "Shasta County", "county_short": "Shasta", "geoid": "06089", "grid_km": 5.0, "center_lat": 41.161152, "center_lon": -121.378774, "row_index": 19, "col_index": 28, "is_mock": 1, "shape_model": "county_boundary_clipped_grid", "month": "2020-08", "monthly_fire_probability_pct": 23.33, "risk_score": 0.4105, "risk_level": "medium", "mock_ndvi": 0.6924, "mock_avgtempF": 87.84, "mock_humid": 30.06, "mock_wind": 5.36, "county_avgtempF": 88.55, "county_humid": 28.45, "county_wind": 4.97, "county_precip": 0.0, "county_sunHour": 11.56}, "geometry": {"type": "Polygon", "coordinates": [[[-121.37517851307122, 41.183686174991024], [-121.34912501786575, 41.183686174991024], [-121.34912501786575, 41.13877061624147], [-121.40842377587036, 41.13877061624147], [-121.40842377587036, 41.18353307865096], [-121.37517851307122, 41.183686174991024]]]}}]}