county,Year,Month,ndvi
Sierra,2008,1,0.1356
Sacramento,2008,1,0.50355
Santa Barbara,2008,1,0.62285
Calaveras,2008,1,0.63995
Ventura,2008,1,0.45415
Los Angeles,2008,1,0.48860000000000003
Sonoma,2008,1,0.8501000000000001
Kings,2008,1,0.15685000000000002
San Diego,2008,1,0.2876
Placer,2008,1,0.7906500000000001
San Francisco,2008,1,
Marin,2008,1,0.6970500000000001
Mariposa,2008,1,0.7365
Lassen,2008,1,0.0019500000000000001
Napa,2008,1,0.6579
Shasta,2008,1,0.6643
Monterey,2008,1,0.316
Trinity,2008,1,0.6273500000000001
Mendocino,2008,1,0.8529
Inyo,2008,1,0.1661
Mono,2008,1,0.04465
Tuolumne,2008,1,0.2931
Solano,2008,1,0.3362
San Bernardino,2008,1,0.07605
Contra Costa,2008,1,0.4373
Alpine,2008,1,0.23190000000000002
El Dorado,2008,1,0.7332500000000001
Yolo,2008,1,0.30535
Yuba,2008,1,0.5832
San Benito,2008,1,0.44065000000000004
Humboldt,2008,1,0.70045
Riverside,2008,1,0.11315
Kern,2008,1,0.41365
Colusa,2008,1,0.2656
Del Norte,2008,1,0.7484000000000001
Modoc,2008,1,-0.021650000000000003
Fresno,2008,1,0.40305
Madera,2008,1,0.4471
Santa Clara,2008,1,0.45695
Tehama,2008,1,0.45965
San Joaquin,2008,1,0.2908
Alameda,2008,1,0.68065
Nevada,2008,1,0.6222500000000001
Butte,2008,1,0.50825
Merced,2008,1,0.2727
Tulare,2008,1,0.47415
Stanislaus,2008,1,0.56405
Orange,2008,1,0.41355000000000003
Imperial,2008,1,0.6365000000000001
Sutter,2008,1,-0.023100000000000002
Amador,2008,1,0.6912
Lake,2008,1,0.6755
Plumas,2008,1,0.7251000000000001
San Mateo,2008,1,0.5698500000000001
Siskiyou,2008,1,0.445
Santa Cruz,2008,1,0.76095
Glenn,2008,1,0.30585
San Luis Obispo,2008,1,0.48425
Sierra,2008,2,0.17815
Sacramento,2008,2,0.5047
Santa Barbara,2008,2,0.7025
Calaveras,2008,2,0.6475500000000001
Ventura,2008,2,0.60655
Los Angeles,2008,2,0.53115
Sonoma,2008,2,0.8536
Kings,2008,2,0.25470000000000004
San Diego,2008,2,0.37365000000000004
Placer,2008,2,0.6903
San Francisco,2008,2,
Marin,2008,2,0.6897500000000001
Mariposa,2008,2,0.7196
Lassen,2008,2,-0.010450000000000001
Napa,2008,2,0.69365
Shasta,2008,2,0.6567000000000001
Monterey,2008,2,0.48510000000000003
Trinity,2008,2,0.5169
Mendocino,2008,2,0.84435
Inyo,2008,2,0.16140000000000002
Mono,2008,2,-0.0608
Tuolumne,2008,2,0.1411
Solano,2008,2,0.3163
San Bernardino,2008,2,0.08815
Contra Costa,2008,2,0.45895
Alpine,2008,2,0.1458
El Dorado,2008,2,0.6938000000000001
Yolo,2008,2,0.37510000000000004
Yuba,2008,2,0.6112000000000001
San Benito,2008,2,0.5225500000000001
Humboldt,2008,2,0.76665
Riverside,2008,2,0.1603
Kern,2008,2,0.528
Colusa,2008,2,0.3153
Del Norte,2008,2,0.775
Modoc,2008,2,-0.045950000000000005
Fresno,2008,2,0.47400000000000003
Madera,2008,2,0.5405
Santa Clara,2008,2,0.56925
Tehama,2008,2,0.52775
San Joaquin,2008,2,0.335
Alameda,2008,2,0.7135
Nevada,2008,2,0.3559
Butte,2008,2,0.5659500000000001
Merced,2008,2,0.2497
Tulare,2008,2,0.57815
Stanislaus,2008,2,0.61075
Orange,2008,2,0.4529
Imperial,2008,2,0.6838500000000001
Sutter,2008,2,0.1772
Amador,2008,2,0.654
Lake,2008,2,0.69375
Plumas,2008,2,0.42105000000000004
San Mateo,2008,2,0.5796
Siskiyou,2008,2,0.38675000000000004
Santa Cruz,2008,2,0.7532500000000001
Glenn,2008,2,0.3991
San Luis Obispo,2008,2,0.51985
Sierra,2008,3,0.14425000000000002
Sacramento,2008,3,0.544
Santa Barbara,2008,3,0.66205
Calaveras,2008,3,0.6644
Ventura,2008,3,0.6943
Los Angeles,2008,3,0.5967
Sonoma,2008,3,0.8542500000000001
Kings,2008,3,0.25220000000000004
San Diego,2008,3,0.38865
Placer,2008,3,0.7557
San Francisco,2008,3,
Marin,2008,3,0.7302000000000001
Mariposa,2008,3,0.6948500000000001
Lassen,2008,3,0.007850000000000001
Napa,2008,3,0.65475
Shasta,2008,3,0.5753
Monterey,2008,3,0.73685
Trinity,2008,3,0.6533
Mendocino,2008,3,0.8325
Inyo,2008,3,0.1925
Mono,2008,3,-0.049350000000000005
Tuolumne,2008,3,0.1245
Solano,2008,3,0.3934
San Bernardino,2008,3,0.08815
Contra Costa,2008,3,0.4525
Alpine,2008,3,0.21915
El Dorado,2008,3,0.68305
Yolo,2008,3,0.58945
Yuba,2008,3,0.6777000000000001
San Benito,2008,3,0.62365
Humboldt,2008,3,0.76515
Riverside,2008,3,0.14555
Kern,2008,3,0.43635
Colusa,2008,3,0.40745000000000003
Del Norte,2008,3,0.78625
Modoc,2008,3,0.1355
Fresno,2008,3,0.46790000000000004
Madera,2008,3,0.63165
Santa Clara,2008,3,0.6553
Tehama,2008,3,0.6163500000000001
San Joaquin,2008,3,0.4651
Alameda,2008,3,0.71835
Nevada,2008,3,0.45675000000000004
Butte,2008,3,0.611
Merced,2008,3,0.3146
Tulare,2008,3,0.6933
Stanislaus,2008,3,0.625
Orange,2008,3,0.3683
Imperial,2008,3,0.6778500000000001
Sutter,2008,3,0.25415
Amador,2008,3,0.63685
Lake,2008,3,0.6871
Plumas,2008,3,0.46845000000000003
San Mateo,2008,3,0.6702
Siskiyou,2008,3,0.48895
Santa Cruz,2008,3,0.75575
Glenn,2008,3,0.50165
San Luis Obispo,2008,3,0.5482
Sierra,2008,4,0.07060000000000001
Sacramento,2008,4,0.48525
Santa Barbara,2008,4,0.6908000000000001
Calaveras,2008,4,0.6677500000000001
Ventura,2008,4,0.67055
Los Angeles,2008,4,0.60755
Sonoma,2008,4,0.8190000000000001
Kings,2008,4,0.5395
San Diego,2008,4,0.4052
Placer,2008,4,0.78315
San Francisco,2008,4,
Marin,2008,4,0.6688000000000001
Mariposa,2008,4,0.6964
Lassen,2008,4,0.3552
Napa,2008,4,0.68165
Shasta,2008,4,0.72185
Monterey,2008,4,0.67615
Trinity,2008,4,0.73445
Mendocino,2008,4,0.8072
Inyo,2008,4,0.21860000000000002
Mono,2008,4,0.11670000000000001
Tuolumne,2008,4,0.4904
Solano,2008,4,0.22825
San Bernardino,2008,4,0.08495
Contra Costa,2008,4,0.50105
Alpine,2008,4,0.14145000000000002
El Dorado,2008,4,0.67115
Yolo,2008,4,0.5488500000000001
Yuba,2008,4,0.64265
San Benito,2008,4,0.6474000000000001
Humboldt,2008,4,0.75095
Riverside,2008,4,0.12895
Kern,2008,4,0.2691
Colusa,2008,4,0.3554
Del Norte,2008,4,0.74795
Modoc,2008,4,0.25295
Fresno,2008,4,0.34405
Madera,2008,4,0.56205
Santa Clara,2008,4,0.6427
Tehama,2008,4,0.5561
San Joaquin,2008,4,0.37835
Alameda,2008,4,0.7247
Nevada,2008,4,0.6796
Butte,2008,4,0.5632
Merced,2008,4,0.23390000000000002
Tulare,2008,4,0.7080000000000001
Stanislaus,2008,4,0.50715
Orange,2008,4,0.28285
Imperial,2008,4,0.7011000000000001
Sutter,2008,4,0.22605
Amador,2008,4,0.68095
Lake,2008,4,0.6672
Plumas,2008,4,0.7300500000000001
San Mateo,2008,4,0.7243
Siskiyou,2008,4,0.4565
Santa Cruz,2008,4,0.75375
Glenn,2008,4,0.4913
San Luis Obispo,2008,4,0.5574
Sierra,2008,5,0.37605
Sacramento,2008,5,0.3524
Santa Barbara,2008,5,0.6535500000000001
Calaveras,2008,5,0.63595
Ventura,2008,5,0.5602
Los Angeles,2008,5,0.5879
Sonoma,2008,5,0.8280000000000001
Kings,2008,5,0.52415
San Diego,2008,5,0.35775
Placer,2008,5,0.7923
San Francisco,2008,5,
Marin,2008,5,0.5286000000000001
Mariposa,2008,5,0.6858500000000001
Lassen,2008,5,0.45180000000000003
Napa,2008,5,0.62305
Shasta,2008,5,0.75885
Monterey,2008,5,0.4
Trinity,2008,5,0.7364
Mendocino,2008,5,0.7955
Inyo,2008,5,0.21095
Mono,2008,5,0.2058
Tuolumne,2008,5,0.5757
Solano,2008,5,0.1418
San Bernardino,2008,5,0.0835
Contra Costa,2008,5,0.40900000000000003
Alpine,2008,5,0.48625
El Dorado,2008,5,0.6884
Yolo,2008,5,0.40940000000000004
Yuba,2008,5,0.5239
San Benito,2008,5,0.47615
Humboldt,2008,5,0.78215
Riverside,2008,5,0.12235
Kern,2008,5,0.22495
Colusa,2008,5,0.45725000000000005
Del Norte,2008,5,0.7494500000000001
Modoc,2008,5,0.28405
Fresno,2008,5,0.32585000000000003
Madera,2008,5,0.42800000000000005
Santa Clara,2008,5,0.44830000000000003
Tehama,2008,5,0.40055
San Joaquin,2008,5,0.35775
Alameda,2008,5,0.6222500000000001
Nevada,2008,5,0.731
Butte,2008,5,0.45465
Merced,2008,5,0.28340000000000004
Tulare,2008,5,0.55745
Stanislaus,2008,5,0.4576
Orange,2008,5,0.33495
Imperial,2008,5,0.631
Sutter,2008,5,0.12715
Amador,2008,5,0.6287
Lake,2008,5,0.7113
Plumas,2008,5,0.7080000000000001
San Mateo,2008,5,0.7116
Siskiyou,2008,5,0.3786
Santa Cruz,2008,5,0.70955
Glenn,2008,5,0.35265
San Luis Obispo,2008,5,0.4994
Sierra,2008,6,0.56155
Sacramento,2008,6,0.34065
Santa Barbara,2008,6,0.6488
Calaveras,2008,6,0.6064
Ventura,2008,6,0.49795
Los Angeles,2008,6,0.5541
Sonoma,2008,6,0.8199000000000001
Kings,2008,6,0.44920000000000004
San Diego,2008,6,0.33265
Placer,2008,6,0.8356
San Francisco,2008,6,
Marin,2008,6,0.5084000000000001
Mariposa,2008,6,0.7302000000000001
Lassen,2008,6,0.42315
Napa,2008,6,0.5870500000000001
Shasta,2008,6,0.7203
Monterey,2008,6,0.35585
Trinity,2008,6,0.7694000000000001
Mendocino,2008,6,0.78685
Inyo,2008,6,0.18915
Mono,2008,6,0.27675
Tuolumne,2008,6,0.6262
Solano,2008,6,0.19460000000000002
San Bernardino,2008,6,0.08070000000000001
Contra Costa,2008,6,0.3189
Alpine,2008,6,0.4546
El Dorado,2008,6,0.7196
Yolo,2008,6,0.42055000000000003
Yuba,2008,6,0.48915000000000003
San Benito,2008,6,0.37210000000000004
Humboldt,2008,6,0.75565
Riverside,2008,6,0.11455
Kern,2008,6,0.19515000000000002
Colusa,2008,6,0.73165
Del Norte,2008,6,0.7319
Modoc,2008,6,0.23295000000000002
Fresno,2008,6,0.3073
Madera,2008,6,0.39875
Santa Clara,2008,6,0.39625000000000005
Tehama,2008,6,0.2984
San Joaquin,2008,6,0.33285000000000003
Alameda,2008,6,0.61845
Nevada,2008,6,0.77625
Butte,2008,6,0.38195
Merced,2008,6,0.49860000000000004
Tulare,2008,6,0.5165000000000001
Stanislaus,2008,6,0.4408
Orange,2008,6,0.332
Imperial,2008,6,0.50785
Sutter,2008,6,0.64075
Amador,2008,6,0.6621
Lake,2008,6,0.7398
Plumas,2008,6,0.7463000000000001
San Mateo,2008,6,0.6912
Siskiyou,2008,6,0.3274
Santa Cruz,2008,6,0.7392000000000001
Glenn,2008,6,0.2604
San Luis Obispo,2008,6,0.4752
Sierra,2008,7,0.58585
Sacramento,2008,7,0.32165
Santa Barbara,2008,7,0.6093500000000001
Calaveras,2008,7,0.56305
Ventura,2008,7,0.4566
Los Angeles,2008,7,0.49705000000000005
Sonoma,2008,7,0.8267
Kings,2008,7,0.33565
San Diego,2008,7,0.31695
Placer,2008,7,0.8196
San Francisco,2008,7,
Marin,2008,7,0.4521
Mariposa,2008,7,0.6967
Lassen,2008,7,0.37055
Napa,2008,7,0.5796
Shasta,2008,7,0.7259
Monterey,2008,7,0.3466
Trinity,2008,7,0.78615
Mendocino,2008,7,0.80815
Inyo,2008,7,0.1778
Mono,2008,7,0.3219
Tuolumne,2008,7,0.6354500000000001
Solano,2008,7,0.18675
San Bernardino,2008,7,0.07680000000000001
Contra Costa,2008,7,0.3069
Alpine,2008,7,0.47025
El Dorado,2008,7,0.7233
Yolo,2008,7,0.32075000000000004
Yuba,2008,7,0.45035000000000003
San Benito,2008,7,0.3472
Humboldt,2008,7,0.76675
Riverside,2008,7,0.11485000000000001
Kern,2008,7,0.2
Colusa,2008,7,0.7864
Del Norte,2008,7,0.7469
Modoc,2008,7,0.2039
Fresno,2008,7,0.28355
Madera,2008,7,0.37615000000000004
Santa Clara,2008,7,0.36695
Tehama,2008,7,0.30205000000000004
San Joaquin,2008,7,0.3356
Alameda,2008,7,0.58945
Nevada,2008,7,0.7737
Butte,2008,7,0.36645
Merced,2008,7,0.65125
Tulare,2008,7,0.47635
Stanislaus,2008,7,0.59285
Orange,2008,7,0.34885
Imperial,2008,7,0.4394
Sutter,2008,7,0.8602500000000001
Amador,2008,7,0.63905
Lake,2008,7,0.7066
Plumas,2008,7,0.74985
San Mateo,2008,7,0.62275
Siskiyou,2008,7,0.309
Santa Cruz,2008,7,0.71525
Glenn,2008,7,0.24000000000000002
San Luis Obispo,2008,7,0.44745
Sierra,2008,8,0.5695
Sacramento,2008,8,0.36105000000000004
Santa Barbara,2008,8,0.6036
Calaveras,2008,8,0.5758
Ventura,2008,8,0.45415
Los Angeles,2008,8,0.51125
Sonoma,2008,8,0.8136
Kings,2008,8,0.25485
San Diego,2008,8,0.3398
Placer,2008,8,0.8162
San Francisco,2008,8,
Marin,2008,8,0.4456
Mariposa,2008,8,0.6654
Lassen,2008,8,0.35765
Napa,2008,8,0.56975
Shasta,2008,8,0.68215
Monterey,2008,8,0.3448
Trinity,2008,8,0.77095
Mendocino,2008,8,0.80205
Inyo,2008,8,0.1741
Mono,2008,8,0.22590000000000002
Tuolumne,2008,8,0.6284000000000001
Solano,2008,8,0.11165
San Bernardino,2008,8,0.07595
Contra Costa,2008,8,0.30565000000000003
Alpine,2008,8,0.46305
El Dorado,2008,8,0.7160500000000001
Yolo,2008,8,0.2634
Yuba,2008,8,0.43755
San Benito,2008,8,0.31605
Humboldt,2008,8,0.7149
Riverside,2008,8,0.1135
Kern,2008,8,0.18910000000000002
Colusa,2008,8,0.7371500000000001
Del Norte,2008,8,0.7604000000000001
Modoc,2008,8,0.1903
Fresno,2008,8,0.2812
Madera,2008,8,0.3724
Santa Clara,2008,8,0.36200000000000004
Tehama,2008,8,0.27775
San Joaquin,2008,8,0.3035
Alameda,2008,8,0.58925
Nevada,2008,8,0.77775
Butte,2008,8,0.3392
Merced,2008,8,0.6336
Tulare,2008,8,0.45865
Stanislaus,2008,8,0.51465
Orange,2008,8,0.32125000000000004
Imperial,2008,8,0.32265
Sutter,2008,8,0.8012
Amador,2008,8,0.6165
Lake,2008,8,0.7051000000000001
Plumas,2008,8,0.7575000000000001
San Mateo,2008,8,0.6333500000000001
Siskiyou,2008,8,0.27615
Santa Cruz,2008,8,0.7309
Glenn,2008,8,0.22335000000000002
San Luis Obispo,2008,8,0.45105
Sierra,2008,9,0.6305000000000001
Sacramento,2008,9,0.32205
Santa Barbara,2008,9,0.62505
Calaveras,2008,9,0.56155
Ventura,2008,9,0.4359
Los Angeles,2008,9,0.50365
Sonoma,2008,9,0.83475
Kings,2008,9,0.264
San Diego,2008,9,0.3196
Placer,2008,9,0.8127500000000001
San Francisco,2008,9,
Marin,2008,9,0.5037
Mariposa,2008,9,0.6839500000000001
Lassen,2008,9,0.34765
Napa,2008,9,0.5868
Shasta,2008,9,0.69855
Monterey,2008,9,0.3668
Trinity,2008,9,0.7601
Mendocino,2008,9,0.8292
Inyo,2008,9,0.1721
Mono,2008,9,0.21475
Tuolumne,2008,9,0.6611
Solano,2008,9,0.12415000000000001
San Bernardino,2008,9,0.07525
Contra Costa,2008,9,0.30365000000000003
Alpine,2008,9,0.52895
El Dorado,2008,9,0.7301000000000001
Yolo,2008,9,0.25035
Yuba,2008,9,0.4423
San Benito,2008,9,0.3285
Humboldt,2008,9,0.7486
Riverside,2008,9,0.1107
Kern,2008,9,0.20470000000000002
Colusa,2008,9,0.45420000000000005
Del Norte,2008,9,0.7857500000000001
Modoc,2008,9,0.2001
Fresno,2008,9,0.29960000000000003
Madera,2008,9,0.38285
Santa Clara,2008,9,0.3623
Tehama,2008,9,0.26155
San Joaquin,2008,9,0.2989
Alameda,2008,9,0.57415
Nevada,2008,9,0.79225
Butte,2008,9,0.33755
Merced,2008,9,0.41435
Tulare,2008,9,0.44155
Stanislaus,2008,9,0.47425
Orange,2008,9,0.33605
Imperial,2008,9,0.15945
Sutter,2008,9,0.6117
Amador,2008,9,0.629
Lake,2008,9,0.7242000000000001
Plumas,2008,9,0.7794000000000001
San Mateo,2008,9,0.5191
Siskiyou,2008,9,0.2587
Santa Cruz,2008,9,0.7221000000000001
Glenn,2008,9,0.2134
San Luis Obispo,2008,9,0.47525
Sierra,2008,10,0.39145
Sacramento,2008,10,0.3294
Santa Barbara,2008,10,0.6263000000000001
Calaveras,2008,10,0.6052500000000001
Ventura,2008,10,0.4239
Los Angeles,2008,10,0.5194500000000001
Sonoma,2008,10,0.8363
Kings,2008,10,0.14855000000000002
San Diego,2008,10,0.32005
Placer,2008,10,0.8077500000000001
San Francisco,2008,10,
Marin,2008,10,0.51885
Mariposa,2008,10,0.6876
Lassen,2008,10,0.36805000000000004
Napa,2008,10,0.5920000000000001
Shasta,2008,10,0.70935
Monterey,2008,10,0.3553
Trinity,2008,10,0.78925
Mendocino,2008,10,0.8413
Inyo,2008,10,0.17495000000000002
Mono,2008,10,0.23670000000000002
Tuolumne,2008,10,0.7009000000000001
Solano,2008,10,0.1003
San Bernardino,2008,10,0.07375000000000001
Contra Costa,2008,10,0.3215
Alpine,2008,10,0.49400000000000005
El Dorado,2008,10,0.73285
Yolo,2008,10,0.26675
Yuba,2008,10,0.47150000000000003
San Benito,2008,10,0.27955
Humboldt,2008,10,0.7339
Riverside,2008,10,0.10935
Kern,2008,10,0.21765
Colusa,2008,10,0.3527
Del Norte,2008,10,0.78835
Modoc,2008,10,0.22075
Fresno,2008,10,0.3352
Madera,2008,10,0.4174
Santa Clara,2008,10,0.36865000000000003
Tehama,2008,10,0.32785000000000003
San Joaquin,2008,10,0.33140000000000003
Alameda,2008,10,0.59895
Nevada,2008,10,0.7787000000000001
Butte,2008,10,0.41235
Merced,2008,10,0.27985
Tulare,2008,10,0.4751
Stanislaus,2008,10,0.4675
Orange,2008,10,0.33705
Imperial,2008,10,0.29225
Sutter,2008,10,0.10205
Amador,2008,10,0.6533
Lake,2008,10,0.7311000000000001
Plumas,2008,10,0.7824
San Mateo,2008,10,0.5063500000000001
Siskiyou,2008,10,0.2505
Santa Cruz,2008,10,0.7465
Glenn,2008,10,0.23090000000000002
San Luis Obispo,2008,10,0.48975
Sierra,2008,11,0.5793
Sacramento,2008,11,0.4718
Santa Barbara,2008,11,0.6546000000000001
Calaveras,2008,11,0.648
Ventura,2008,11,0.46290000000000003
Los Angeles,2008,11,0.5177
Sonoma,2008,11,0.8732000000000001
Kings,2008,11,0.1893
San Diego,2008,11,0.3375
Placer,2008,11,0.742
San Francisco,2008,11,
Marin,2008,11,0.6837000000000001
Mariposa,2008,11,0.6973
Lassen,2008,11,0.3829
Napa,2008,11,0.6645
Shasta,2008,11,0.6719
Monterey,2008,11,0.34800000000000003
Trinity,2008,11,0.8241
Mendocino,2008,11,0.8499
Inyo,2008,11,0.1792
Mono,2008,11,0.2162
Tuolumne,2008,11,0.7201000000000001
Solano,2008,11,0.3342
San Bernardino,2008,11,0.07200000000000001
Contra Costa,2008,11,0.3916
Alpine,2008,11,0.5453
El Dorado,2008,11,0.7315
Yolo,2008,11,0.26330000000000003
Yuba,2008,11,0.5787
San Benito,2008,11,0.2753
Humboldt,2008,11,0.5754
Riverside,2008,11,0.11320000000000001
Kern,2008,11,0.5142
Colusa,2008,11,0.3632
Del Norte,2008,11,0.799
Modoc,2008,11,0.2343
Fresno,2008,11,0.4837
Madera,2008,11,0.5806
Santa Clara,2008,11,0.4768
Tehama,2008,11,0.4803
San Joaquin,2008,11,0.3267
Alameda,2008,11,0.6682
Nevada,2008,11,0.7937000000000001
Butte,2008,11,0.5427000000000001
Merced,2008,11,0.2727
Tulare,2008,11,0.5437000000000001
Stanislaus,2008,11,0.4717
Orange,2008,11,0.3715
Imperial,2008,11,0.2889
Sutter,2008,11,0.0417
Amador,2008,11,0.6807000000000001
Lake,2008,11,0.6854
Plumas,2008,11,0.8116
San Mateo,2008,11,0.5751000000000001
Siskiyou,2008,11,0.29500000000000004
Santa Cruz,2008,11,0.765
Glenn,2008,11,0.4756
San Luis Obispo,2008,11,0.5206000000000001
Sierra,2008,12,0.37865000000000004
Sacramento,2008,12,0.5154
Santa Barbara,2008,12,0.65275
Calaveras,2008,12,0.67305
Ventura,2008,12,0.5142
Los Angeles,2008,12,0.51575
Sonoma,2008,12,0.8681000000000001
Kings,2008,12,0.12810000000000002
San Diego,2008,12,0.37020000000000003
Placer,2008,12,0.78995
San Francisco,2008,12,
Marin,2008,12,0.7247
Mariposa,2008,12,0.71945
Lassen,2008,12,0.18585000000000002
Napa,2008,12,0.67335
Shasta,2008,12,0.66415
Monterey,2008,12,0.41125
Trinity,2008,12,0.5055000000000001
Mendocino,2008,12,0.8278500000000001
Inyo,2008,12,0.099
Mono,2008,12,0.12535000000000002
Tuolumne,2008,12,0.3861
Solano,2008,12,0.14725000000000002
San Bernardino,2008,12,0.0742
Contra Costa,2008,12,0.41185
Alpine,2008,12,0.32705
El Dorado,2008,12,0.6697500000000001
Yolo,2008,12,0.33515
Yuba,2008,12,0.5911000000000001
San Benito,2008,12,0.36605000000000004
Humboldt,2008,12,0.7342000000000001
Riverside,2008,12,0.1066
Kern,2008,12,0.5717
Colusa,2008,12,0.4056
Del Norte,2008,12,0.4516
Modoc,2008,12,0.10490000000000001
Fresno,2008,12,0.5514
Madera,2008,12,0.68345
Santa Clara,2008,12,0.5274
Tehama,2008,12,0.50075
San Joaquin,2008,12,0.35435
Alameda,2008,12,0.6819500000000001
Nevada,2008,12,0.75475
Butte,2008,12,0.5900000000000001
Merced,2008,12,0.4222
Tulare,2008,12,0.6212500000000001
Stanislaus,2008,12,0.4399
Orange,2008,12,0.39080000000000004
Imperial,2008,12,0.44965
Sutter,2008,12,0.0258
Amador,2008,12,0.7113
Lake,2008,12,0.6900000000000001
Plumas,2008,12,0.67705
San Mateo,2008,12,0.5657
Siskiyou,2008,12,0.2995
Santa Cruz,2008,12,0.7875000000000001
Glenn,2008,12,0.42495
San Luis Obispo,2008,12,0.52875
Sierra,2009,1,0.2036
Sacramento,2009,1,0.5272
Santa Barbara,2009,1,0.6821
Calaveras,2009,1,0.6289
Ventura,2009,1,0.5255500000000001
Los Angeles,2009,1,0.5427500000000001
Sonoma,2009,1,0.86675
Kings,2009,1,0.16115000000000002
San Diego,2009,1,0.39530000000000004
Placer,2009,1,0.79205
San Francisco,2009,1,
Marin,2009,1,0.7503500000000001
Mariposa,2009,1,0.72755
Lassen,2009,1,0.00945
Napa,2009,1,0.65485
Shasta,2009,1,0.6832
Monterey,2009,1,0.38925000000000004
Trinity,2009,1,0.8158000000000001
Mendocino,2009,1,0.8471500000000001
Inyo,2009,1,0.18055000000000002
Mono,2009,1,0.17065
Tuolumne,2009,1,0.27535000000000004
Solano,2009,1,0.3225
San Bernardino,2009,1,0.07355
Contra Costa,2009,1,0.4258
Alpine,2009,1,0.1585
El Dorado,2009,1,0.7274
Yolo,2009,1,0.29235
Yuba,2009,1,0.58325
San Benito,2009,1,0.39795
Humboldt,2009,1,0.5995
Riverside,2009,1,0.11760000000000001
Kern,2009,1,0.6403
Colusa,2009,1,0.32280000000000003
Del Norte,2009,1,0.7873
Modoc,2009,1,0.0195
Fresno,2009,1,0.5675
Madera,2009,1,0.6245
Santa Clara,2009,1,0.54045
Tehama,2009,1,0.5346500000000001
San Joaquin,2009,1,0.31815
Alameda,2009,1,0.65095
Nevada,2009,1,0.7843
Butte,2009,1,0.56315
Merced,2009,1,0.4504
Tulare,2009,1,0.6155
Stanislaus,2009,1,0.50765
Orange,2009,1,0.40215
Imperial,2009,1,0.6038
Sutter,2009,1,0.014150000000000001
Amador,2009,1,0.7120000000000001
Lake,2009,1,0.73945
Plumas,2009,1,0.72165
San Mateo,2009,1,0.5981000000000001
Siskiyou,2009,1,0.3428
Santa Cruz,2009,1,0.7674500000000001
Glenn,2009,1,0.43460000000000004
San Luis Obispo,2009,1,0.54245
Sierra,2009,2,0.21645
Sacramento,2009,2,0.5384
Santa Barbara,2009,2,0.6878000000000001
Calaveras,2009,2,0.6206
Ventura,2009,2,0.5667
Los Angeles,2009,2,0.5758
Sonoma,2009,2,0.84255
Kings,2009,2,0.1592
San Diego,2009,2,0.42985
Placer,2009,2,0.77185
San Francisco,2009,2,
Marin,2009,2,0.7587
Mariposa,2009,2,0.70315
Lassen,2009,2,0.054150000000000004
Napa,2009,2,0.6818500000000001
Shasta,2009,2,0.66635
Monterey,2009,2,0.48045000000000004
Trinity,2009,2,0.74265
Mendocino,2009,2,0.8066
Inyo,2009,2,0.1983
Mono,2009,2,0.019200000000000002
Tuolumne,2009,2,0.30225
Solano,2009,2,0.42875
San Bernardino,2009,2,0.078
Contra Costa,2009,2,0.41855000000000003
Alpine,2009,2,0.15975
El Dorado,2009,2,0.54095
Yolo,2009,2,0.43710000000000004
Yuba,2009,2,0.59555
San Benito,2009,2,0.5236500000000001
Humboldt,2009,2,0.7669
Riverside,2009,2,0.14165
Kern,2009,2,0.6606500000000001
Colusa,2009,2,0.4118
Del Norte,2009,2,0.5920500000000001
Modoc,2009,2,0.26035
Fresno,2009,2,0.59535
Madera,2009,2,0.6575000000000001
Santa Clara,2009,2,0.612
Tehama,2009,2,0.5942500000000001
San Joaquin,2009,2,0.38145
Alameda,2009,2,0.6516000000000001
Nevada,2009,2,0.50825
Butte,2009,2,0.6137
Merced,2009,2,0.53095
Tulare,2009,2,0.6455000000000001
Stanislaus,2009,2,0.55745
Orange,2009,2,0.3859
Imperial,2009,2,0.6311
Sutter,2009,2,0.30625
Amador,2009,2,0.67915
Lake,2009,2,0.6733
Plumas,2009,2,0.65985
San Mateo,2009,2,0.65785
Siskiyou,2009,2,0.35115
Santa Cruz,2009,2,0.74055
Glenn,2009,2,0.48905000000000004
San Luis Obispo,2009,2,0.555
Sierra,2009,3,0.21145
Sacramento,2009,3,0.58885
Santa Barbara,2009,3,0.7050500000000001
Calaveras,2009,3,0.65185
Ventura,2009,3,0.6313500000000001
Los Angeles,2009,3,0.6082000000000001
Sonoma,2009,3,0.82635
Kings,2009,3,0.12990000000000002
San Diego,2009,3,0.44575000000000004
Placer,2009,3,0.77615
San Francisco,2009,3,
Marin,2009,3,0.772
Mariposa,2009,3,0.6958500000000001
Lassen,2009,3,0.02065
Napa,2009,3,0.6881
Shasta,2009,3,0.6772
Monterey,2009,3,0.599
Trinity,2009,3,0.7133
Mendocino,2009,3,0.80655
Inyo,2009,3,0.19855
Mono,2009,3,0.0068000000000000005
Tuolumne,2009,3,0.17005
Solano,2009,3,0.38520000000000004
San Bernardino,2009,3,0.08410000000000001
Contra Costa,2009,3,0.47450000000000003
Alpine,2009,3,0.13665
El Dorado,2009,3,0.6927500000000001
Yolo,2009,3,0.6034
Yuba,2009,3,0.71355
San Benito,2009,3,0.6423
Humboldt,2009,3,0.7313500000000001
Riverside,2009,3,0.13965
Kern,2009,3,0.4752
Colusa,2009,3,0.4219
Del Norte,2009,3,0.73745
Modoc,2009,3,0.2549
Fresno,2009,3,0.5054000000000001
Madera,2009,3,0.69165
Santa Clara,2009,3,0.6854
Tehama,2009,3,0.66405
San Joaquin,2009,3,0.44160000000000005
Alameda,2009,3,0.71035
Nevada,2009,3,0.60265
Butte,2009,3,0.62925
Merced,2009,3,0.60845
Tulare,2009,3,0.7307
Stanislaus,2009,3,0.64405
Orange,2009,3,0.3951
Imperial,2009,3,0.6637500000000001
Sutter,2009,3,0.28305
Amador,2009,3,0.65575
Lake,2009,3,0.64425
Plumas,2009,3,0.60785
San Mateo,2009,3,0.7251500000000001
Siskiyou,2009,3,0.37605
Santa Cruz,2009,3,0.7475
Glenn,2009,3,0.5497500000000001
San Luis Obispo,2009,3,0.5625
Sierra,2009,4,0.0772
Sacramento,2009,4,0.53425
Santa Barbara,2009,4,0.6964
Calaveras,2009,4,0.69015
Ventura,2009,4,0.5769000000000001
Los Angeles,2009,4,0.5893
Sonoma,2009,4,0.80905
Kings,2009,4,0.1456
San Diego,2009,4,0.40895000000000004
Placer,2009,4,0.7682
San Francisco,2009,4,
Marin,2009,4,0.79805
Mariposa,2009,4,0.6848000000000001
Lassen,2009,4,0.37015000000000003
Napa,2009,4,0.6989000000000001
Shasta,2009,4,0.7214
Monterey,2009,4,0.44935
Trinity,2009,4,0.7270500000000001
Mendocino,2009,4,0.8094
Inyo,2009,4,0.20595000000000002
Mono,2009,4,0.1636
Tuolumne,2009,4,0.4834
Solano,2009,4,0.2268
San Bernardino,2009,4,0.08355
Contra Costa,2009,4,0.5496
Alpine,2009,4,0.30475
El Dorado,2009,4,0.66855
Yolo,2009,4,0.5804
Yuba,2009,4,0.6791
San Benito,2009,4,0.62565
Humboldt,2009,4,0.7382000000000001
Riverside,2009,4,0.1241
Kern,2009,4,0.2617
Colusa,2009,4,0.34915
Del Norte,2009,4,0.74575
Modoc,2009,4,0.27055
Fresno,2009,4,0.3658
Madera,2009,4,0.6639
Santa Clara,2009,4,0.676
Tehama,2009,4,0.5582
San Joaquin,2009,4,0.39445
Alameda,2009,4,0.7438
Nevada,2009,4,0.72855
Butte,2009,4,0.60255
Merced,2009,4,0.6848000000000001
Tulare,2009,4,0.733
Stanislaus,2009,4,0.63685
Orange,2009,4,0.33755
Imperial,2009,4,0.5973
Sutter,2009,4,0.22060000000000002
Amador,2009,4,0.6857500000000001
Lake,2009,4,0.6463
Plumas,2009,4,0.7212000000000001
San Mateo,2009,4,0.8102
Siskiyou,2009,4,0.3453
Santa Cruz,2009,4,0.7208
Glenn,2009,4,0.4801
San Luis Obispo,2009,4,0.5443
Sierra,2009,5,0.49795
Sacramento,2009,5,0.42000000000000004
Santa Barbara,2009,5,0.7023
Calaveras,2009,5,0.6745
Ventura,2009,5,0.5134500000000001
Los Angeles,2009,5,0.5604
Sonoma,2009,5,0.8049000000000001
Kings,2009,5,0.2665
San Diego,2009,5,0.38605
Placer,2009,5,0.80335
San Francisco,2009,5,
Marin,2009,5,0.7263000000000001
Mariposa,2009,5,0.7201500000000001
Lassen,2009,5,0.4005
Napa,2009,5,0.6857000000000001
Shasta,2009,5,0.70365
Monterey,2009,5,0.266
Trinity,2009,5,0.71665
Mendocino,2009,5,0.79215
Inyo,2009,5,0.19225
Mono,2009,5,0.20625000000000002
Tuolumne,2009,5,0.6324500000000001
Solano,2009,5,0.17165
San Bernardino,2009,5,0.07655
Contra Costa,2009,5,0.3899
Alpine,2009,5,0.5539000000000001
El Dorado,2009,5,0.7220500000000001
Yolo,2009,5,0.51715
Yuba,2009,5,0.5782
San Benito,2009,5,0.40645000000000003
Humboldt,2009,5,0.7915500000000001
Riverside,2009,5,0.11465
Kern,2009,5,0.2232
Colusa,2009,5,0.4197
Del Norte,2009,5,0.7525000000000001
Modoc,2009,5,0.24405000000000002
Fresno,2009,5,0.32505
Madera,2009,5,0.47365
Santa Clara,2009,5,0.48300000000000004
Tehama,2009,5,0.3977
San Joaquin,2009,5,0.36310000000000003
Alameda,2009,5,0.6997
Nevada,2009,5,0.72755
Butte,2009,5,0.49335
Merced,2009,5,0.48550000000000004
Tulare,2009,5,0.6284500000000001
Stanislaus,2009,5,0.4923
Orange,2009,5,0.3577
Imperial,2009,5,0.42800000000000005
Sutter,2009,5,0.26205
Amador,2009,5,0.66105
Lake,2009,5,0.75615
Plumas,2009,5,0.71375
San Mateo,2009,5,0.7512500000000001
Siskiyou,2009,5,0.305
Santa Cruz,2009,5,0.76085
Glenn,2009,5,0.29685
San Luis Obispo,2009,5,0.5043500000000001
Sierra,2009,6,0.57365
Sacramento,2009,6,0.31995
Santa Barbara,2009,6,0.6524500000000001
Calaveras,2009,6,0.6496500000000001
Ventura,2009,6,0.5074500000000001
Los Angeles,2009,6,0.5593
Sonoma,2009,6,0.8371500000000001
Kings,2009,6,0.60205
San Diego,2009,6,0.36410000000000003
Placer,2009,6,0.8222
San Francisco,2009,6,
Marin,2009,6,0.5512
Mariposa,2009,6,0.73975
Lassen,2009,6,0.47155
Napa,2009,6,0.6264000000000001
Shasta,2009,6,0.72335
Monterey,2009,6,0.26445
Trinity,2009,6,0.73705
Mendocino,2009,6,0.81
Inyo,2009,6,0.17300000000000001
Mono,2009,6,0.2533
Tuolumne,2009,6,0.6225
Solano,2009,6,0.1772
San Bernardino,2009,6,0.07845
Contra Costa,2009,6,0.32695
Alpine,2009,6,0.5066
El Dorado,2009,6,0.75995
Yolo,2009,6,0.37135
Yuba,2009,6,0.51535
San Benito,2009,6,0.32795
Humboldt,2009,6,0.7522000000000001
Riverside,2009,6,0.10890000000000001
Kern,2009,6,0.2136
Colusa,2009,6,0.7100500000000001
Del Norte,2009,6,0.7547
Modoc,2009,6,0.21905000000000002
Fresno,2009,6,0.31605
Madera,2009,6,0.4188
Santa Clara,2009,6,0.406
Tehama,2009,6,0.2862
San Joaquin,2009,6,0.32705
Alameda,2009,6,0.67035
Nevada,2009,6,0.7977500000000001
Butte,2009,6,0.38805
Merced,2009,6,0.49515000000000003
Tulare,2009,6,0.49570000000000003
Stanislaus,2009,6,0.44380000000000003
Orange,2009,6,0.37545
Imperial,2009,6,0.36810000000000004
Sutter,2009,6,0.79345
Amador,2009,6,0.6558
Lake,2009,6,0.74355
Plumas,2009,6,0.7384000000000001
San Mateo,2009,6,0.6919500000000001
Siskiyou,2009,6,0.3181
Santa Cruz,2009,6,0.75505
Glenn,2009,6,0.21365
San Luis Obispo,2009,6,0.45265
Sierra,2009,7,0.60545
Sacramento,2009,7,0.29745
Santa Barbara,2009,7,0.6073000000000001
Calaveras,2009,7,0.5921500000000001
Ventura,2009,7,0.41435
Los Angeles,2009,7,0.49875
Sonoma,2009,7,0.82135
Kings,2009,7,0.7842
San Diego,2009,7,0.3255
Placer,2009,7,0.8318000000000001
San Francisco,2009,7,
Marin,2009,7,0.521
Mariposa,2009,7,0.7321500000000001
Lassen,2009,7,0.39435000000000003
Napa,2009,7,0.5952000000000001
Shasta,2009,7,0.69325
Monterey,2009,7,0.25115
Trinity,2009,7,0.75495
Mendocino,2009,7,0.7974
Inyo,2009,7,0.1647
Mono,2009,7,0.2928
Tuolumne,2009,7,0.65905
Solano,2009,7,0.16025
San Bernardino,2009,7,0.0794
Contra Costa,2009,7,0.26045
Alpine,2009,7,0.5221
El Dorado,2009,7,0.7532
Yolo,2009,7,0.29825
Yuba,2009,7,0.4526
San Benito,2009,7,0.2877
Humboldt,2009,7,0.7210500000000001
Riverside,2009,7,0.10880000000000001
Kern,2009,7,0.19970000000000002
Colusa,2009,7,0.75085
Del Norte,2009,7,0.7412000000000001
Modoc,2009,7,0.19605
Fresno,2009,7,0.30360000000000004
Madera,2009,7,0.37820000000000004
Santa Clara,2009,7,0.37125
Tehama,2009,7,0.28285
San Joaquin,2009,7,0.32280000000000003
Alameda,2009,7,0.6169
Nevada,2009,7,0.7917500000000001
Butte,2009,7,0.35995
Merced,2009,7,0.42175
Tulare,2009,7,0.4466
Stanislaus,2009,7,0.56005
Orange,2009,7,0.3341
Imperial,2009,7,0.3226
Sutter,2009,7,0.8657
Amador,2009,7,0.5658000000000001
Lake,2009,7,0.7229
Plumas,2009,7,0.76515
San Mateo,2009,7,0.6799000000000001
Siskiyou,2009,7,0.2958
Santa Cruz,2009,7,0.745
Glenn,2009,7,0.19505
San Luis Obispo,2009,7,0.4137
Sierra,2009,8,0.5936
Sacramento,2009,8,0.3115
Santa Barbara,2009,8,0.60535
Calaveras,2009,8,0.59255
Ventura,2009,8,0.37720000000000004
Los Angeles,2009,8,0.48245000000000005
Sonoma,2009,8,0.82645
Kings,2009,8,0.74595
San Diego,2009,8,0.3267
Placer,2009,8,0.8208000000000001
San Francisco,2009,8,
Marin,2009,8,0.49210000000000004
Mariposa,2009,8,0.7294
Lassen,2009,8,0.3669
Napa,2009,8,0.601
Shasta,2009,8,0.6855
Monterey,2009,8,0.24515
Trinity,2009,8,0.768
Mendocino,2009,8,0.8116
Inyo,2009,8,0.1627
Mono,2009,8,0.26455
Tuolumne,2009,8,0.63715
Solano,2009,8,0.22415000000000002
San Bernardino,2009,8,0.07735
Contra Costa,2009,8,0.3155
Alpine,2009,8,0.5053500000000001
El Dorado,2009,8,0.74885
Yolo,2009,8,0.24050000000000002
Yuba,2009,8,0.43960000000000005
San Benito,2009,8,0.30895
Humboldt,2009,8,0.7202000000000001
Riverside,2009,8,0.11425
Kern,2009,8,0.19890000000000002
Colusa,2009,8,0.6337
Del Norte,2009,8,0.75355
Modoc,2009,8,0.1923
Fresno,2009,8,0.2917
Madera,2009,8,0.37235
Santa Clara,2009,8,0.3705
Tehama,2009,8,0.27725
San Joaquin,2009,8,0.32045
Alameda,2009,8,0.6079
Nevada,2009,8,0.7801
Butte,2009,8,0.33330000000000004
Merced,2009,8,0.38420000000000004
Tulare,2009,8,0.4176
Stanislaus,2009,8,0.58455
Orange,2009,8,0.33415
Imperial,2009,8,0.19055
Sutter,2009,8,0.7529
Amador,2009,8,0.64415
Lake,2009,8,0.7212000000000001
Plumas,2009,8,0.76025
San Mateo,2009,8,0.61085
Siskiyou,2009,8,0.27415
Santa Cruz,2009,8,0.7459
Glenn,2009,8,0.18875
San Luis Obispo,2009,8,0.42750000000000005
Sierra,2009,9,0.58565
Sacramento,2009,9,0.32635000000000003
Santa Barbara,2009,9,0.6203000000000001
Calaveras,2009,9,0.5991000000000001
Ventura,2009,9,0.39540000000000003
Los Angeles,2009,9,0.4494
Sonoma,2009,9,0.82635
Kings,2009,9,0.6068
San Diego,2009,9,0.34685
Placer,2009,9,0.8142
San Francisco,2009,9,
Marin,2009,9,0.49685
Mariposa,2009,9,0.7187
Lassen,2009,9,0.3628
Napa,2009,9,0.6171
Shasta,2009,9,0.67145
Monterey,2009,9,0.2404
Trinity,2009,9,0.7723
Mendocino,2009,9,0.8212
Inyo,2009,9,0.16060000000000002
Mono,2009,9,0.1918
Tuolumne,2009,9,0.6364000000000001
Solano,2009,9,0.1333
San Bernardino,2009,9,0.07535
Contra Costa,2009,9,0.298
Alpine,2009,9,0.49315000000000003
El Dorado,2009,9,0.734
Yolo,2009,9,0.21415
Yuba,2009,9,0.4445
San Benito,2009,9,0.30425
Humboldt,2009,9,0.6990500000000001
Riverside,2009,9,0.11095000000000001
Kern,2009,9,0.19965000000000002
Colusa,2009,9,0.3592
Del Norte,2009,9,0.75865
Modoc,2009,9,0.19715000000000002
Fresno,2009,9,0.30105000000000004
Madera,2009,9,0.38655
Santa Clara,2009,9,0.35050000000000003
Tehama,2009,9,0.2901
San Joaquin,2009,9,0.3402
Alameda,2009,9,0.61555
Nevada,2009,9,0.7782
Butte,2009,9,0.35660000000000003
Merced,2009,9,0.2273
Tulare,2009,9,0.42495
Stanislaus,2009,9,0.46190000000000003
Orange,2009,9,0.3385
Imperial,2009,9,0.15295
Sutter,2009,9,0.52975
Amador,2009,9,0.6381
Lake,2009,9,0.7265
Plumas,2009,9,0.7664500000000001
San Mateo,2009,9,0.533
Siskiyou,2009,9,0.24275000000000002
Santa Cruz,2009,9,0.7563500000000001
Glenn,2009,9,0.20120000000000002
San Luis Obispo,2009,9,0.43425
Sierra,2009,10,0.5635
Sacramento,2009,10,0.44160000000000005
Santa Barbara,2009,10,0.6381
Calaveras,2009,10,0.6273000000000001
Ventura,2009,10,0.4264
Los Angeles,2009,10,0.49010000000000004
Sonoma,2009,10,0.8603000000000001
Kings,2009,10,0.29650000000000004
San Diego,2009,10,0.3498
Placer,2009,10,0.7993
San Francisco,2009,10,
Marin,2009,10,0.6378
Mariposa,2009,10,0.7302000000000001
Lassen,2009,10,0.36810000000000004
Napa,2009,10,0.6844
Shasta,2009,10,0.7140000000000001
Monterey,2009,10,0.47550000000000003
Trinity,2009,10,0.7931
Mendocino,2009,10,0.8255
Inyo,2009,10,0.16740000000000002
Mono,2009,10,0.19920000000000002
Tuolumne,2009,10,0.6206
Solano,2009,10,0.1821
San Bernardino,2009,10,0.07250000000000001
Contra Costa,2009,10,0.37770000000000004
Alpine,2009,10,0.498
El Dorado,2009,10,0.7338
Yolo,2009,10,0.2451
Yuba,2009,10,0.5233
San Benito,2009,10,0.3584
Humboldt,2009,10,0.7441
Riverside,2009,10,0.11320000000000001
Kern,2009,10,0.22640000000000002
Colusa,2009,10,0.2963
Del Norte,2009,10,0.7929
Modoc,2009,10,0.2227
Fresno,2009,10,0.39930000000000004
Madera,2009,10,0.44270000000000004
Santa Clara,2009,10,0.44870000000000004
Tehama,2009,10,0.4758
San Joaquin,2009,10,0.4151
Alameda,2009,10,0.6471
Nevada,2009,10,0.7439
Butte,2009,10,0.4848
Merced,2009,10,0.24550000000000002
Tulare,2009,10,0.45420000000000005
Stanislaus,2009,10,0.5239
Orange,2009,10,0.3377
Imperial,2009,10,0.2306
Sutter,2009,10,0.19390000000000002
Amador,2009,10,0.649
Lake,2009,10,0.7482000000000001
Plumas,2009,10,0.7788
San Mateo,2009,10,0.5206000000000001
Siskiyou,2009,10,0.2336
Santa Cruz,2009,10,0.7118
Glenn,2009,10,0.44170000000000004
San Luis Obispo,2009,10,0.49610000000000004
Sierra,2009,11,0.6161
Sacramento,2009,11,0.5025000000000001
Santa Barbara,2009,11,0.6585000000000001
Calaveras,2009,11,0.63715
Ventura,2009,11,0.50015
Los Angeles,2009,11,0.49920000000000003
Sonoma,2009,11,0.8632500000000001
Kings,2009,11,0.1394
San Diego,2009,11,0.3403
Placer,2009,11,0.77775
San Francisco,2009,11,
Marin,2009,11,0.7157
Mariposa,2009,11,0.6889500000000001
Lassen,2009,11,0.2651
Napa,2009,11,0.70635
Shasta,2009,11,0.69815
Monterey,2009,11,0.47190000000000004
Trinity,2009,11,0.7936500000000001
Mendocino,2009,11,0.8450000000000001
Inyo,2009,11,0.17015
Mono,2009,11,0.20255
Tuolumne,2009,11,0.65945
Solano,2009,11,0.29700000000000004
San Bernardino,2009,11,0.0763
Contra Costa,2009,11,0.436
Alpine,2009,11,0.542
El Dorado,2009,11,0.7542500000000001
Yolo,2009,11,0.3143
Yuba,2009,11,0.5582
San Benito,2009,11,0.40235000000000004
Humboldt,2009,11,0.7517
Riverside,2009,11,0.11305000000000001
Kern,2009,11,0.21695
Colusa,2009,11,0.23905
Del Norte,2009,11,0.81765
Modoc,2009,11,0.27095
Fresno,2009,11,0.43965000000000004
Madera,2009,11,0.5764
Santa Clara,2009,11,0.5753
Tehama,2009,11,0.5787
San Joaquin,2009,11,0.3526
Alameda,2009,11,0.69865
Nevada,2009,11,0.7719
Butte,2009,11,0.5505
Merced,2009,11,0.26395
Tulare,2009,11,0.5869
Stanislaus,2009,11,0.43945
Orange,2009,11,0.33265
Imperial,2009,11,0.41785
Sutter,2009,11,0.06555
Amador,2009,11,0.6987
Lake,2009,11,0.6963
Plumas,2009,11,0.8025
San Mateo,2009,11,0.58085
Siskiyou,2009,11,0.25880000000000003
Santa Cruz,2009,11,0.79215
Glenn,2009,11,0.46330000000000005
San Luis Obispo,2009,11,0.5367000000000001
Sierra,2009,12,0.32435
Sacramento,2009,12,0.519
Santa Barbara,2009,12,0.6771
Calaveras,2009,12,0.648
Ventura,2009,12,0.58235
Los Angeles,2009,12,0.49505000000000005
Sonoma,2009,12,0.8632500000000001
Kings,2009,12,0.14375000000000002
San Diego,2009,12,0.38595
Placer,2009,12,0.77775
San Francisco,2009,12,
Marin,2009,12,0.7131000000000001
Mariposa,2009,12,0.7479
Lassen,2009,12,0.10365
Napa,2009,12,0.68845
Shasta,2009,12,0.69255
Monterey,2009,12,0.47790000000000005
Trinity,2009,12,0.8031
Mendocino,2009,12,0.86055
Inyo,2009,12,0.1668
Mono,2009,12,0.022350000000000002
Tuolumne,2009,12,0.4672
Solano,2009,12,0.27555
San Bernardino,2009,12,0.07995000000000001
Contra Costa,2009,12,0.4938
Alpine,2009,12,0.12040000000000001
El Dorado,2009,12,0.74995
Yolo,2009,12,0.2917
Yuba,2009,12,0.5709000000000001
San Benito,2009,12,0.41165
Humboldt,2009,12,0.7341500000000001
Riverside,2009,12,0.11825000000000001
Kern,2009,12,0.48850000000000005
Colusa,2009,12,0.2758
Del Norte,2009,12,0.8273
Modoc,2009,12,0.1721
Fresno,2009,12,0.50405
Madera,2009,12,0.5508500000000001
Santa Clara,2009,12,0.60855
Tehama,2009,12,0.554
San Joaquin,2009,12,0.31485
Alameda,2009,12,0.67935
Nevada,2009,12,0.76215
Butte,2009,12,0.5578500000000001
Merced,2009,12,0.24855000000000002
Tulare,2009,12,0.59995
Stanislaus,2009,12,0.44925000000000004
Orange,2009,12,0.3714
Imperial,2009,12,0.6914
Sutter,2009,12,0.03565
Amador,2009,12,0.66815
Lake,2009,12,0.72355
Plumas,2009,12,0.74165
San Mateo,2009,12,0.5891500000000001
Siskiyou,2009,12,0.22705
Santa Cruz,2009,12,0.78215
Glenn,2009,12,0.47775
San Luis Obispo,2009,12,0.5747
Sierra,2010,1,0.1346
Sacramento,2010,1,0.6162000000000001
Santa Barbara,2010,1,0.6928000000000001
Calaveras,2010,1,0.6563
Ventura,2010,1,0.6363500000000001
Los Angeles,2010,1,0.606
Sonoma,2010,1,0.71125
Kings,2010,1,0.12225000000000001
San Diego,2010,1,0.43870000000000003
Placer,2010,1,0.76275
San Francisco,2010,1,
Marin,2010,1,0.7300500000000001
Mariposa,2010,1,0.7607
Lassen,2010,1,0.054900000000000004
Napa,2010,1,0.6789000000000001
Shasta,2010,1,0.68215
Monterey,2010,1,0.649
Trinity,2010,1,0.3985
Mendocino,2010,1,0.8292
Inyo,2010,1,0.0726
Mono,2010,1,-0.0227
Tuolumne,2010,1,0.2296
Solano,2010,1,0.3382
San Bernardino,2010,1,0.06985000000000001
Contra Costa,2010,1,0.5149
Alpine,2010,1,0.15245
El Dorado,2010,1,0.75275
Yolo,2010,1,0.42315
Yuba,2010,1,0.62495
San Benito,2010,1,0.5112
Humboldt,2010,1,0.69135
Riverside,2010,1,0.10540000000000001
Kern,2010,1,0.6425000000000001
Colusa,2010,1,0.2843
Del Norte,2010,1,0.63885
Modoc,2010,1,0.14545
Fresno,2010,1,0.6021500000000001
Madera,2010,1,0.614
Santa Clara,2010,1,0.6708500000000001
Tehama,2010,1,0.6342
San Joaquin,2010,1,0.51375
Alameda,2010,1,0.67755
Nevada,2010,1,0.63395
Butte,2010,1,0.5960500000000001
Merced,2010,1,0.38595
Tulare,2010,1,0.63665
Stanislaus,2010,1,0.5900500000000001
Orange,2010,1,0.4208
Imperial,2010,1,0.7250000000000001
Sutter,2010,1,0.19595
Amador,2010,1,0.7046
Lake,2010,1,0.6043000000000001
Plumas,2010,1,0.441
San Mateo,2010,1,0.6237
Siskiyou,2010,1,0.2854
Santa Cruz,2010,1,0.8243
Glenn,2010,1,0.60295
San Luis Obispo,2010,1,0.56575
Sierra,2010,2,0.16595000000000001
Sacramento,2010,2,0.6202000000000001
Santa Barbara,2010,2,0.73665
Calaveras,2010,2,0.6706000000000001
Ventura,2010,2,0.65985
Los Angeles,2010,2,0.58275
Sonoma,2010,2,0.8469500000000001
Kings,2010,2,0.18730000000000002
San Diego,2010,2,0.46415
Placer,2010,2,0.7648
San Francisco,2010,2,
Marin,2010,2,0.7722
Mariposa,2010,2,0.70465
Lassen,2010,2,0.03045
Napa,2010,2,0.6881
Shasta,2010,2,0.7170500000000001
Monterey,2010,2,0.70535
Trinity,2010,2,0.7018500000000001
Mendocino,2010,2,0.8510000000000001
Inyo,2010,2,0.17125
Mono,2010,2,-0.005
Tuolumne,2010,2,0.14825000000000002
Solano,2010,2,0.33590000000000003
San Bernardino,2010,2,0.06405000000000001
Contra Costa,2010,2,0.5592
Alpine,2010,2,0.18435
El Dorado,2010,2,0.73745
Yolo,2010,2,0.4672
Yuba,2010,2,0.6608
San Benito,2010,2,0.5698
Humboldt,2010,2,0.72435
Riverside,2010,2,0.12915000000000001
Kern,2010,2,0.6936
Colusa,2010,2,0.36735
Del Norte,2010,2,0.79395
Modoc,2010,2,0.27390000000000003
Fresno,2010,2,0.6223000000000001
Madera,2010,2,0.6435500000000001
Santa Clara,2010,2,0.7662
Tehama,2010,2,0.65585
San Joaquin,2010,2,0.5149
Alameda,2010,2,0.71425
Nevada,2010,2,0.6422
Butte,2010,2,0.6398
Merced,2010,2,0.3161
Tulare,2010,2,0.65105
Stanislaus,2010,2,0.45145
Orange,2010,2,0.39315
Imperial,2010,2,0.73995
Sutter,2010,2,0.31135
Amador,2010,2,0.6493
Lake,2010,2,0.6847500000000001
Plumas,2010,2,0.56525
San Mateo,2010,2,0.6674
Siskiyou,2010,2,0.33030000000000004
Santa Cruz,2010,2,0.76795
Glenn,2010,2,0.67505
San Luis Obispo,2010,2,0.60965
Sierra,2010,3,0.11085
Sacramento,2010,3,0.65385
Santa Barbara,2010,3,0.6956
Calaveras,2010,3,0.71255
Ventura,2010,3,0.64285
Los Angeles,2010,3,0.59065
Sonoma,2010,3,0.8372
Kings,2010,3,0.1574
San Diego,2010,3,0.46055
Placer,2010,3,0.74655
San Francisco,2010,3,
Marin,2010,3,0.78485
Mariposa,2010,3,0.7085
Lassen,2010,3,0.04705
Napa,2010,3,0.7195
Shasta,2010,3,0.6477
Monterey,2010,3,0.74385
Trinity,2010,3,0.7281000000000001
Mendocino,2010,3,0.8319500000000001
Inyo,2010,3,0.1872
Mono,2010,3,-0.028650000000000002
Tuolumne,2010,3,0.0673
Solano,2010,3,0.38435
San Bernardino,2010,3,0.09680000000000001
Contra Costa,2010,3,0.597
Alpine,2010,3,0.15355000000000002
El Dorado,2010,3,0.6899000000000001
Yolo,2010,3,0.54495
Yuba,2010,3,0.7264
San Benito,2010,3,0.6267
Humboldt,2010,3,0.6907
Riverside,2010,3,0.1381
Kern,2010,3,0.5964
Colusa,2010,3,0.36315000000000003
Del Norte,2010,3,0.7067
Modoc,2010,3,0.25685
Fresno,2010,3,0.5337500000000001
Madera,2010,3,0.6815
Santa Clara,2010,3,0.7498
Tehama,2010,3,0.6604
San Joaquin,2010,3,0.45055
Alameda,2010,3,0.70125
Nevada,2010,3,0.7416
Butte,2010,3,0.66605
Merced,2010,3,0.35100000000000003
Tulare,2010,3,0.7020000000000001
Stanislaus,2010,3,0.6777000000000001
Orange,2010,3,0.34875
Imperial,2010,3,0.7228
Sutter,2010,3,0.32730000000000004
Amador,2010,3,0.7097
Lake,2010,3,0.69555
Plumas,2010,3,0.6624
San Mateo,2010,3,0.6949500000000001
Siskiyou,2010,3,0.49350000000000005
Santa Cruz,2010,3,0.77585
Glenn,2010,3,0.6941
San Luis Obispo,2010,3,0.5715
Sierra,2010,4,0.15565
Sacramento,2010,4,0.61245
Santa Barbara,2010,4,0.7090500000000001
Calaveras,2010,4,0.6821
Ventura,2010,4,0.7008
Los Angeles,2010,4,0.64705
Sonoma,2010,4,0.8287
Kings,2010,4,0.1369
San Diego,2010,4,0.5086
Placer,2010,4,0.7342000000000001
San Francisco,2010,4,
Marin,2010,4,0.7828
Mariposa,2010,4,0.7008
Lassen,2010,4,0.20065000000000002
Napa,2010,4,0.70975
Shasta,2010,4,0.6832
Monterey,2010,4,0.6214500000000001
Trinity,2010,4,0.7071000000000001
Mendocino,2010,4,0.8177000000000001
Inyo,2010,4,0.22785000000000002
Mono,2010,4,0.0685
Tuolumne,2010,4,0.12560000000000002
Solano,2010,4,0.19395
San Bernardino,2010,4,0.08995
Contra Costa,2010,4,0.5930500000000001
Alpine,2010,4,0.1602
El Dorado,2010,4,0.66735
Yolo,2010,4,0.51005
Yuba,2010,4,0.7149
San Benito,2010,4,0.64925
Humboldt,2010,4,0.7297
Riverside,2010,4,0.1359
Kern,2010,4,0.44675000000000004
Colusa,2010,4,0.3524
Del Norte,2010,4,0.7713500000000001
Modoc,2010,4,0.2596
Fresno,2010,4,0.4259
Madera,2010,4,0.69555
Santa Clara,2010,4,0.73865
Tehama,2010,4,0.65205
San Joaquin,2010,4,0.48025
Alameda,2010,4,0.7413000000000001
Nevada,2010,4,0.5465
Butte,2010,4,0.71585
Merced,2010,4,0.27635000000000004
Tulare,2010,4,0.80055
Stanislaus,2010,4,0.62565
Orange,2010,4,0.38130000000000003
Imperial,2010,4,0.72385
Sutter,2010,4,0.2942
Amador,2010,4,0.67105
Lake,2010,4,0.6914
Plumas,2010,4,0.70635
San Mateo,2010,4,0.7518
Siskiyou,2010,4,0.4433
Santa Cruz,2010,4,0.7639
Glenn,2010,4,0.6574
San Luis Obispo,2010,4,0.61405
Sierra,2010,5,0.14785
Sacramento,2010,5,0.4631
Santa Barbara,2010,5,0.7212000000000001
Calaveras,2010,5,0.64885
Ventura,2010,5,0.5859
Los Angeles,2010,5,0.6273000000000001
Sonoma,2010,5,0.8250500000000001
Kings,2010,5,0.3753
San Diego,2010,5,0.4398
Placer,2010,5,0.79295
San Francisco,2010,5,
Marin,2010,5,0.7621
Mariposa,2010,5,0.70835
Lassen,2010,5,0.39925
Napa,2010,5,0.72245
Shasta,2010,5,0.7834500000000001
Monterey,2010,5,0.45420000000000005
Trinity,2010,5,0.7401
Mendocino,2010,5,0.79535
Inyo,2010,5,0.22610000000000002
Mono,2010,5,0.17195000000000002
Tuolumne,2010,5,0.45830000000000004
Solano,2010,5,0.1978
San Bernardino,2010,5,0.0777
Contra Costa,2010,5,0.44855
Alpine,2010,5,0.3291
El Dorado,2010,5,0.7391000000000001
Yolo,2010,5,0.4218
Yuba,2010,5,0.6805
San Benito,2010,5,0.6272
Humboldt,2010,5,0.8095
Riverside,2010,5,0.1303
Kern,2010,5,0.28300000000000003
Colusa,2010,5,0.3679
Del Norte,2010,5,0.7624500000000001
Modoc,2010,5,0.304
Fresno,2010,5,0.37620000000000003
Madera,2010,5,0.5667
Santa Clara,2010,5,0.644
Tehama,2010,5,0.53825
San Joaquin,2010,5,0.35995
Alameda,2010,5,0.74405
Nevada,2010,5,0.71975
Butte,2010,5,0.6162000000000001
Merced,2010,5,0.2197
Tulare,2010,5,0.67505
Stanislaus,2010,5,0.5322
Orange,2010,5,0.30315000000000003
Imperial,2010,5,0.68535
Sutter,2010,5,0.0891
Amador,2010,5,0.70425
Lake,2010,5,0.7463000000000001
Plumas,2010,5,0.7249
San Mateo,2010,5,0.77575
Siskiyou,2010,5,0.48560000000000003
Santa Cruz,2010,5,0.7734000000000001
Glenn,2010,5,0.5178
San Luis Obispo,2010,5,0.56175
Sierra,2010,6,0.51535
Sacramento,2010,6,0.33725
Santa Barbara,2010,6,0.67935
Calaveras,2010,6,0.633
Ventura,2010,6,0.54515
Los Angeles,2010,6,0.60885
Sonoma,2010,6,0.8543000000000001
Kings,2010,6,0.7101000000000001
San Diego,2010,6,0.38785000000000003
Placer,2010,6,0.8253
San Francisco,2010,6,
Marin,2010,6,0.6391
Mariposa,2010,6,0.7525000000000001
Lassen,2010,6,0.4383
Napa,2010,6,0.6441
Shasta,2010,6,0.77835
Monterey,2010,6,0.33430000000000004
Trinity,2010,6,0.7132000000000001
Mendocino,2010,6,0.79445
Inyo,2010,6,0.20600000000000002
Mono,2010,6,0.2738
Tuolumne,2010,6,0.6048
Solano,2010,6,0.24685
San Bernardino,2010,6,0.07675
Contra Costa,2010,6,0.37365000000000004
Alpine,2010,6,0.4617
El Dorado,2010,6,0.746
Yolo,2010,6,0.50895
Yuba,2010,6,0.5241
San Benito,2010,6,0.43460000000000004
Humboldt,2010,6,0.7764000000000001
Riverside,2010,6,0.11895
Kern,2010,6,0.22495
Colusa,2010,6,0.51075
Del Norte,2010,6,0.7524000000000001
Modoc,2010,6,0.2515
Fresno,2010,6,0.32035
Madera,2010,6,0.4439
Santa Clara,2010,6,0.44525000000000003
Tehama,2010,6,0.3645
San Joaquin,2010,6,0.3291
Alameda,2010,6,0.6671
Nevada,2010,6,0.7329
Butte,2010,6,0.4549
Merced,2010,6,0.40625
Tulare,2010,6,0.5164500000000001
Stanislaus,2010,6,0.48125
Orange,2010,6,0.27705
Imperial,2010,6,0.607
Sutter,2010,6,0.5205500000000001
Amador,2010,6,0.67515
Lake,2010,6,0.7955
Plumas,2010,6,0.7106
San Mateo,2010,6,0.74285
Siskiyou,2010,6,0.37055
Santa Cruz,2010,6,0.76485
Glenn,2010,6,0.33945000000000003
San Luis Obispo,2010,6,0.5023500000000001
Sierra,2010,7,0.58635
Sacramento,2010,7,0.32755
Santa Barbara,2010,7,0.67055
Calaveras,2010,7,0.61595
Ventura,2010,7,0.49515000000000003
Los Angeles,2010,7,0.55325
Sonoma,2010,7,0.8585
Kings,2010,7,0.7674500000000001
San Diego,2010,7,0.37815000000000004
Placer,2010,7,0.8349000000000001
San Francisco,2010,7,
Marin,2010,7,0.5122
Mariposa,2010,7,0.72655
Lassen,2010,7,0.4242
Napa,2010,7,0.6444000000000001
Shasta,2010,7,0.7347
Monterey,2010,7,0.32315
Trinity,2010,7,0.7595500000000001
Mendocino,2010,7,0.8159000000000001
Inyo,2010,7,0.1827
Mono,2010,7,0.31435
Tuolumne,2010,7,0.63315
Solano,2010,7,0.1145
San Bernardino,2010,7,0.07675
Contra Costa,2010,7,0.3099
Alpine,2010,7,0.5059
El Dorado,2010,7,0.7589
Yolo,2010,7,0.5658000000000001
Yuba,2010,7,0.44715000000000005
San Benito,2010,7,0.3624
Humboldt,2010,7,0.7491
Riverside,2010,7,0.1111
Kern,2010,7,0.21865
Colusa,2010,7,0.7673500000000001
Del Norte,2010,7,0.74805
Modoc,2010,7,0.21485
Fresno,2010,7,0.31085
Madera,2010,7,0.39625000000000005
Santa Clara,2010,7,0.40190000000000003
Tehama,2010,7,0.3229
San Joaquin,2010,7,0.3433
Alameda,2010,7,0.6525000000000001
Nevada,2010,7,0.783
Butte,2010,7,0.3859
Merced,2010,7,0.6655
Tulare,2010,7,0.47115
Stanislaus,2010,7,0.5517000000000001
Orange,2010,7,0.35985
Imperial,2010,7,0.35635
Sutter,2010,7,0.8986000000000001
Amador,2010,7,0.6414000000000001
Lake,2010,7,0.78085
Plumas,2010,7,0.74865
San Mateo,2010,7,0.74275
Siskiyou,2010,7,0.30460000000000004
Santa Cruz,2010,7,0.7557
Glenn,2010,7,0.2803
San Luis Obispo,2010,7,0.48300000000000004
Sierra,2010,8,0.6142500000000001
Sacramento,2010,8,0.3277
Santa Barbara,2010,8,0.65895
Calaveras,2010,8,0.6075
Ventura,2010,8,0.4464
Los Angeles,2010,8,0.53485
Sonoma,2010,8,0.8559
Kings,2010,8,0.6061000000000001
San Diego,2010,8,0.36375
Placer,2010,8,0.8340000000000001
San Francisco,2010,8,
Marin,2010,8,0.44285
Mariposa,2010,8,0.7203
Lassen,2010,8,0.38670000000000004
Napa,2010,8,0.6228
Shasta,2010,8,0.7342500000000001
Monterey,2010,8,0.32125000000000004
Trinity,2010,8,0.7703500000000001
Mendocino,2010,8,0.8259500000000001
Inyo,2010,8,0.1864
Mono,2010,8,0.2645
Tuolumne,2010,8,0.6203000000000001
Solano,2010,8,0.08715
San Bernardino,2010,8,0.08135
Contra Costa,2010,8,0.31155
Alpine,2010,8,0.51785
El Dorado,2010,8,0.7614500000000001
Yolo,2010,8,0.4283
Yuba,2010,8,0.45030000000000003
San Benito,2010,8,0.3219
Humboldt,2010,8,0.7433500000000001
Riverside,2010,8,0.11535000000000001
Kern,2010,8,0.20895
Colusa,2010,8,0.7237
Del Norte,2010,8,0.7576
Modoc,2010,8,0.21395
Fresno,2010,8,0.30835
Madera,2010,8,0.37525000000000003
Santa Clara,2010,8,0.38605
Tehama,2010,8,0.28015
San Joaquin,2010,8,0.32945
Alameda,2010,8,0.61695
Nevada,2010,8,0.7975500000000001
Butte,2010,8,0.3395
Merced,2010,8,0.7674500000000001
Tulare,2010,8,0.45415
Stanislaus,2010,8,0.5916
Orange,2010,8,0.3047
Imperial,2010,8,0.17175
Sutter,2010,8,0.8979
Amador,2010,8,0.6084
Lake,2010,8,0.76875
Plumas,2010,8,0.7715000000000001
San Mateo,2010,8,0.6295000000000001
Siskiyou,2010,8,0.2877
Santa Cruz,2010,8,0.7609
Glenn,2010,8,0.25815
San Luis Obispo,2010,8,0.4863
Sierra,2010,9,0.6071000000000001
Sacramento,2010,9,0.33290000000000003
Santa Barbara,2010,9,0.6445500000000001
Calaveras,2010,9,0.5906
Ventura,2010,9,0.42955000000000004
Los Angeles,2010,9,0.53985
Sonoma,2010,9,0.86495
Kings,2010,9,0.21475
San Diego,2010,9,0.40265
Placer,2010,9,0.8233
San Francisco,2010,9,
Marin,2010,9,0.47535000000000005
Mariposa,2010,9,0.71185
Lassen,2010,9,0.3638
Napa,2010,9,0.63
Shasta,2010,9,0.71655
Monterey,2010,9,0.3104
Trinity,2010,9,0.76865
Mendocino,2010,9,0.8429500000000001
Inyo,2010,9,0.19455
Mono,2010,9,0.2306
Tuolumne,2010,9,0.6275000000000001
Solano,2010,9,0.14365
San Bernardino,2010,9,0.0782
Contra Costa,2010,9,0.30310000000000004
Alpine,2010,9,0.52725
El Dorado,2010,9,0.75285
Yolo,2010,9,0.35235
Yuba,2010,9,0.41290000000000004
San Benito,2010,9,0.3075
Humboldt,2010,9,0.7463000000000001
Riverside,2010,9,0.11865
Kern,2010,9,0.2134
Colusa,2010,9,0.56805
Del Norte,2010,9,0.7475
Modoc,2010,9,0.19920000000000002
Fresno,2010,9,0.32785000000000003
Madera,2010,9,0.36810000000000004
Santa Clara,2010,9,0.37375
Tehama,2010,9,0.2942
San Joaquin,2010,9,0.3179
Alameda,2010,9,0.6113000000000001
Nevada,2010,9,0.7955500000000001
Butte,2010,9,0.3609
Merced,2010,9,0.46865
Tulare,2010,9,0.4395
Stanislaus,2010,9,0.49400000000000005
Orange,2010,9,0.34405
Imperial,2010,9,0.222
Sutter,2010,9,0.7378
Amador,2010,9,0.6498
Lake,2010,9,0.761
Plumas,2010,9,0.7717
San Mateo,2010,9,0.6044
Siskiyou,2010,9,0.2499
Santa Cruz,2010,9,0.7529
Glenn,2010,9,0.2629
San Luis Obispo,2010,9,0.4863
Sierra,2010,10,0.6269
Sacramento,2010,10,0.343
Santa Barbara,2010,10,0.7142000000000001
Calaveras,2010,10,0.6036
Ventura,2010,10,0.4651
Los Angeles,2010,10,0.5496
Sonoma,2010,10,0.8662000000000001
Kings,2010,10,0.1502
San Diego,2010,10,0.4106
Placer,2010,10,0.8337
San Francisco,2010,10,
Marin,2010,10,0.4501
Mariposa,2010,10,0.7231000000000001
Lassen,2010,10,0.37770000000000004
Napa,2010,10,0.6423
Shasta,2010,10,0.5822
Monterey,2010,10,0.29450000000000004
Trinity,2010,10,0.789
Mendocino,2010,10,0.8340000000000001
Inyo,2010,10,0.1995
Mono,2010,10,0.2394
Tuolumne,2010,10,0.6694
Solano,2010,10,0.08750000000000001
San Bernardino,2010,10,0.0806
Contra Costa,2010,10,0.305
Alpine,2010,10,0.5558000000000001
El Dorado,2010,10,0.7645000000000001
Yolo,2010,10,0.3498
Yuba,2010,10,0.4409
San Benito,2010,10,0.31470000000000004
Humboldt,2010,10,0.7262000000000001
Riverside,2010,10,0.1198
Kern,2010,10,0.22340000000000002
Colusa,2010,10,0.27740000000000004
Del Norte,2010,10,0.7961
Modoc,2010,10,0.2088
Fresno,2010,10,0.3632
Madera,2010,10,0.46480000000000005
Santa Clara,2010,10,0.37610000000000005
Tehama,2010,10,0.2554
San Joaquin,2010,10,0.3783
Alameda,2010,10,0.5885
Nevada,2010,10,0.8068000000000001
Butte,2010,10,0.3649
Merced,2010,10,0.26580000000000004
Tulare,2010,10,0.4791
Stanislaus,2010,10,0.48550000000000004
Orange,2010,10,0.317
Imperial,2010,10,0.2184
Sutter,2010,10,0.5165000000000001
Amador,2010,10,0.6971
Lake,2010,10,0.7453000000000001
Plumas,2010,10,0.7972
San Mateo,2010,10,0.5628000000000001
Siskiyou,2010,10,0.2378
Santa Cruz,2010,10,0.6815
Glenn,2010,10,0.2401
San Luis Obispo,2010,10,0.5035000000000001
Sierra,2010,11,0.47155
Sacramento,2010,11,0.45630000000000004
Santa Barbara,2010,11,0.71425
Calaveras,2010,11,0.6022500000000001
Ventura,2010,11,0.48305000000000003
Los Angeles,2010,11,0.58985
Sonoma,2010,11,0.8807
Kings,2010,11,0.15610000000000002
San Diego,2010,11,0.444
Placer,2010,11,0.7854500000000001
San Francisco,2010,11,
Marin,2010,11,0.60085
Mariposa,2010,11,0.70575
Lassen,2010,11,0.3865
Napa,2010,11,0.6847500000000001
Shasta,2010,11,0.7130500000000001
Monterey,2010,11,0.29175
Trinity,2010,11,0.5789500000000001
Mendocino,2010,11,0.8692500000000001
Inyo,2010,11,0.1897
Mono,2010,11,0.13015000000000002
Tuolumne,2010,11,0.6521
Solano,2010,11,0.20745000000000002
San Bernardino,2010,11,0.0786
Contra Costa,2010,11,0.35950000000000004
Alpine,2010,11,0.43815000000000004
El Dorado,2010,11,0.77585
Yolo,2010,11,0.31465000000000004
Yuba,2010,11,0.52425
San Benito,2010,11,0.3226
Humboldt,2010,11,0.7183
Riverside,2010,11,0.13620000000000002
Kern,2010,11,0.26505
Colusa,2010,11,0.2651
Del Norte,2010,11,0.7004
Modoc,2010,11,0.10615000000000001
Fresno,2010,11,0.37715000000000004
Madera,2010,11,0.55555
Santa Clara,2010,11,0.4363
Tehama,2010,11,0.37575000000000003
San Joaquin,2010,11,0.34065
Alameda,2010,11,0.6374000000000001
Nevada,2010,11,0.8129000000000001
Butte,2010,11,0.46325
Merced,2010,11,0.25220000000000004
Tulare,2010,11,0.49820000000000003
Stanislaus,2010,11,0.514
Orange,2010,11,0.43675
Imperial,2010,11,0.37385
Sutter,2010,11,0.2185
Amador,2010,11,0.70255
Lake,2010,11,0.7373500000000001
Plumas,2010,11,0.5213
San Mateo,2010,11,0.5699500000000001
Siskiyou,2010,11,0.3191
Santa Cruz,2010,11,0.8166
Glenn,2010,11,0.3637
San Luis Obispo,2010,11,0.5357500000000001
Sierra,2010,12,0.19885
Sacramento,2010,12,0.5679000000000001
Santa Barbara,2010,12,0.6898500000000001
Calaveras,2010,12,0.6365000000000001
Ventura,2010,12,0.5217
Los Angeles,2010,12,0.5846
Sonoma,2010,12,0.8604
Kings,2010,12,0.113
San Diego,2010,12,0.49375
Placer,2010,12,0.80705
San Francisco,2010,12,
Marin,2010,12,0.6991
Mariposa,2010,12,0.75115
Lassen,2010,12,0.24265
Napa,2010,12,0.6743
Shasta,2010,12,0.69735
Monterey,2010,12,0.46575
Trinity,2010,12,0.58875
Mendocino,2010,12,0.8873000000000001
Inyo,2010,12,0.18780000000000002
Mono,2010,12,0.034300000000000004
Tuolumne,2010,12,0.10375000000000001
Solano,2010,12,0.37525000000000003
San Bernardino,2010,12,0.041600000000000005
Contra Costa,2010,12,0.43895
Alpine,2010,12,0.1321
El Dorado,2010,12,0.7239
Yolo,2010,12,0.43815000000000004
Yuba,2010,12,0.5112
San Benito,2010,12,0.45075000000000004
Humboldt,2010,12,0.76395
Riverside,2010,12,0.1323
Kern,2010,12,0.5304
Colusa,2010,12,0.3204
Del Norte,2010,12,0.8036500000000001
Modoc,2010,12,0.1426
Fresno,2010,12,0.5296500000000001
Madera,2010,12,0.60035
Santa Clara,2010,12,0.459
Tehama,2010,12,0.501
San Joaquin,2010,12,0.39535000000000003
Alameda,2010,12,0.67535
Nevada,2010,12,0.76315
Butte,2010,12,0.5256000000000001
Merced,2010,12,0.24730000000000002
Tulare,2010,12,0.5412
Stanislaus,2010,12,0.5645
Orange,2010,12,0.40375
Imperial,2010,12,0.58335
Sutter,2010,12,0.01315
Amador,2010,12,0.7270500000000001
Lake,2010,12,0.6971
Plumas,2010,12,0.3312
San Mateo,2010,12,0.5461
Siskiyou,2010,12,0.258
Santa Cruz,2010,12,0.7933
Glenn,2010,12,0.4778
San Luis Obispo,2010,12,0.58365
Sierra,2011,1,0.21000000000000002
Sacramento,2011,1,0.6199
Santa Barbara,2011,1,0.7111000000000001
Calaveras,2011,1,0.7054
Ventura,2011,1,0.55825
Los Angeles,2011,1,0.5906
Sonoma,2011,1,0.8766
Kings,2011,1,0.19990000000000002
San Diego,2011,1,0.5195000000000001
Placer,2011,1,0.78935
San Francisco,2011,1,
Marin,2011,1,0.6905
Mariposa,2011,1,0.71025
Lassen,2011,1,0.05205
Napa,2011,1,0.7072
Shasta,2011,1,0.7088
Monterey,2011,1,0.5974
Trinity,2011,1,0.8116
Mendocino,2011,1,0.88985
Inyo,2011,1,0.16445
Mono,2011,1,-0.019450000000000002
Tuolumne,2011,1,0.15505000000000002
Solano,2011,1,0.3234
San Bernardino,2011,1,0.0709
Contra Costa,2011,1,0.48665
Alpine,2011,1,0.10645
El Dorado,2011,1,0.76805
Yolo,2011,1,0.5226500000000001
Yuba,2011,1,0.5927
San Benito,2011,1,0.5215500000000001
Humboldt,2011,1,0.7619
Riverside,2011,1,0.1317
Kern,2011,1,0.61195
Colusa,2011,1,0.33085000000000003
Del Norte,2011,1,0.81125
Modoc,2011,1,0.12155
Fresno,2011,1,0.58335
Madera,2011,1,0.6082000000000001
Santa Clara,2011,1,0.5316000000000001
Tehama,2011,1,0.53725
San Joaquin,2011,1,0.38285
Alameda,2011,1,0.6938500000000001
Nevada,2011,1,0.7614000000000001
Butte,2011,1,0.5458000000000001
Merced,2011,1,0.26555
Tulare,2011,1,0.57165
Stanislaus,2011,1,0.47075
Orange,2011,1,0.4204
Imperial,2011,1,0.67055
Sutter,2011,1,0.063
Amador,2011,1,0.7200500000000001
Lake,2011,1,0.73285
Plumas,2011,1,0.63915
San Mateo,2011,1,0.55045
Siskiyou,2011,1,0.42600000000000005
Santa Cruz,2011,1,0.81545
Glenn,2011,1,0.52015
San Luis Obispo,2011,1,0.6066
Sierra,2011,2,0.21755000000000002
Sacramento,2011,2,0.52645
Santa Barbara,2011,2,0.6930000000000001
Calaveras,2011,2,0.69365
Ventura,2011,2,0.6059
Los Angeles,2011,2,0.62195
Sonoma,2011,2,0.8169500000000001
Kings,2011,2,0.20555
San Diego,2011,2,0.48935
Placer,2011,2,0.7931
San Francisco,2011,2,
Marin,2011,2,0.7295
Mariposa,2011,2,0.7154
Lassen,2011,2,0.1836
Napa,2011,2,0.6701
Shasta,2011,2,0.62905
Monterey,2011,2,0.6616000000000001
Trinity,2011,2,0.63815
Mendocino,2011,2,0.8393
Inyo,2011,2,0.18905
Mono,2011,2,-0.00175
Tuolumne,2011,2,0.18215
Solano,2011,2,0.2989
San Bernardino,2011,2,0.0922
Contra Costa,2011,2,0.52035
Alpine,2011,2,0.1423
El Dorado,2011,2,0.5489
Yolo,2011,2,0.65105
Yuba,2011,2,0.6231
San Benito,2011,2,0.61655
Humboldt,2011,2,0.5799000000000001
Riverside,2011,2,0.1467
Kern,2011,2,0.6428
Colusa,2011,2,0.32165
Del Norte,2011,2,0.7421
Modoc,2011,2,0.1368
Fresno,2011,2,0.5536
Madera,2011,2,0.60435
Santa Clara,2011,2,0.5944
Tehama,2011,2,0.5865
San Joaquin,2011,2,0.4454
Alameda,2011,2,0.6834
Nevada,2011,2,0.46675
Butte,2011,2,0.561
Merced,2011,2,0.33955
Tulare,2011,2,0.58865
Stanislaus,2011,2,0.5586
Orange,2011,2,0.40965
Imperial,2011,2,0.7126
Sutter,2011,2,0.22080000000000002
Amador,2011,2,0.6933
Lake,2011,2,0.72765
Plumas,2011,2,0.4602
San Mateo,2011,2,0.5147
Siskiyou,2011,2,0.42985
Santa Cruz,2011,2,0.78135
Glenn,2011,2,0.5641
San Luis Obispo,2011,2,0.5703
Sierra,2011,3,0.06810000000000001
Sacramento,2011,3,0.6256
Santa Barbara,2011,3,0.68955
Calaveras,2011,3,0.6515500000000001
Ventura,2011,3,0.6195
Los Angeles,2011,3,0.6136
Sonoma,2011,3,0.8788
Kings,2011,3,0.22945000000000002
San Diego,2011,3,0.52015
Placer,2011,3,0.68705
San Francisco,2011,3,
Marin,2011,3,0.7684000000000001
Mariposa,2011,3,0.67295
Lassen,2011,3,0.0253
Napa,2011,3,0.651
Shasta,2011,3,0.6262500000000001
Monterey,2011,3,0.69925
Trinity,2011,3,0.6468
Mendocino,2011,3,0.83945
Inyo,2011,3,0.1874
Mono,2011,3,-0.022350000000000002
Tuolumne,2011,3,0.1635
Solano,2011,3,0.47375
San Bernardino,2011,3,0.08895
Contra Costa,2011,3,0.54325
Alpine,2011,3,0.0936
El Dorado,2011,3,0.6535000000000001
Yolo,2011,3,0.77335
Yuba,2011,3,0.63965
San Benito,2011,3,0.6245
Humboldt,2011,3,0.3704
Riverside,2011,3,0.1617
Kern,2011,3,0.6071000000000001
Colusa,2011,3,0.37010000000000004
Del Norte,2011,3,0.42285
Modoc,2011,3,0.1589
Fresno,2011,3,0.51095
Madera,2011,3,0.6333500000000001
Santa Clara,2011,3,0.6658000000000001
Tehama,2011,3,0.6715
San Joaquin,2011,3,0.40375
Alameda,2011,3,0.6746500000000001
Nevada,2011,3,0.47595000000000004
Butte,2011,3,0.6359
Merced,2011,3,0.24680000000000002
Tulare,2011,3,0.6925
Stanislaus,2011,3,0.59245
Orange,2011,3,0.41365
Imperial,2011,3,0.6827000000000001
Sutter,2011,3,0.3312
Amador,2011,3,0.70025
Lake,2011,3,0.60945
Plumas,2011,3,0.27645000000000003
San Mateo,2011,3,0.57935
Siskiyou,2011,3,0.47400000000000003
Santa Cruz,2011,3,0.75885
Glenn,2011,3,0.67705
San Luis Obispo,2011,3,0.57265
Sierra,2011,4,0.14170000000000002
Sacramento,2011,4,0.5598500000000001
Santa Barbara,2011,4,0.71035
Calaveras,2011,4,0.71025
Ventura,2011,4,0.6475500000000001
Los Angeles,2011,4,0.63985
Sonoma,2011,4,0.8460000000000001
Kings,2011,4,0.15560000000000002
San Diego,2011,4,0.50165
Placer,2011,4,0.7683
San Francisco,2011,4,
Marin,2011,4,0.7286
Mariposa,2011,4,0.6485000000000001
Lassen,2011,4,0.1943
Napa,2011,4,0.6917
Shasta,2011,4,0.70565
Monterey,2011,4,0.5760500000000001
Trinity,2011,4,0.7015
Mendocino,2011,4,0.82315
Inyo,2011,4,0.23170000000000002
Mono,2011,4,0.10035000000000001
Tuolumne,2011,4,0.10825
Solano,2011,4,0.24255000000000002
San Bernardino,2011,4,0.08085
Contra Costa,2011,4,0.56845
Alpine,2011,4,0.1274
El Dorado,2011,4,0.70035
Yolo,2011,4,0.7869
Yuba,2011,4,0.7148
San Benito,2011,4,0.6482
Humboldt,2011,4,0.6886
Riverside,2011,4,0.13335
Kern,2011,4,0.38885000000000003
Colusa,2011,4,0.26990000000000003
Del Norte,2011,4,0.7615500000000001
Modoc,2011,4,0.29105000000000003
Fresno,2011,4,0.4087
Madera,2011,4,0.6355500000000001
Santa Clara,2011,4,0.6911
Tehama,2011,4,0.63225
San Joaquin,2011,4,0.42635
Alameda,2011,4,0.6900000000000001
Nevada,2011,4,0.57235
Butte,2011,4,0.6808000000000001
Merced,2011,4,0.2174
Tulare,2011,4,0.7308
Stanislaus,2011,4,0.60705
Orange,2011,4,0.38430000000000003
Imperial,2011,4,0.635
Sutter,2011,4,0.2605
Amador,2011,4,0.6950000000000001
Lake,2011,4,0.65205
Plumas,2011,4,0.5054500000000001
San Mateo,2011,4,0.73465
Siskiyou,2011,4,0.48755000000000004
Santa Cruz,2011,4,0.76725
Glenn,2011,4,0.5557500000000001
San Luis Obispo,2011,4,0.562
Sierra,2011,5,0.10685
Sacramento,2011,5,0.47605000000000003
Santa Barbara,2011,5,0.71285
Calaveras,2011,5,0.65135
Ventura,2011,5,0.5981500000000001
Los Angeles,2011,5,0.6658000000000001
Sonoma,2011,5,0.8665
Kings,2011,5,0.20685
San Diego,2011,5,0.4665
Placer,2011,5,0.8238000000000001
San Francisco,2011,5,
Marin,2011,5,0.75475
Mariposa,2011,5,0.73295
Lassen,2011,5,0.41355000000000003
Napa,2011,5,0.6502
Shasta,2011,5,0.8098500000000001
Monterey,2011,5,0.40015
Trinity,2011,5,0.7309
Mendocino,2011,5,0.8294
Inyo,2011,5,0.21705000000000002
Mono,2011,5,0.23165000000000002
Tuolumne,2011,5,0.5399
Solano,2011,5,0.24955000000000002
San Bernardino,2011,5,0.08370000000000001
Contra Costa,2011,5,0.43210000000000004
Alpine,2011,5,0.24355000000000002
El Dorado,2011,5,0.7414000000000001
Yolo,2011,5,0.44620000000000004
Yuba,2011,5,0.61405
San Benito,2011,5,0.5750000000000001
Humboldt,2011,5,0.80155
Riverside,2011,5,0.11405
Kern,2011,5,0.23500000000000001
Colusa,2011,5,0.31725000000000003
Del Norte,2011,5,0.76705
Modoc,2011,5,0.27135000000000004
Fresno,2011,5,0.32380000000000003
Madera,2011,5,0.49675
Santa Clara,2011,5,0.58165
Tehama,2011,5,0.5466
San Joaquin,2011,5,0.36765000000000003
Alameda,2011,5,0.6998500000000001
Nevada,2011,5,0.737
Butte,2011,5,0.5713
Merced,2011,5,0.22615000000000002
Tulare,2011,5,0.68745
Stanislaus,2011,5,0.6038
Orange,2011,5,0.3309
Imperial,2011,5,0.26905
Sutter,2011,5,0.11095000000000001
Amador,2011,5,0.7372500000000001
Lake,2011,5,0.7862
Plumas,2011,5,0.76895
San Mateo,2011,5,0.7845000000000001
Siskiyou,2011,5,0.46090000000000003
Santa Cruz,2011,5,0.77495
Glenn,2011,5,0.3966
San Luis Obispo,2011,5,0.56365
Sierra,2011,6,0.27855
Sacramento,2011,6,0.3654
Santa Barbara,2011,6,0.7277
Calaveras,2011,6,0.67245
Ventura,2011,6,0.60745
Los Angeles,2011,6,0.60765
Sonoma,2011,6,0.8441500000000001
Kings,2011,6,0.5446
San Diego,2011,6,0.45320000000000005
Placer,2011,6,0.8280500000000001
San Francisco,2011,6,
Marin,2011,6,0.6298
Mariposa,2011,6,0.7609
Lassen,2011,6,0.46025000000000005
Napa,2011,6,0.6625500000000001
Shasta,2011,6,0.76895
Monterey,2011,6,0.29405000000000003
Trinity,2011,6,0.7464000000000001
Mendocino,2011,6,0.8310000000000001
Inyo,2011,6,0.19375
Mono,2011,6,0.28575
Tuolumne,2011,6,0.6152000000000001
Solano,2011,6,0.2642
San Bernardino,2011,6,0.07945
Contra Costa,2011,6,0.37035
Alpine,2011,6,0.5088
El Dorado,2011,6,0.759
Yolo,2011,6,0.2846
Yuba,2011,6,0.52395
San Benito,2011,6,0.37715000000000004
Humboldt,2011,6,0.78945
Riverside,2011,6,0.10795
Kern,2011,6,0.19340000000000002
Colusa,2011,6,0.54435
Del Norte,2011,6,0.7545000000000001
Modoc,2011,6,0.26085
Fresno,2011,6,0.3593
Madera,2011,6,0.4315
Santa Clara,2011,6,0.45370000000000005
Tehama,2011,6,0.36555000000000004
San Joaquin,2011,6,0.3512
Alameda,2011,6,0.64125
Nevada,2011,6,0.7563500000000001
Butte,2011,6,0.48760000000000003
Merced,2011,6,0.42095000000000005
Tulare,2011,6,0.536
Stanislaus,2011,6,0.7089000000000001
Orange,2011,6,0.39235000000000003
Imperial,2011,6,0.32835000000000003
Sutter,2011,6,0.54835
Amador,2011,6,0.7212500000000001
Lake,2011,6,0.76985
Plumas,2011,6,0.7227
San Mateo,2011,6,0.73805
Siskiyou,2011,6,0.4066
Santa Cruz,2011,6,0.79
Glenn,2011,6,0.25275000000000003
San Luis Obispo,2011,6,0.53435
Sierra,2011,7,0.58735
Sacramento,2011,7,0.34515
Santa Barbara,2011,7,0.7137
Calaveras,2011,7,0.6653
Ventura,2011,7,0.5009
Los Angeles,2011,7,0.5744
Sonoma,2011,7,0.85985
Kings,2011,7,0.74175
San Diego,2011,7,0.4234
Placer,2011,7,0.8389000000000001
San Francisco,2011,7,
Marin,2011,7,0.53505
Mariposa,2011,7,0.7615500000000001
Lassen,2011,7,0.42910000000000004
Napa,2011,7,0.66315
Shasta,2011,7,0.748
Monterey,2011,7,0.2767
Trinity,2011,7,0.7679
Mendocino,2011,7,0.82545
Inyo,2011,7,0.17545
Mono,2011,7,0.3309
Tuolumne,2011,7,0.673
Solano,2011,7,0.18525
San Bernardino,2011,7,0.07735
Contra Costa,2011,7,0.3306
Alpine,2011,7,0.55225
El Dorado,2011,7,0.7841
Yolo,2011,7,0.2741
Yuba,2011,7,0.4665
San Benito,2011,7,0.33380000000000004
Humboldt,2011,7,0.7651
Riverside,2011,7,0.10700000000000001
Kern,2011,7,0.21455000000000002
Colusa,2011,7,0.7922
Del Norte,2011,7,0.7573000000000001
Modoc,2011,7,0.2174
Fresno,2011,7,0.3427
Madera,2011,7,0.40565
Santa Clara,2011,7,0.39665
Tehama,2011,7,0.31070000000000003
San Joaquin,2011,7,0.33680000000000004
Alameda,2011,7,0.66015
Nevada,2011,7,0.79045
Butte,2011,7,0.4033
Merced,2011,7,0.7010000000000001
Tulare,2011,7,0.4753
Stanislaus,2011,7,0.65635
Orange,2011,7,0.38685
Imperial,2011,7,0.2649
Sutter,2011,7,0.9178000000000001
Amador,2011,7,0.7028
Lake,2011,7,0.76865
Plumas,2011,7,0.7502500000000001
San Mateo,2011,7,0.7522500000000001
Siskiyou,2011,7,0.32205
Santa Cruz,2011,7,0.8018500000000001
Glenn,2011,7,0.23465
San Luis Obispo,2011,7,0.5119
Sierra,2011,8,0.6314500000000001
Sacramento,2011,8,0.3622
Santa Barbara,2011,8,0.6974
Calaveras,2011,8,0.6293000000000001
Ventura,2011,8,0.49975
Los Angeles,2011,8,0.53325
Sonoma,2011,8,0.8669
Kings,2011,8,0.6407
San Diego,2011,8,0.38985000000000003
Placer,2011,8,0.8336
San Francisco,2011,8,
Marin,2011,8,0.5155500000000001
Mariposa,2011,8,0.72955
Lassen,2011,8,0.39585000000000004
Napa,2011,8,0.66735
Shasta,2011,8,0.72775
Monterey,2011,8,0.2775
Trinity,2011,8,0.7859
Mendocino,2011,8,0.8409500000000001
Inyo,2011,8,0.1726
Mono,2011,8,0.28650000000000003
Tuolumne,2011,8,0.6649
Solano,2011,8,0.11810000000000001
San Bernardino,2011,8,0.08070000000000001
Contra Costa,2011,8,0.33385000000000004
Alpine,2011,8,0.502
El Dorado,2011,8,0.7724500000000001
Yolo,2011,8,0.22145
Yuba,2011,8,0.45605
San Benito,2011,8,0.31285
Humboldt,2011,8,0.7453500000000001
Riverside,2011,8,0.11155000000000001
Kern,2011,8,0.22495
Colusa,2011,8,0.6768500000000001
Del Norte,2011,8,0.7876000000000001
Modoc,2011,8,0.199
Fresno,2011,8,0.31415000000000004
Madera,2011,8,0.3729
Santa Clara,2011,8,0.38895
Tehama,2011,8,0.25825000000000004
San Joaquin,2011,8,0.3295
Alameda,2011,8,0.6243000000000001
Nevada,2011,8,0.811
Butte,2011,8,0.36685
Merced,2011,8,0.74805
Tulare,2011,8,0.45255
Stanislaus,2011,8,0.661
Orange,2011,8,0.38265000000000005
Imperial,2011,8,0.1768
Sutter,2011,8,0.84975
Amador,2011,8,0.6625500000000001
Lake,2011,8,0.7472500000000001
Plumas,2011,8,0.7863
San Mateo,2011,8,0.7033
Siskiyou,2011,8,0.3336
Santa Cruz,2011,8,0.82465
Glenn,2011,8,0.22080000000000002
San Luis Obispo,2011,8,0.48860000000000003
Sierra,2011,9,0.6676000000000001
Sacramento,2011,9,0.3386
Santa Barbara,2011,9,0.7128
Calaveras,2011,9,0.6602
Ventura,2011,9,0.47885
Los Angeles,2011,9,0.5504
Sonoma,2011,9,0.86375
Kings,2011,9,0.2422
San Diego,2011,9,0.3942
Placer,2011,9,0.8390000000000001
San Francisco,2011,9,
Marin,2011,9,0.5049
Mariposa,2011,9,0.7492000000000001
Lassen,2011,9,0.4092
Napa,2011,9,0.6681
Shasta,2011,9,0.7376
Monterey,2011,9,0.27015
Trinity,2011,9,0.80615
Mendocino,2011,9,0.8613000000000001
Inyo,2011,9,0.16865
Mono,2011,9,0.26880000000000004
Tuolumne,2011,9,0.67605
Solano,2011,9,0.1406
San Bernardino,2011,9,0.0383
Contra Costa,2011,9,0.35900000000000004
Alpine,2011,9,0.558
El Dorado,2011,9,0.8048000000000001
Yolo,2011,9,0.28425
Yuba,2011,9,0.43670000000000003
San Benito,2011,9,0.31135
Humboldt,2011,9,0.7502000000000001
Riverside,2011,9,0.12095
Kern,2011,9,0.23105
Colusa,2011,9,0.4053
Del Norte,2011,9,0.77795
Modoc,2011,9,0.20995
Fresno,2011,9,0.31820000000000004
Madera,2011,9,0.37945
Santa Clara,2011,9,0.38875000000000004
Tehama,2011,9,0.23520000000000002
San Joaquin,2011,9,0.342
Alameda,2011,9,0.63765
Nevada,2011,9,0.8350000000000001
Butte,2011,9,0.34835
Merced,2011,9,0.5732
Tulare,2011,9,0.4728
Stanislaus,2011,9,0.6294000000000001
Orange,2011,9,0.4283
Imperial,2011,9,0.13255
Sutter,2011,9,0.6567000000000001
Amador,2011,9,0.6867000000000001
Lake,2011,9,0.7528
Plumas,2011,9,0.8298000000000001
San Mateo,2011,9,0.644
Siskiyou,2011,9,0.29145
Santa Cruz,2011,9,0.79425
Glenn,2011,9,0.2152
San Luis Obispo,2011,9,0.5135500000000001
Sierra,2011,10,0.6131
Sacramento,2011,10,0.4309
Santa Barbara,2011,10,0.6748000000000001
Calaveras,2011,10,0.6696000000000001
Ventura,2011,10,0.46840000000000004
Los Angeles,2011,10,0.5749000000000001
Sonoma,2011,10,0.885
Kings,2011,10,0.13670000000000002
San Diego,2011,10,0.4138
Placer,2011,10,0.8340000000000001
San Francisco,2011,10,
Marin,2011,10,0.6251
Mariposa,2011,10,0.7523000000000001
Lassen,2011,10,0.3559
Napa,2011,10,0.7238
Shasta,2011,10,0.7409
Monterey,2011,10,0.27090000000000003
Trinity,2011,10,0.8089000000000001
Mendocino,2011,10,0.8924000000000001
Inyo,2011,10,0.1761
Mono,2011,10,0.22490000000000002
Tuolumne,2011,10,0.6669
Solano,2011,10,0.135
San Bernardino,2011,10,0.0845
Contra Costa,2011,10,0.341
Alpine,2011,10,0.5256000000000001
El Dorado,2011,10,0.7824
Yolo,2011,10,0.2217
Yuba,2011,10,0.5908
San Benito,2011,10,0.3356
Humboldt,2011,10,0.7227
Riverside,2011,10,0.1217
Kern,2011,10,0.273
Colusa,2011,10,0.29150000000000004
Del Norte,2011,10,0.7937000000000001
Modoc,2011,10,0.2147
Fresno,2011,10,0.40490000000000004
Madera,2011,10,0.4857
Santa Clara,2011,10,0.45080000000000003
Tehama,2011,10,0.3815
San Joaquin,2011,10,0.36160000000000003
Alameda,2011,10,0.6684
Nevada,2011,10,0.8352
Butte,2011,10,0.5263
Merced,2011,10,0.36300000000000004
Tulare,2011,10,0.5384
Stanislaus,2011,10,0.6538
Orange,2011,10,0.3497
Imperial,2011,10,0.1665
Sutter,2011,10,0.5282
Amador,2011,10,0.7802
Lake,2011,10,0.776
Plumas,2011,10,0.8092
San Mateo,2011,10,0.6484
Siskiyou,2011,10,0.30360000000000004
Santa Cruz,2011,10,0.8313
Glenn,2011,10,0.33280000000000004
San Luis Obispo,2011,10,0.5547000000000001
Sierra,2011,11,0.5944
Sacramento,2011,11,0.45320000000000005
Santa Barbara,2011,11,0.7010000000000001
Calaveras,2011,11,0.6501
Ventura,2011,11,0.51585
Los Angeles,2011,11,0.5249
Sonoma,2011,11,0.8715
Kings,2011,11,0.15560000000000002
San Diego,2011,11,0.43805
Placer,2011,11,0.7896500000000001
San Francisco,2011,11,
Marin,2011,11,0.68145
Mariposa,2011,11,0.69945
Lassen,2011,11,0.41295000000000004
Napa,2011,11,0.67195
Shasta,2011,11,0.71965
Monterey,2011,11,0.2806
Trinity,2011,11,0.81925
Mendocino,2011,11,0.8913000000000001
Inyo,2011,11,0.18135
Mono,2011,11,0.22920000000000001
Tuolumne,2011,11,0.6885
Solano,2011,11,0.17830000000000001
San Bernardino,2011,11,0.0944
Contra Costa,2011,11,0.37935
Alpine,2011,11,0.60435
El Dorado,2011,11,0.7963
Yolo,2011,11,0.2782
Yuba,2011,11,0.5941500000000001
San Benito,2011,11,0.35385
Humboldt,2011,11,0.7616
Riverside,2011,11,0.12225000000000001
Kern,2011,11,0.29245
Colusa,2011,11,0.2165
Del Norte,2011,11,0.79645
Modoc,2011,11,0.23175
Fresno,2011,11,0.40605
Madera,2011,11,0.47700000000000004
Santa Clara,2011,11,0.38465
Tehama,2011,11,0.4274
San Joaquin,2011,11,0.33365
Alameda,2011,11,0.63225
Nevada,2011,11,0.83835
Butte,2011,11,0.5525
Merced,2011,11,0.27815
Tulare,2011,11,0.5822
Stanislaus,2011,11,0.52095
Orange,2011,11,0.4001
Imperial,2011,11,0.44580000000000003
Sutter,2011,11,0.14535
Amador,2011,11,0.7216
Lake,2011,11,0.759
Plumas,2011,11,0.80405
San Mateo,2011,11,0.5994
Siskiyou,2011,11,0.2733
Santa Cruz,2011,11,0.8367
Glenn,2011,11,0.34095000000000003
San Luis Obispo,2011,11,0.5673
Sierra,2011,12,0.6455000000000001
Sacramento,2011,12,0.41045000000000004
Santa Barbara,2011,12,0.7027
Calaveras,2011,12,0.66145
Ventura,2011,12,0.5042
Los Angeles,2011,12,0.5779000000000001
Sonoma,2011,12,0.87175
Kings,2011,12,0.12635000000000002
San Diego,2011,12,0.4743
Placer,2011,12,0.7851
San Francisco,2011,12,
Marin,2011,12,0.66785
Mariposa,2011,12,0.7452500000000001
Lassen,2011,12,0.39890000000000003
Napa,2011,12,0.6451
Shasta,2011,12,0.7053
Monterey,2011,12,0.33835000000000004
Trinity,2011,12,0.8188500000000001
Mendocino,2011,12,0.88575
Inyo,2011,12,0.16620000000000001
Mono,2011,12,0.23845000000000002
Tuolumne,2011,12,0.7017
Solano,2011,12,0.19385000000000002
San Bernardino,2011,12,0.0881
Contra Costa,2011,12,0.403
Alpine,2011,12,0.60375
El Dorado,2011,12,0.7844500000000001
Yolo,2011,12,0.48875
Yuba,2011,12,0.54435
San Benito,2011,12,0.3402
Humboldt,2011,12,0.7275
Riverside,2011,12,0.1135
Kern,2011,12,0.2495
Colusa,2011,12,0.23175
Del Norte,2011,12,0.7932
Modoc,2011,12,0.22315000000000002
Fresno,2011,12,0.3982
Madera,2011,12,0.45445
Santa Clara,2011,12,0.41290000000000004
Tehama,2011,12,0.44565000000000005
San Joaquin,2011,12,0.3023
Alameda,2011,12,0.6638000000000001
Nevada,2011,12,0.79705
Butte,2011,12,0.54865
Merced,2011,12,0.2654
Tulare,2011,12,0.5479
Stanislaus,2011,12,0.5238
Orange,2011,12,0.36785
Imperial,2011,12,0.55505
Sutter,2011,12,-0.06655
Amador,2011,12,0.7114
Lake,2011,12,0.73355
Plumas,2011,12,0.8307
San Mateo,2011,12,0.59495
Siskiyou,2011,12,0.2341
Santa Cruz,2011,12,0.8379000000000001
Glenn,2011,12,0.41255000000000003
San Luis Obispo,2011,12,0.5791000000000001
Sierra,2012,1,0.41065
Sacramento,2012,1,0.43165000000000003
Santa Barbara,2012,1,0.71785
Calaveras,2012,1,0.6183500000000001
Ventura,2012,1,0.47355
Los Angeles,2012,1,0.5641
Sonoma,2012,1,0.8278000000000001
Kings,2012,1,0.12465000000000001
San Diego,2012,1,0.51585
Placer,2012,1,0.81105
San Francisco,2012,1,
Marin,2012,1,0.68835
Mariposa,2012,1,0.6679
Lassen,2012,1,0.384
Napa,2012,1,0.67635
Shasta,2012,1,0.6894
Monterey,2012,1,0.3171
Trinity,2012,1,0.8051
Mendocino,2012,1,0.8578
Inyo,2012,1,0.16195
Mono,2012,1,0.1327
Tuolumne,2012,1,0.45635000000000003
Solano,2012,1,0.18615
San Bernardino,2012,1,0.0813
Contra Costa,2012,1,0.40115
Alpine,2012,1,0.3703
El Dorado,2012,1,0.7814
Yolo,2012,1,0.48000000000000004
Yuba,2012,1,0.45915
San Benito,2012,1,0.34055
Humboldt,2012,1,0.7751
Riverside,2012,1,0.1085
Kern,2012,1,0.22595
Colusa,2012,1,0.24355000000000002
Del Norte,2012,1,0.80445
Modoc,2012,1,0.2403
Fresno,2012,1,0.3245
Madera,2012,1,0.3965
Santa Clara,2012,1,0.38585
Tehama,2012,1,0.46195
San Joaquin,2012,1,0.2518
Alameda,2012,1,0.62665
Nevada,2012,1,0.7768
Butte,2012,1,0.439
Merced,2012,1,0.24515
Tulare,2012,1,0.5102
Stanislaus,2012,1,0.37220000000000003
Orange,2012,1,0.3778
Imperial,2012,1,0.6514500000000001
Sutter,2012,1,-0.13925
Amador,2012,1,0.63805
Lake,2012,1,0.73345
Plumas,2012,1,0.8083
San Mateo,2012,1,0.56155
Siskiyou,2012,1,0.2404
Santa Cruz,2012,1,0.7796000000000001
Glenn,2012,1,0.4521
San Luis Obispo,2012,1,0.5457000000000001
Sierra,2012,2,0.24675000000000002
Sacramento,2012,2,0.48710000000000003
Santa Barbara,2012,2,0.7212500000000001
Calaveras,2012,2,0.6619
Ventura,2012,2,0.46035000000000004
Los Angeles,2012,2,0.55015
Sonoma,2012,2,0.869
Kings,2012,2,0.1368
San Diego,2012,2,0.5026
Placer,2012,2,0.771
San Francisco,2012,2,
Marin,2012,2,0.7391500000000001
Mariposa,2012,2,0.7123
Lassen,2012,2,0.36135
Napa,2012,2,0.6668000000000001
Shasta,2012,2,0.6622
Monterey,2012,2,0.3929
Trinity,2012,2,0.8007500000000001
Mendocino,2012,2,0.8781500000000001
Inyo,2012,2,0.1625
Mono,2012,2,0.0166
Tuolumne,2012,2,0.5894
Solano,2012,2,0.18545
San Bernardino,2012,2,0.0826
Contra Costa,2012,2,0.41935
Alpine,2012,2,0.23285
El Dorado,2012,2,0.7527
Yolo,2012,2,0.54605
Yuba,2012,2,0.5718500000000001
San Benito,2012,2,0.4292
Humboldt,2012,2,0.7300500000000001
Riverside,2012,2,0.10690000000000001
Kern,2012,2,0.3039
Colusa,2012,2,0.26280000000000003
Del Norte,2012,2,0.78495
Modoc,2012,2,0.23395000000000002
Fresno,2012,2,0.44365000000000004
Madera,2012,2,0.48455000000000004
Santa Clara,2012,2,0.47865
Tehama,2012,2,0.5405
San Joaquin,2012,2,0.3023
Alameda,2012,2,0.6802
Nevada,2012,2,0.80245
Butte,2012,2,0.5296500000000001
Merced,2012,2,0.32215
Tulare,2012,2,0.5595
Stanislaus,2012,2,0.49285
Orange,2012,2,0.3405
Imperial,2012,2,0.7414000000000001
Sutter,2012,2,0.1212
Amador,2012,2,0.7149500000000001
Lake,2012,2,0.7382500000000001
Plumas,2012,2,0.8415
San Mateo,2012,2,0.6004
Siskiyou,2012,2,0.24585
Santa Cruz,2012,2,0.8039000000000001
Glenn,2012,2,0.5728500000000001
San Luis Obispo,2012,2,0.5619000000000001
Sierra,2012,3,0.2096
Sacramento,2012,3,0.55245
Santa Barbara,2012,3,0.6801
Calaveras,2012,3,0.6735
Ventura,2012,3,0.49645
Los Angeles,2012,3,0.58475
Sonoma,2012,3,0.869
Kings,2012,3,0.22660000000000002
San Diego,2012,3,0.51075
Placer,2012,3,0.772
San Francisco,2012,3,
Marin,2012,3,0.71835
Mariposa,2012,3,0.68135
Lassen,2012,3,0.09630000000000001
Napa,2012,3,0.66915
Shasta,2012,3,0.6909500000000001
Monterey,2012,3,0.4068
Trinity,2012,3,0.5856
Mendocino,2012,3,0.807
Inyo,2012,3,0.14815
Mono,2012,3,0.0844
Tuolumne,2012,3,0.40900000000000003
Solano,2012,3,0.38825000000000004
San Bernardino,2012,3,0.08395000000000001
Contra Costa,2012,3,0.43610000000000004
Alpine,2012,3,0.1743
El Dorado,2012,3,0.75915
Yolo,2012,3,0.7144
Yuba,2012,3,0.67015
San Benito,2012,3,0.5506
Humboldt,2012,3,0.7361500000000001
Riverside,2012,3,0.1187
Kern,2012,3,0.32530000000000003
Colusa,2012,3,0.30210000000000004
Del Norte,2012,3,0.52585
Modoc,2012,3,0.15245
Fresno,2012,3,0.44115000000000004
Madera,2012,3,0.5736
Santa Clara,2012,3,0.5521
Tehama,2012,3,0.6022000000000001
San Joaquin,2012,3,0.37885
Alameda,2012,3,0.6883
Nevada,2012,3,0.7004
Butte,2012,3,0.6029
Merced,2012,3,0.5658000000000001
Tulare,2012,3,0.59175
Stanislaus,2012,3,0.5568500000000001
Orange,2012,3,0.3643
Imperial,2012,3,0.73605
Sutter,2012,3,0.268
Amador,2012,3,0.6636500000000001
Lake,2012,3,0.7389
Plumas,2012,3,0.6956
San Mateo,2012,3,0.669
Siskiyou,2012,3,0.29660000000000003
Santa Cruz,2012,3,0.7753
Glenn,2012,3,0.6392
San Luis Obispo,2012,3,0.5363
Sierra,2012,4,0.12545
Sacramento,2012,4,0.53635
Santa Barbara,2012,4,0.7134
Calaveras,2012,4,0.6558
Ventura,2012,4,0.57275
Los Angeles,2012,4,0.62375
Sonoma,2012,4,0.8360000000000001
Kings,2012,4,0.7555000000000001
San Diego,2012,4,0.5064000000000001
Placer,2012,4,0.7745000000000001
San Francisco,2012,4,
Marin,2012,4,0.7151000000000001
Mariposa,2012,4,0.6796500000000001
Lassen,2012,4,0.40345000000000003
Napa,2012,4,0.67315
Shasta,2012,4,0.6972
Monterey,2012,4,0.51935
Trinity,2012,4,0.7635000000000001
Mendocino,2012,4,0.82825
Inyo,2012,4,0.1627
Mono,2012,4,0.1882
Tuolumne,2012,4,0.601
Solano,2012,4,0.35835
San Bernardino,2012,4,0.09050000000000001
Contra Costa,2012,4,0.51095
Alpine,2012,4,0.31505
El Dorado,2012,4,0.7100000000000001
Yolo,2012,4,0.6111
Yuba,2012,4,0.7185
San Benito,2012,4,0.602
Humboldt,2012,4,0.7529
Riverside,2012,4,0.13105
Kern,2012,4,0.35875
Colusa,2012,4,0.449
Del Norte,2012,4,0.7384000000000001
Modoc,2012,4,0.24255000000000002
Fresno,2012,4,0.45285000000000003
Madera,2012,4,0.6225
Santa Clara,2012,4,0.6438
Tehama,2012,4,0.5905
San Joaquin,2012,4,0.4806
Alameda,2012,4,0.6806
Nevada,2012,4,0.75055
Butte,2012,4,0.63665
Merced,2012,4,0.5017
Tulare,2012,4,0.6622
Stanislaus,2012,4,0.658
Orange,2012,4,0.38575000000000004
Imperial,2012,4,0.63265
Sutter,2012,4,0.29995
Amador,2012,4,0.6723
Lake,2012,4,0.6815
Plumas,2012,4,0.6998000000000001
San Mateo,2012,4,0.67455
Siskiyou,2012,4,0.445
Santa Cruz,2012,4,0.7582
Glenn,2012,4,0.59165
San Luis Obispo,2012,4,0.54335
Sierra,2012,5,0.5284
Sacramento,2012,5,0.44320000000000004
Santa Barbara,2012,5,0.6869500000000001
Calaveras,2012,5,0.6786500000000001
Ventura,2012,5,0.6073500000000001
Los Angeles,2012,5,0.6084
Sonoma,2012,5,0.86155
Kings,2012,5,0.67135
San Diego,2012,5,0.44745
Placer,2012,5,0.8268000000000001
San Francisco,2012,5,
Marin,2012,5,0.70525
Mariposa,2012,5,0.7364
Lassen,2012,5,0.4016
Napa,2012,5,0.6708500000000001
Shasta,2012,5,0.78075
Monterey,2012,5,0.33135000000000003
Trinity,2012,5,0.74755
Mendocino,2012,5,0.8141
Inyo,2012,5,0.17685
Mono,2012,5,0.25815
Tuolumne,2012,5,0.64585
Solano,2012,5,0.21455000000000002
San Bernardino,2012,5,0.07845
Contra Costa,2012,5,0.39955
Alpine,2012,5,0.47525
El Dorado,2012,5,0.7687
Yolo,2012,5,0.48705000000000004
Yuba,2012,5,0.61605
San Benito,2012,5,0.4773
Humboldt,2012,5,0.767
Riverside,2012,5,0.11345000000000001
Kern,2012,5,0.25555
Colusa,2012,5,0.38470000000000004
Del Norte,2012,5,0.76595
Modoc,2012,5,0.26285000000000003
Fresno,2012,5,0.3275
Madera,2012,5,0.5197
Santa Clara,2012,5,0.5216000000000001
Tehama,2012,5,0.4052
San Joaquin,2012,5,0.35285
Alameda,2012,5,0.68145
Nevada,2012,5,0.78385
Butte,2012,5,0.50165
Merced,2012,5,0.5104500000000001
Tulare,2012,5,0.62205
Stanislaus,2012,5,0.58825
Orange,2012,5,0.4233
Imperial,2012,5,0.45980000000000004
Sutter,2012,5,0.1333
Amador,2012,5,0.7085
Lake,2012,5,0.7857500000000001
Plumas,2012,5,0.7785000000000001
San Mateo,2012,5,0.7941
Siskiyou,2012,5,0.3467
Santa Cruz,2012,5,0.7685500000000001
Glenn,2012,5,0.33105
San Luis Obispo,2012,5,0.54035
Sierra,2012,6,0.5517500000000001
Sacramento,2012,6,0.32335
Santa Barbara,2012,6,0.6791
Calaveras,2012,6,0.61905
Ventura,2012,6,0.4874
Los Angeles,2012,6,0.558
Sonoma,2012,6,0.8590500000000001
Kings,2012,6,0.35935
San Diego,2012,6,0.3796
Placer,2012,6,0.8292
San Francisco,2012,6,
Marin,2012,6,0.48995
Mariposa,2012,6,0.7170000000000001
Lassen,2012,6,0.42310000000000003
Napa,2012,6,0.64225
Shasta,2012,6,0.7786500000000001
Monterey,2012,6,0.2509
Trinity,2012,6,0.7616
Mendocino,2012,6,0.8243
Inyo,2012,6,0.1468
Mono,2012,6,0.2614
Tuolumne,2012,6,0.6263500000000001
Solano,2012,6,0.1621
San Bernardino,2012,6,0.08055000000000001
Contra Costa,2012,6,0.3023
Alpine,2012,6,0.47705000000000003
El Dorado,2012,6,0.75695
Yolo,2012,6,0.47495000000000004
Yuba,2012,6,0.48245000000000005
San Benito,2012,6,0.34505
Humboldt,2012,6,0.8125
Riverside,2012,6,0.09865
Kern,2012,6,0.2003
Colusa,2012,6,0.7154
Del Norte,2012,6,0.78215
Modoc,2012,6,0.24365
Fresno,2012,6,0.29825
Madera,2012,6,0.42205000000000004
Santa Clara,2012,6,0.3794
Tehama,2012,6,0.26935000000000003
San Joaquin,2012,6,0.3181
Alameda,2012,6,0.61175
Nevada,2012,6,0.7979
Butte,2012,6,0.3603
Merced,2012,6,0.39115
Tulare,2012,6,0.4808
Stanislaus,2012,6,0.6189
Orange,2012,6,0.35215
Imperial,2012,6,0.36855000000000004
Sutter,2012,6,0.5619500000000001
Amador,2012,6,0.6547000000000001
Lake,2012,6,0.79115
Plumas,2012,6,0.7442000000000001
San Mateo,2012,6,0.72065
Siskiyou,2012,6,0.3835
Santa Cruz,2012,6,0.78645
Glenn,2012,6,0.2338
San Luis Obispo,2012,6,0.4524
Sierra,2012,7,0.5964
Sacramento,2012,7,0.32080000000000003
Santa Barbara,2012,7,0.6283000000000001
Calaveras,2012,7,0.6028
Ventura,2012,7,0.44065000000000004
Los Angeles,2012,7,0.47390000000000004
Sonoma,2012,7,0.86865
Kings,2012,7,0.26095
San Diego,2012,7,0.38170000000000004
Placer,2012,7,0.82755
San Francisco,2012,7,
Marin,2012,7,0.50895
Mariposa,2012,7,0.72485
Lassen,2012,7,0.3874
Napa,2012,7,0.601
Shasta,2012,7,0.7696000000000001
Monterey,2012,7,0.25285
Trinity,2012,7,0.7925000000000001
Mendocino,2012,7,0.8288000000000001
Inyo,2012,7,0.1428
Mono,2012,7,0.21275000000000002
Tuolumne,2012,7,0.6089
Solano,2012,7,0.17375000000000002
San Bernardino,2012,7,0.0823
Contra Costa,2012,7,0.30985
Alpine,2012,7,0.4738
El Dorado,2012,7,0.7687
Yolo,2012,7,0.36125
Yuba,2012,7,0.44980000000000003
San Benito,2012,7,0.29200000000000004
Humboldt,2012,7,0.774
Riverside,2012,7,0.10975
Kern,2012,7,0.19290000000000002
Colusa,2012,7,0.7574000000000001
Del Norte,2012,7,0.7668
Modoc,2012,7,0.2041
Fresno,2012,7,0.29760000000000003
Madera,2012,7,0.37915000000000004
Santa Clara,2012,7,0.35125
Tehama,2012,7,0.29275
San Joaquin,2012,7,0.31
Alameda,2012,7,0.5933
Nevada,2012,7,0.8209500000000001
Butte,2012,7,0.32405
Merced,2012,7,0.5640000000000001
Tulare,2012,7,0.4212
Stanislaus,2012,7,0.5658000000000001
Orange,2012,7,0.37445
Imperial,2012,7,0.39755
Sutter,2012,7,0.85795
Amador,2012,7,0.68415
Lake,2012,7,0.7684500000000001
Plumas,2012,7,0.79995
San Mateo,2012,7,0.72535
Siskiyou,2012,7,0.2886
Santa Cruz,2012,7,0.7806000000000001
Glenn,2012,7,0.22055000000000002
San Luis Obispo,2012,7,0.44305
Sierra,2012,8,0.65075
Sacramento,2012,8,0.3277
Santa Barbara,2012,8,0.6189
Calaveras,2012,8,0.57775
Ventura,2012,8,0.42910000000000004
Los Angeles,2012,8,0.48325
Sonoma,2012,8,0.8481000000000001
Kings,2012,8,-0.0337
San Diego,2012,8,0.36105000000000004
Placer,2012,8,0.83735
San Francisco,2012,8,
Marin,2012,8,0.45485000000000003
Mariposa,2012,8,0.70735
Lassen,2012,8,0.37815000000000004
Napa,2012,8,0.60505
Shasta,2012,8,0.72535
Monterey,2012,8,0.2363
Trinity,2012,8,0.7834500000000001
Mendocino,2012,8,0.8332
Inyo,2012,8,0.15505000000000002
Mono,2012,8,0.14945
Tuolumne,2012,8,0.6314000000000001
Solano,2012,8,0.1716
San Bernardino,2012,8,0.07935
Contra Costa,2012,8,0.29365
Alpine,2012,8,0.53825
El Dorado,2012,8,0.7988000000000001
Yolo,2012,8,0.28705
Yuba,2012,8,0.4404
San Benito,2012,8,0.2929
Humboldt,2012,8,0.7576
Riverside,2012,8,0.1297
Kern,2012,8,0.19195
Colusa,2012,8,0.69635
Del Norte,2012,8,0.78315
Modoc,2012,8,0.20355
Fresno,2012,8,0.30705
Madera,2012,8,0.36575
Santa Clara,2012,8,0.34805
Tehama,2012,8,0.26890000000000003
San Joaquin,2012,8,0.3206
Alameda,2012,8,0.56975
Nevada,2012,8,0.8128000000000001
Butte,2012,8,0.31105
Merced,2012,8,0.5670000000000001
Tulare,2012,8,0.41105
Stanislaus,2012,8,0.5512
Orange,2012,8,0.38045
Imperial,2012,8,0.27590000000000003
Sutter,2012,8,0.867
Amador,2012,8,0.6725
Lake,2012,8,0.76775
Plumas,2012,8,0.79035
San Mateo,2012,8,0.6654
Siskiyou,2012,8,0.2516
Santa Cruz,2012,8,0.77495
Glenn,2012,8,0.20915
San Luis Obispo,2012,8,0.4274
Sierra,2012,9,0.6265000000000001
Sacramento,2012,9,0.3206
Santa Barbara,2012,9,0.6322
Calaveras,2012,9,0.5992500000000001
Ventura,2012,9,0.42295
Los Angeles,2012,9,0.48505000000000004
Sonoma,2012,9,0.8490000000000001
Kings,2012,9,0.11610000000000001
San Diego,2012,9,0.379
Placer,2012,9,0.83945
San Francisco,2012,9,
Marin,2012,9,0.4259
Mariposa,2012,9,0.7088
Lassen,2012,9,0.34385
Napa,2012,9,0.5929
Shasta,2012,9,0.7199
Monterey,2012,9,0.23965
Trinity,2012,9,0.78945
Mendocino,2012,9,0.8736
Inyo,2012,9,0.1531
Mono,2012,9,0.13490000000000002
Tuolumne,2012,9,0.66595
Solano,2012,9,0.1153
San Bernardino,2012,9,0.07590000000000001
Contra Costa,2012,9,0.31980000000000003
Alpine,2012,9,0.5248
El Dorado,2012,9,0.7818
Yolo,2012,9,0.27285000000000004
Yuba,2012,9,0.42415
San Benito,2012,9,0.2655
Humboldt,2012,9,0.7331000000000001
Riverside,2012,9,0.11135
Kern,2012,9,0.19455
Colusa,2012,9,0.45195
Del Norte,2012,9,0.7709
Modoc,2012,9,0.185
Fresno,2012,9,0.30055000000000004
Madera,2012,9,0.36010000000000003
Santa Clara,2012,9,0.34895000000000004
Tehama,2012,9,0.23055
San Joaquin,2012,9,0.29765
Alameda,2012,9,0.5559000000000001
Nevada,2012,9,0.80335
Butte,2012,9,0.2984
Merced,2012,9,0.34875
Tulare,2012,9,0.40445000000000003
Stanislaus,2012,9,0.5013500000000001
Orange,2012,9,0.3931
Imperial,2012,9,0.37265000000000004
Sutter,2012,9,0.6988000000000001
Amador,2012,9,0.729
Lake,2012,9,0.7655000000000001
Plumas,2012,9,0.7969
San Mateo,2012,9,0.5528000000000001
Siskiyou,2012,9,0.23220000000000002
Santa Cruz,2012,9,0.77775
Glenn,2012,9,0.20720000000000002
San Luis Obispo,2012,9,0.44670000000000004
Sierra,2012,10,0.6444000000000001
Sacramento,2012,10,0.39775
Santa Barbara,2012,10,0.6247
Calaveras,2012,10,0.63925
Ventura,2012,10,0.45
Los Angeles,2012,10,0.5184500000000001
Sonoma,2012,10,0.8763000000000001
Kings,2012,10,0.17120000000000002
San Diego,2012,10,0.3578
Placer,2012,10,0.8259000000000001
San Francisco,2012,10,
Marin,2012,10,0.5113
Mariposa,2012,10,0.72575
Lassen,2012,10,0.38965
Napa,2012,10,0.64405
Shasta,2012,10,0.71525
Monterey,2012,10,0.2482
Trinity,2012,10,0.8131
Mendocino,2012,10,0.8590500000000001
Inyo,2012,10,0.15515
Mono,2012,10,0.16540000000000002
Tuolumne,2012,10,0.6846
Solano,2012,10,0.09140000000000001
San Bernardino,2012,10,0.0763
Contra Costa,2012,10,0.30695
Alpine,2012,10,0.55955
El Dorado,2012,10,0.7873
Yolo,2012,10,0.31845
Yuba,2012,10,0.47345000000000004
San Benito,2012,10,0.2913
Humboldt,2012,10,0.7416
Riverside,2012,10,0.11105000000000001
Kern,2012,10,0.21860000000000002
Colusa,2012,10,0.36210000000000003
Del Norte,2012,10,0.7946500000000001
Modoc,2012,10,0.20980000000000001
Fresno,2012,10,0.32925000000000004
Madera,2012,10,0.39295
Santa Clara,2012,10,0.37795
Tehama,2012,10,0.24500000000000002
San Joaquin,2012,10,0.32665
Alameda,2012,10,0.5931000000000001
Nevada,2012,10,0.82845
Butte,2012,10,0.39030000000000004
Merced,2012,10,0.33945000000000003
Tulare,2012,10,0.41140000000000004
Stanislaus,2012,10,0.5689000000000001
Orange,2012,10,0.38195
Imperial,2012,10,0.315
Sutter,2012,10,0.36825
Amador,2012,10,0.6884
Lake,2012,10,0.74185
Plumas,2012,10,0.77025
San Mateo,2012,10,0.57245
Siskiyou,2012,10,0.2376
Santa Cruz,2012,10,0.78225
Glenn,2012,10,0.20485
San Luis Obispo,2012,10,0.511
Sierra,2012,11,0.383
Sacramento,2012,11,0.5477000000000001
Santa Barbara,2012,11,0.5996
Calaveras,2012,11,0.7040000000000001
Ventura,2012,11,0.4016
Los Angeles,2012,11,0.5035000000000001
Sonoma,2012,11,0.892
Kings,2012,11,0.1097
San Diego,2012,11,0.2998
Placer,2012,11,0.7594000000000001
San Francisco,2012,11,
Marin,2012,11,0.7092
Mariposa,2012,11,0.6984
Lassen,2012,11,0.48650000000000004
Napa,2012,11,0.6938000000000001
Shasta,2012,11,0.6793
Monterey,2012,11,0.35660000000000003
Trinity,2012,11,0.8250000000000001
Mendocino,2012,11,0.863
Inyo,2012,11,0.16340000000000002
Mono,2012,11,0.12940000000000002
Tuolumne,2012,11,0.6896
Solano,2012,11,0.15560000000000002
San Bernardino,2012,11,0.0747
Contra Costa,2012,11,0.4052
Alpine,2012,11,0.507
El Dorado,2012,11,0.761
Yolo,2012,11,0.3723
Yuba,2012,11,0.5931000000000001
San Benito,2012,11,0.31220000000000003
Humboldt,2012,11,0.7574000000000001
Riverside,2012,11,0.11720000000000001
Kern,2012,11,0.223
Colusa,2012,11,0.37620000000000003
Del Norte,2012,11,0.7272000000000001
Modoc,2012,11,0.25830000000000003
Fresno,2012,11,0.35100000000000003
Madera,2012,11,0.4309
Santa Clara,2012,11,0.42900000000000005
Tehama,2012,11,0.3195
San Joaquin,2012,11,0.3321
Alameda,2012,11,0.6622
Nevada,2012,11,0.8142
Butte,2012,11,0.5332
Merced,2012,11,0.34640000000000004
Tulare,2012,11,0.4218
Stanislaus,2012,11,0.5605
Orange,2012,11,0.34450000000000003
Imperial,2012,11,0.37610000000000005
Sutter,2012,11,0.098
Amador,2012,11,0.7538
Lake,2012,11,0.6863
Plumas,2012,11,0.8681000000000001
San Mateo,2012,11,0.6689
Siskiyou,2012,11,0.262
Santa Cruz,2012,11,0.8291000000000001
Glenn,2012,11,0.21780000000000002
San Luis Obispo,2012,11,0.5546
Sierra,2012,12,0.2144
Sacramento,2012,12,0.5515
Santa Barbara,2012,12,0.7387
Calaveras,2012,12,0.7213
Ventura,2012,12,0.48395000000000005
Los Angeles,2012,12,0.513
Sonoma,2012,12,0.7534000000000001
Kings,2012,12,0.13115000000000002
San Diego,2012,12,0.40505
Placer,2012,12,0.7824500000000001
San Francisco,2012,12,
Marin,2012,12,0.72095
Mariposa,2012,12,0.78
Lassen,2012,12,0.25265
Napa,2012,12,0.7044
Shasta,2012,12,0.7815000000000001
Monterey,2012,12,0.6393500000000001
Trinity,2012,12,0.798
Mendocino,2012,12,0.8683000000000001
Inyo,2012,12,0.15755
Mono,2012,12,0.00415
Tuolumne,2012,12,0.5034000000000001
Solano,2012,12,0.2574
San Bernardino,2012,12,0.084
Contra Costa,2012,12,0.48225
Alpine,2012,12,0.38615
El Dorado,2012,12,0.8219500000000001
Yolo,2012,12,0.48765000000000003
Yuba,2012,12,0.6233000000000001
San Benito,2012,12,0.5905
Humboldt,2012,12,0.6592
Riverside,2012,12,0.11420000000000001
Kern,2012,12,0.46405
Colusa,2012,12,0.4077
Del Norte,2012,12,0.81555
Modoc,2012,12,0.13145
Fresno,2012,12,0.49675
Madera,2012,12,0.58955
Santa Clara,2012,12,0.50715
Tehama,2012,12,0.44225000000000003
San Joaquin,2012,12,0.35745
Alameda,2012,12,0.67715
Nevada,2012,12,0.79205
Butte,2012,12,0.6102000000000001
Merced,2012,12,0.30710000000000004
Tulare,2012,12,0.5054500000000001
Stanislaus,2012,12,0.6108
Orange,2012,12,0.4172
Imperial,2012,12,0.48995
Sutter,2012,12,0.1029
Amador,2012,12,0.76095
Lake,2012,12,0.76985
Plumas,2012,12,0.6334500000000001
San Mateo,2012,12,0.6724
Siskiyou,2012,12,0.3425
Santa Cruz,2012,12,0.8241
Glenn,2012,12,0.4086
San Luis Obispo,2012,12,0.6018
Sierra,2013,1,0.17785
Sacramento,2013,1,0.57855
Santa Barbara,2013,1,0.70325
Calaveras,2013,1,0.6975
Ventura,2013,1,0.5721
Los Angeles,2013,1,0.52335
Sonoma,2013,1,0.8873500000000001
Kings,2013,1,0.1053
San Diego,2013,1,0.4505
Placer,2013,1,0.83055
San Francisco,2013,1,
Marin,2013,1,0.71225
Mariposa,2013,1,0.73965
Lassen,2013,1,0.058100000000000006
Napa,2013,1,0.6929500000000001
Shasta,2013,1,0.7026
Monterey,2013,1,0.6774
Trinity,2013,1,0.7301500000000001
Mendocino,2013,1,0.8677
Inyo,2013,1,0.15175
Mono,2013,1,-0.00355
Tuolumne,2013,1,0.1743
Solano,2013,1,0.38825000000000004
San Bernardino,2013,1,0.0799
Contra Costa,2013,1,0.45945
Alpine,2013,1,0.1922
El Dorado,2013,1,0.749
Yolo,2013,1,0.5081
Yuba,2013,1,0.6217
San Benito,2013,1,0.59355
Humboldt,2013,1,0.72835
Riverside,2013,1,0.1082
Kern,2013,1,0.50175
Colusa,2013,1,0.31770000000000004
Del Norte,2013,1,0.7977500000000001
Modoc,2013,1,-0.007200000000000001
Fresno,2013,1,0.5429
Madera,2013,1,0.5629500000000001
Santa Clara,2013,1,0.5135500000000001
Tehama,2013,1,0.45605
San Joaquin,2013,1,0.33630000000000004
Alameda,2013,1,0.6698000000000001
Nevada,2013,1,0.7522500000000001
Butte,2013,1,0.58225
Merced,2013,1,0.31635
Tulare,2013,1,0.5357000000000001
Stanislaus,2013,1,0.48055000000000003
Orange,2013,1,0.38375000000000004
Imperial,2013,1,0.4561
Sutter,2013,1,0.061000000000000006
Amador,2013,1,0.7426
Lake,2013,1,0.7587
Plumas,2013,1,0.60695
San Mateo,2013,1,0.66025
Siskiyou,2013,1,0.31005
Santa Cruz,2013,1,0.8034
Glenn,2013,1,0.39985000000000004
San Luis Obispo,2013,1,0.5632
Sierra,2013,2,0.19195
Sacramento,2013,2,0.5603
Santa Barbara,2013,2,0.73585
Calaveras,2013,2,0.68515
Ventura,2013,2,0.5682
Los Angeles,2013,2,0.5640000000000001
Sonoma,2013,2,0.8815000000000001
Kings,2013,2,0.1489
San Diego,2013,2,0.4742
Placer,2013,2,0.80155
San Francisco,2013,2,
Marin,2013,2,0.7368
Mariposa,2013,2,0.7159500000000001
Lassen,2013,2,0.0346
Napa,2013,2,0.6789000000000001
Shasta,2013,2,0.68265
Monterey,2013,2,0.7120000000000001
Trinity,2013,2,0.79245
Mendocino,2013,2,0.85085
Inyo,2013,2,0.14595
Mono,2013,2,0.0047
Tuolumne,2013,2,0.2655
Solano,2013,2,0.4101
San Bernardino,2013,2,0.07880000000000001
Contra Costa,2013,2,0.50125
Alpine,2013,2,0.21485
El Dorado,2013,2,0.789
Yolo,2013,2,0.5396000000000001
Yuba,2013,2,0.6331
San Benito,2013,2,0.6802
Humboldt,2013,2,0.7309
Riverside,2013,2,0.10555
Kern,2013,2,0.50525
Colusa,2013,2,0.36365000000000003
Del Norte,2013,2,0.78815
Modoc,2013,2,-0.0079
Fresno,2013,2,0.5293
Madera,2013,2,0.59785
Santa Clara,2013,2,0.598
Tehama,2013,2,0.54095
San Joaquin,2013,2,0.4304
Alameda,2013,2,0.68965
Nevada,2013,2,0.79195
Butte,2013,2,0.5991000000000001
Merced,2013,2,0.48315
Tulare,2013,2,0.5957
Stanislaus,2013,2,0.50515
Orange,2013,2,0.37925000000000003
Imperial,2013,2,0.47235000000000005
Sutter,2013,2,0.328
Amador,2013,2,0.70425
Lake,2013,2,0.72395
Plumas,2013,2,0.7405
San Mateo,2013,2,0.6433
Siskiyou,2013,2,0.33795000000000003
Santa Cruz,2013,2,0.73295
Glenn,2013,2,0.48985
San Luis Obispo,2013,2,0.5538500000000001
Sierra,2013,3,0.18805000000000002
Sacramento,2013,3,0.60195
Santa Barbara,2013,3,0.7228
Calaveras,2013,3,0.6845
Ventura,2013,3,0.5543
Los Angeles,2013,3,0.6064
Sonoma,2013,3,0.8887
Kings,2013,3,0.12175000000000001
San Diego,2013,3,0.49765000000000004
Placer,2013,3,0.7848
San Francisco,2013,3,
Marin,2013,3,0.7190000000000001
Mariposa,2013,3,0.7109500000000001
Lassen,2013,3,0.3436
Napa,2013,3,0.65695
Shasta,2013,3,0.6676500000000001
Monterey,2013,3,0.5727
Trinity,2013,3,0.7433000000000001
Mendocino,2013,3,0.8709
Inyo,2013,3,0.14500000000000002
Mono,2013,3,0.10825
Tuolumne,2013,3,0.40455
Solano,2013,3,0.39725
San Bernardino,2013,3,0.0824
Contra Costa,2013,3,0.48475
Alpine,2013,3,0.17320000000000002
El Dorado,2013,3,0.76375
Yolo,2013,3,0.6917500000000001
Yuba,2013,3,0.69845
San Benito,2013,3,0.64165
Humboldt,2013,3,0.7244
Riverside,2013,3,0.10185000000000001
Kern,2013,3,0.39880000000000004
Colusa,2013,3,0.40775
Del Norte,2013,3,0.7652
Modoc,2013,3,0.2649
Fresno,2013,3,0.4747
Madera,2013,3,0.6605500000000001
Santa Clara,2013,3,0.67935
Tehama,2013,3,0.64375
San Joaquin,2013,3,0.44680000000000003
Alameda,2013,3,0.7112
Nevada,2013,3,0.8019000000000001
Butte,2013,3,0.65115
Merced,2013,3,0.55335
Tulare,2013,3,0.68035
Stanislaus,2013,3,0.6005
Orange,2013,3,0.37755
Imperial,2013,3,0.4016
Sutter,2013,3,0.2587
Amador,2013,3,0.7049000000000001
Lake,2013,3,0.7158
Plumas,2013,3,0.75605
San Mateo,2013,3,0.65845
Siskiyou,2013,3,0.3905
Santa Cruz,2013,3,0.72235
Glenn,2013,3,0.5701
San Luis Obispo,2013,3,0.57675
Sierra,2013,4,0.44010000000000005
Sacramento,2013,4,0.5724
Santa Barbara,2013,4,0.7106
Calaveras,2013,4,0.68645
Ventura,2013,4,0.5326500000000001
Los Angeles,2013,4,0.5504
Sonoma,2013,4,0.85075
Kings,2013,4,0.12605
San Diego,2013,4,0.47515
Placer,2013,4,0.8026000000000001
San Francisco,2013,4,
Marin,2013,4,0.73035
Mariposa,2013,4,0.71345
Lassen,2013,4,0.3648
Napa,2013,4,0.7304
Shasta,2013,4,0.7329
Monterey,2013,4,0.33245
Trinity,2013,4,0.7464500000000001
Mendocino,2013,4,0.8142
Inyo,2013,4,0.13725
Mono,2013,4,0.10070000000000001
Tuolumne,2013,4,0.6212500000000001
Solano,2013,4,0.15945
San Bernardino,2013,4,0.07780000000000001
Contra Costa,2013,4,0.46950000000000003
Alpine,2013,4,0.42985
El Dorado,2013,4,0.7436
Yolo,2013,4,0.5084500000000001
Yuba,2013,4,0.7312500000000001
San Benito,2013,4,0.52325
Humboldt,2013,4,0.72995
Riverside,2013,4,0.09545000000000001
Kern,2013,4,0.2514
Colusa,2013,4,0.3443
Del Norte,2013,4,0.7748
Modoc,2013,4,0.2571
Fresno,2013,4,0.3533
Madera,2013,4,0.5881000000000001
Santa Clara,2013,4,0.68035
Tehama,2013,4,0.59175
San Joaquin,2013,4,0.37925000000000003
Alameda,2013,4,0.7534500000000001
Nevada,2013,4,0.7671
Butte,2013,4,0.6667000000000001
Merced,2013,4,0.5296500000000001
Tulare,2013,4,0.7248
Stanislaus,2013,4,0.6096
Orange,2013,4,0.4043
Imperial,2013,4,0.38135
Sutter,2013,4,0.24585
Amador,2013,4,0.7443000000000001
Lake,2013,4,0.7436
Plumas,2013,4,0.7527
San Mateo,2013,4,0.7965500000000001
Siskiyou,2013,4,0.45570000000000005
Santa Cruz,2013,4,0.77015
Glenn,2013,4,0.54965
San Luis Obispo,2013,4,0.5448000000000001
Sierra,2013,5,0.62215
Sacramento,2013,5,0.37415000000000004
Santa Barbara,2013,5,0.6783
Calaveras,2013,5,0.6666500000000001
Ventura,2013,5,0.4713
Los Angeles,2013,5,0.5252
Sonoma,2013,5,0.85955
Kings,2013,5,0.23055
San Diego,2013,5,0.40555
Placer,2013,5,0.83365
San Francisco,2013,5,
Marin,2013,5,0.5920500000000001
Mariposa,2013,5,0.7264
Lassen,2013,5,0.4308
Napa,2013,5,0.6719
Shasta,2013,5,0.7584500000000001
Monterey,2013,5,0.28400000000000003
Trinity,2013,5,0.7603000000000001
Mendocino,2013,5,0.8252
Inyo,2013,5,0.12610000000000002
Mono,2013,5,0.13725
Tuolumne,2013,5,0.6189
Solano,2013,5,0.1875
San Bernardino,2013,5,0.07875
Contra Costa,2013,5,0.366
Alpine,2013,5,0.45030000000000003
El Dorado,2013,5,0.7778
Yolo,2013,5,0.4121
Yuba,2013,5,0.5195500000000001
San Benito,2013,5,0.37465000000000004
Humboldt,2013,5,0.7845000000000001
Riverside,2013,5,0.0917
Kern,2013,5,0.21335
Colusa,2013,5,0.45985000000000004
Del Norte,2013,5,0.7593500000000001
Modoc,2013,5,0.2687
Fresno,2013,5,0.29000000000000004
Madera,2013,5,0.45325000000000004
Santa Clara,2013,5,0.44165000000000004
Tehama,2013,5,0.3658
San Joaquin,2013,5,0.32115
Alameda,2013,5,0.68905
Nevada,2013,5,0.8028500000000001
Butte,2013,5,0.46480000000000005
Merced,2013,5,0.39125000000000004
Tulare,2013,5,0.5678000000000001
Stanislaus,2013,5,0.59185
Orange,2013,5,0.38175000000000003
Imperial,2013,5,0.42360000000000003
Sutter,2013,5,0.14930000000000002
Amador,2013,5,0.6879500000000001
Lake,2013,5,0.7666000000000001
Plumas,2013,5,0.7462000000000001
San Mateo,2013,5,0.7676000000000001
Siskiyou,2013,5,0.40800000000000003
Santa Cruz,2013,5,0.7835500000000001
Glenn,2013,5,0.29805000000000004
San Luis Obispo,2013,5,0.50015
Sierra,2013,6,0.5801000000000001
Sacramento,2013,6,0.33525
Santa Barbara,2013,6,0.62055
Calaveras,2013,6,0.64285
Ventura,2013,6,0.43710000000000004
Los Angeles,2013,6,0.4808
Sonoma,2013,6,0.8401000000000001
Kings,2013,6,0.5899
San Diego,2013,6,0.36355000000000004
Placer,2013,6,0.8454
San Francisco,2013,6,
Marin,2013,6,0.553
Mariposa,2013,6,0.7167
Lassen,2013,6,0.41855000000000003
Napa,2013,6,0.6577000000000001
Shasta,2013,6,0.74865
Monterey,2013,6,0.25935
Trinity,2013,6,0.7412000000000001
Mendocino,2013,6,0.78595
Inyo,2013,6,0.1237
Mono,2013,6,0.1559
Tuolumne,2013,6,0.63425
Solano,2013,6,0.23125
San Bernardino,2013,6,0.07490000000000001
Contra Costa,2013,6,0.32355
Alpine,2013,6,0.49585
El Dorado,2013,6,0.7966500000000001
Yolo,2013,6,0.46390000000000003
Yuba,2013,6,0.46505
San Benito,2013,6,0.32235
Humboldt,2013,6,0.7967500000000001
Riverside,2013,6,0.08905
Kern,2013,6,0.1957
Colusa,2013,6,0.7482500000000001
Del Norte,2013,6,0.7775500000000001
Modoc,2013,6,0.2285
Fresno,2013,6,0.2924
Madera,2013,6,0.39785000000000004
Santa Clara,2013,6,0.38835000000000003
Tehama,2013,6,0.2669
San Joaquin,2013,6,0.33575
Alameda,2013,6,0.6834
Nevada,2013,6,0.79285
Butte,2013,6,0.39805
Merced,2013,6,0.65845
Tulare,2013,6,0.4712
Stanislaus,2013,6,0.5670000000000001
Orange,2013,6,0.38605
Imperial,2013,6,0.31275000000000003
Sutter,2013,6,0.769
Amador,2013,6,0.69465
Lake,2013,6,0.7585500000000001
Plumas,2013,6,0.74685
San Mateo,2013,6,0.7009000000000001
Siskiyou,2013,6,0.30705
Santa Cruz,2013,6,0.7461
Glenn,2013,6,0.2427
San Luis Obispo,2013,6,0.43065000000000003
Sierra,2013,7,0.61075
Sacramento,2013,7,0.3241
Santa Barbara,2013,7,0.6053000000000001
Calaveras,2013,7,0.62255
Ventura,2013,7,0.4092
Los Angeles,2013,7,0.4766
Sonoma,2013,7,0.8611000000000001
Kings,2013,7,0.8175
San Diego,2013,7,0.35265
Placer,2013,7,0.8388500000000001
San Francisco,2013,7,
Marin,2013,7,0.47090000000000004
Mariposa,2013,7,0.6858000000000001
Lassen,2013,7,0.40935000000000005
Napa,2013,7,0.6707000000000001
Shasta,2013,7,0.7074
Monterey,2013,7,0.24455000000000002
Trinity,2013,7,0.7653500000000001
Mendocino,2013,7,0.80755
Inyo,2013,7,0.13595000000000002
Mono,2013,7,0.19145
Tuolumne,2013,7,0.63615
Solano,2013,7,0.14545
San Bernardino,2013,7,0.077
Contra Costa,2013,7,0.31035
Alpine,2013,7,0.5076
El Dorado,2013,7,0.7897000000000001
Yolo,2013,7,0.4063
Yuba,2013,7,0.43495
San Benito,2013,7,0.30855
Humboldt,2013,7,0.7687
Riverside,2013,7,0.08685000000000001
Kern,2013,7,0.1925
Colusa,2013,7,0.7270500000000001
Del Norte,2013,7,0.7711
Modoc,2013,7,0.19885
Fresno,2013,7,0.3002
Madera,2013,7,0.37755
Santa Clara,2013,7,0.36685
Tehama,2013,7,0.24750000000000003
San Joaquin,2013,7,0.33380000000000004
Alameda,2013,7,0.6172000000000001
Nevada,2013,7,0.79505
Butte,2013,7,0.3552
Merced,2013,7,0.61965
Tulare,2013,7,0.43105000000000004
Stanislaus,2013,7,0.5952500000000001
Orange,2013,7,0.37485
Imperial,2013,7,0.3196
Sutter,2013,7,0.8885500000000001
Amador,2013,7,0.6521
Lake,2013,7,0.7516
Plumas,2013,7,0.7292500000000001
San Mateo,2013,7,0.6739
Siskiyou,2013,7,0.24295
Santa Cruz,2013,7,0.7584000000000001
Glenn,2013,7,0.21830000000000002
San Luis Obispo,2013,7,0.41925
Sierra,2013,8,0.61295
Sacramento,2013,8,0.32530000000000003
Santa Barbara,2013,8,0.6035
Calaveras,2013,8,0.61485
Ventura,2013,8,0.40635000000000004
Los Angeles,2013,8,0.44530000000000003
Sonoma,2013,8,0.83965
Kings,2013,8,0.76785
San Diego,2013,8,0.35445000000000004
Placer,2013,8,0.8212
San Francisco,2013,8,
Marin,2013,8,0.49595
Mariposa,2013,8,0.6848500000000001
Lassen,2013,8,0.37645
Napa,2013,8,0.65685
Shasta,2013,8,0.68965
Monterey,2013,8,0.2519
Trinity,2013,8,0.7707
Mendocino,2013,8,0.81525
Inyo,2013,8,0.12915000000000001
Mono,2013,8,0.14055
Tuolumne,2013,8,0.6106
Solano,2013,8,0.10755
San Bernardino,2013,8,0.08365
Contra Costa,2013,8,0.29555000000000003
Alpine,2013,8,0.4963
El Dorado,2013,8,0.76725
Yolo,2013,8,0.2685
Yuba,2013,8,0.4194
San Benito,2013,8,0.27985
Humboldt,2013,8,0.7458
Riverside,2013,8,0.10185000000000001
Kern,2013,8,0.19690000000000002
Colusa,2013,8,0.6594
Del Norte,2013,8,0.7878000000000001
Modoc,2013,8,0.19405
Fresno,2013,8,0.32145
Madera,2013,8,0.37285
Santa Clara,2013,8,0.3759
Tehama,2013,8,0.25705
San Joaquin,2013,8,0.3179
Alameda,2013,8,0.6323000000000001
Nevada,2013,8,0.7923
Butte,2013,8,0.35895
Merced,2013,8,0.49610000000000004
Tulare,2013,8,0.43370000000000003
Stanislaus,2013,8,0.5611
Orange,2013,8,0.3694
Imperial,2013,8,0.3488
Sutter,2013,8,0.80205
Amador,2013,8,0.64825
Lake,2013,8,0.7574000000000001
Plumas,2013,8,0.75305
San Mateo,2013,8,0.6303000000000001
Siskiyou,2013,8,0.24165
Santa Cruz,2013,8,0.7467
Glenn,2013,8,0.2046
San Luis Obispo,2013,8,0.42500000000000004
Sierra,2013,9,0.59645
Sacramento,2013,9,0.34995000000000004
Santa Barbara,2013,9,0.6067
Calaveras,2013,9,0.621
Ventura,2013,9,0.36465000000000003
Los Angeles,2013,9,0.43765000000000004
Sonoma,2013,9,0.8520000000000001
Kings,2013,9,0.6453
San Diego,2013,9,0.3543
Placer,2013,9,0.8191
San Francisco,2013,9,
Marin,2013,9,0.45035000000000003
Mariposa,2013,9,0.68025
Lassen,2013,9,0.3659
Napa,2013,9,0.65115
Shasta,2013,9,0.7201000000000001
Monterey,2013,9,0.25315
Trinity,2013,9,0.77785
Mendocino,2013,9,0.8319000000000001
Inyo,2013,9,0.1318
Mono,2013,9,0.11665
Tuolumne,2013,9,0.48705000000000004
Solano,2013,9,0.10545
San Bernardino,2013,9,0.08710000000000001
Contra Costa,2013,9,0.31375000000000003
Alpine,2013,9,0.506
El Dorado,2013,9,0.77175
Yolo,2013,9,0.2691
Yuba,2013,9,0.43715000000000004
San Benito,2013,9,0.2947
Humboldt,2013,9,0.7362500000000001
Riverside,2013,9,0.1661
Kern,2013,9,0.19655
Colusa,2013,9,0.42100000000000004
Del Norte,2013,9,0.79905
Modoc,2013,9,0.21215
Fresno,2013,9,0.29115
Madera,2013,9,0.37160000000000004
Santa Clara,2013,9,0.3603
Tehama,2013,9,0.2361
San Joaquin,2013,9,0.3114
Alameda,2013,9,0.6078
Nevada,2013,9,0.8033
Butte,2013,9,0.3638
Merced,2013,9,0.41050000000000003
Tulare,2013,9,0.4098
Stanislaus,2013,9,0.47300000000000003
Orange,2013,9,0.3502
Imperial,2013,9,0.27165
Sutter,2013,9,0.6153000000000001
Amador,2013,9,0.63795
Lake,2013,9,0.7424000000000001
Plumas,2013,9,0.7855500000000001
San Mateo,2013,9,0.5695
Siskiyou,2013,9,0.24595
Santa Cruz,2013,9,0.7503000000000001
Glenn,2013,9,0.21495
San Luis Obispo,2013,9,0.42345
Sierra,2013,10,0.6112000000000001
Sacramento,2013,10,0.33890000000000003
Santa Barbara,2013,10,0.6002000000000001
Calaveras,2013,10,0.6178
Ventura,2013,10,0.3422
Los Angeles,2013,10,0.4318
Sonoma,2013,10,0.8528
Kings,2013,10,0.343
San Diego,2013,10,0.37920000000000004
Placer,2013,10,0.7912
San Francisco,2013,10,
Marin,2013,10,0.46380000000000005
Mariposa,2013,10,0.6752
Lassen,2013,10,0.3623
Napa,2013,10,0.6305000000000001
Shasta,2013,10,0.6960000000000001
Monterey,2013,10,0.2461
Trinity,2013,10,0.7846000000000001
Mendocino,2013,10,0.8435
Inyo,2013,10,0.1341
Mono,2013,10,0.13520000000000001
Tuolumne,2013,10,0.5197
Solano,2013,10,0.13570000000000002
San Bernardino,2013,10,0.0722
Contra Costa,2013,10,0.3269
Alpine,2013,10,0.4958
El Dorado,2013,10,0.7836000000000001
Yolo,2013,10,0.2587
Yuba,2013,10,0.4433
San Benito,2013,10,0.3008
Humboldt,2013,10,0.7652
Riverside,2013,10,0.14070000000000002
Kern,2013,10,0.197
Colusa,2013,10,0.2741
Del Norte,2013,10,0.8150000000000001
Modoc,2013,10,0.2215
Fresno,2013,10,0.29250000000000004
Madera,2013,10,0.3768
Santa Clara,2013,10,0.3526
Tehama,2013,10,0.23070000000000002
San Joaquin,2013,10,0.2975
Alameda,2013,10,0.6134000000000001
Nevada,2013,10,0.7871
Butte,2013,10,0.37470000000000003
Merced,2013,10,0.4218
Tulare,2013,10,0.4166
Stanislaus,2013,10,0.506
Orange,2013,10,0.36260000000000003
Imperial,2013,10,0.4562
Sutter,2013,10,0.2726
Amador,2013,10,0.6475000000000001
Lake,2013,10,0.6812
Plumas,2013,10,0.7693
San Mateo,2013,10,0.5474
Siskiyou,2013,10,0.2441
Santa Cruz,2013,10,0.7604000000000001
Glenn,2013,10,0.2023
San Luis Obispo,2013,10,0.4273
Sierra,2013,11,0.6807000000000001
Sacramento,2013,11,0.33425
Santa Barbara,2013,11,0.6229
Calaveras,2013,11,0.6536000000000001
Ventura,2013,11,0.37010000000000004
Los Angeles,2013,11,0.43610000000000004
Sonoma,2013,11,0.87365
Kings,2013,11,0.25845
San Diego,2013,11,0.41335
Placer,2013,11,0.7634500000000001
San Francisco,2013,11,
Marin,2013,11,0.48155000000000003
Mariposa,2013,11,0.6706500000000001
Lassen,2013,11,0.40915
Napa,2013,11,0.6339
Shasta,2013,11,0.69045
Monterey,2013,11,0.25595
Trinity,2013,11,0.8167000000000001
Mendocino,2013,11,0.8758
Inyo,2013,11,0.1336
Mono,2013,11,0.0419
Tuolumne,2013,11,0.5710000000000001
Solano,2013,11,0.09230000000000001
San Bernardino,2013,11,0.07535
Contra Costa,2013,11,0.35595000000000004
Alpine,2013,11,0.58355
El Dorado,2013,11,0.7897500000000001
Yolo,2013,11,0.20770000000000002
Yuba,2013,11,0.44455
San Benito,2013,11,0.30775
Humboldt,2013,11,0.7818
Riverside,2013,11,0.1379
Kern,2013,11,0.20515
Colusa,2013,11,0.26265
Del Norte,2013,11,0.8045
Modoc,2013,11,0.2223
Fresno,2013,11,0.2992
Madera,2013,11,0.4042
Santa Clara,2013,11,0.33215
Tehama,2013,11,0.22915000000000002
San Joaquin,2013,11,0.30475
Alameda,2013,11,0.6195
Nevada,2013,11,0.8256
Butte,2013,11,0.369
Merced,2013,11,0.32435
Tulare,2013,11,0.43075
Stanislaus,2013,11,0.4954
Orange,2013,11,0.36810000000000004
Imperial,2013,11,0.56445
Sutter,2013,11,0.08360000000000001
Amador,2013,11,0.62155
Lake,2013,11,0.7301000000000001
Plumas,2013,11,0.7897500000000001
San Mateo,2013,11,0.52305
Siskiyou,2013,11,0.2218
Santa Cruz,2013,11,0.76285
Glenn,2013,11,0.19555
San Luis Obispo,2013,11,0.42160000000000003
Sierra,2013,12,0.3773
Sacramento,2013,12,0.4012
Santa Barbara,2013,12,0.6371
Calaveras,2013,12,0.6297
Ventura,2013,12,0.39530000000000004
Los Angeles,2013,12,0.48040000000000005
Sonoma,2013,12,0.8795000000000001
Kings,2013,12,0.15145
San Diego,2013,12,0.42935
Placer,2013,12,0.80505
San Francisco,2013,12,
Marin,2013,12,0.5402
Mariposa,2013,12,0.7049500000000001
Lassen,2013,12,0.41900000000000004
Napa,2013,12,0.6229
Shasta,2013,12,0.6815
Monterey,2013,12,0.2393
Trinity,2013,12,0.8064
Mendocino,2013,12,0.8619
Inyo,2013,12,0.1477
Mono,2013,12,0.0867
Tuolumne,2013,12,0.40950000000000003
Solano,2013,12,0.12645
San Bernardino,2013,12,0.07915
Contra Costa,2013,12,0.3452
Alpine,2013,12,0.25370000000000004
El Dorado,2013,12,0.8133
Yolo,2013,12,0.2869
Yuba,2013,12,0.45545
San Benito,2013,12,0.30225
Humboldt,2013,12,0.7535000000000001
Riverside,2013,12,0.12840000000000001
Kern,2013,12,0.2667
Colusa,2013,12,0.20485
Del Norte,2013,12,0.8173
Modoc,2013,12,0.25070000000000003
Fresno,2013,12,0.32255
Madera,2013,12,0.44670000000000004
Santa Clara,2013,12,0.3487
Tehama,2013,12,0.261
San Joaquin,2013,12,0.24345
Alameda,2013,12,0.61375
Nevada,2013,12,0.8349500000000001
Butte,2013,12,0.4456
Merced,2013,12,0.42610000000000003
Tulare,2013,12,0.4294
Stanislaus,2013,12,0.50395
Orange,2013,12,0.36135
Imperial,2013,12,0.5163
Sutter,2013,12,-0.1424
Amador,2013,12,0.6717000000000001
Lake,2013,12,0.71935
Plumas,2013,12,0.8068500000000001
San Mateo,2013,12,0.5076
Siskiyou,2013,12,0.2205
Santa Cruz,2013,12,0.76125
Glenn,2013,12,0.20325000000000001
San Luis Obispo,2013,12,0.45965
Sierra,2014,1,0.6102000000000001
Sacramento,2014,1,0.3532
Santa Barbara,2014,1,0.6304500000000001
Calaveras,2014,1,0.67705
Ventura,2014,1,0.33655
Los Angeles,2014,1,0.4429
Sonoma,2014,1,0.88585
Kings,2014,1,0.11735000000000001
San Diego,2014,1,0.4142
Placer,2014,1,0.7807000000000001
San Francisco,2014,1,
Marin,2014,1,0.5659500000000001
Mariposa,2014,1,0.7195
Lassen,2014,1,0.36355000000000004
Napa,2014,1,0.6252500000000001
Shasta,2014,1,0.65835
Monterey,2014,1,0.21780000000000002
Trinity,2014,1,0.8208000000000001
Mendocino,2014,1,0.8772500000000001
Inyo,2014,1,0.1429
Mono,2014,1,0.1376
Tuolumne,2014,1,0.51225
Solano,2014,1,0.09605000000000001
San Bernardino,2014,1,0.07390000000000001
Contra Costa,2014,1,0.33435000000000004
Alpine,2014,1,0.649
El Dorado,2014,1,0.7825000000000001
Yolo,2014,1,0.22125
Yuba,2014,1,0.42915000000000003
San Benito,2014,1,0.26875
Humboldt,2014,1,0.7458
Riverside,2014,1,0.12235
Kern,2014,1,0.2257
Colusa,2014,1,0.19490000000000002
Del Norte,2014,1,0.8107500000000001
Modoc,2014,1,0.2146
Fresno,2014,1,0.28700000000000003
Madera,2014,1,0.4445
Santa Clara,2014,1,0.35345000000000004
Tehama,2014,1,0.26130000000000003
San Joaquin,2014,1,0.25325000000000003
Alameda,2014,1,0.6042000000000001
Nevada,2014,1,0.7911
Butte,2014,1,0.4164
Merced,2014,1,0.2735
Tulare,2014,1,0.41650000000000004
Stanislaus,2014,1,0.48835
Orange,2014,1,0.34715
Imperial,2014,1,0.6174000000000001
Sutter,2014,1,-0.10335000000000001
Amador,2014,1,0.64025
Lake,2014,1,0.6892
Plumas,2014,1,0.80035
San Mateo,2014,1,0.4849
Siskiyou,2014,1,0.20720000000000002
Santa Cruz,2014,1,0.7503000000000001
Glenn,2014,1,0.18065
San Luis Obispo,2014,1,0.43825000000000003
Sierra,2014,2,0.2149
Sacramento,2014,2,0.40015
Santa Barbara,2014,2,0.5715
Calaveras,2014,2,0.6314000000000001
Ventura,2014,2,0.3476
Los Angeles,2014,2,0.4748
Sonoma,2014,2,0.8695
Kings,2014,2,0.133
San Diego,2014,2,0.40540000000000004
Placer,2014,2,0.7525000000000001
San Francisco,2014,2,
Marin,2014,2,0.6194000000000001
Mariposa,2014,2,0.6778000000000001
Lassen,2014,2,0.36755000000000004
Napa,2014,2,0.6015
Shasta,2014,2,0.6707000000000001
Monterey,2014,2,0.24695
Trinity,2014,2,0.7962
Mendocino,2014,2,0.81465
Inyo,2014,2,0.15755
Mono,2014,2,0.0703
Tuolumne,2014,2,0.5192
Solano,2014,2,0.17535
San Bernardino,2014,2,0.0775
Contra Costa,2014,2,0.4012
Alpine,2014,2,0.11520000000000001
El Dorado,2014,2,0.7806000000000001
Yolo,2014,2,0.2696
Yuba,2014,2,0.51515
San Benito,2014,2,0.3069
Humboldt,2014,2,0.5637
Riverside,2014,2,0.12095
Kern,2014,2,0.21330000000000002
Colusa,2014,2,0.20695000000000002
Del Norte,2014,2,0.8058000000000001
Modoc,2014,2,0.24435
Fresno,2014,2,0.31355
Madera,2014,2,0.50885
Santa Clara,2014,2,0.39295
Tehama,2014,2,0.34025
San Joaquin,2014,2,0.29335
Alameda,2014,2,0.65105
Nevada,2014,2,0.79515
Butte,2014,2,0.51765
Merced,2014,2,0.5242
Tulare,2014,2,0.47425
Stanislaus,2014,2,0.5226500000000001
Orange,2014,2,0.34465
Imperial,2014,2,0.5777
Sutter,2014,2,0.2548
Amador,2014,2,0.65825
Lake,2014,2,0.66685
Plumas,2014,2,0.7595500000000001
San Mateo,2014,2,0.5247
Siskiyou,2014,2,0.23550000000000001
Santa Cruz,2014,2,0.7393000000000001
Glenn,2014,2,0.2223
San Luis Obispo,2014,2,0.41365
Sierra,2014,3,0.30535
Sacramento,2014,3,0.5341
Santa Barbara,2014,3,0.6133000000000001
Calaveras,2014,3,0.6486000000000001
Ventura,2014,3,0.4636
Los Angeles,2014,3,0.49205000000000004
Sonoma,2014,3,0.86145
Kings,2014,3,0.1207
San Diego,2014,3,0.4383
Placer,2014,3,0.77285
San Francisco,2014,3,
Marin,2014,3,0.7385
Mariposa,2014,3,0.6766500000000001
Lassen,2014,3,0.3875
Napa,2014,3,0.68045
Shasta,2014,3,0.6701
Monterey,2014,3,0.40165
Trinity,2014,3,0.7905000000000001
Mendocino,2014,3,0.82665
Inyo,2014,3,0.203
Mono,2014,3,0.08020000000000001
Tuolumne,2014,3,0.521
Solano,2014,3,0.29875
San Bernardino,2014,3,0.07665000000000001
Contra Costa,2014,3,0.41265
Alpine,2014,3,0.26425000000000004
El Dorado,2014,3,0.7682
Yolo,2014,3,0.49250000000000005
Yuba,2014,3,0.70265
San Benito,2014,3,0.4786
Humboldt,2014,3,0.7179500000000001
Riverside,2014,3,0.11205000000000001
Kern,2014,3,0.19495
Colusa,2014,3,0.29245
Del Norte,2014,3,0.7579
Modoc,2014,3,0.23670000000000002
Fresno,2014,3,0.40405
Madera,2014,3,0.6532
Santa Clara,2014,3,0.5226500000000001
Tehama,2014,3,0.56465
San Joaquin,2014,3,0.44285
Alameda,2014,3,0.7148
Nevada,2014,3,0.80145
Butte,2014,3,0.69265
Merced,2014,3,0.6062000000000001
Tulare,2014,3,0.65505
Stanislaus,2014,3,0.5986
Orange,2014,3,0.3423
Imperial,2014,3,0.44565000000000005
Sutter,2014,3,0.29315
Amador,2014,3,0.7055
Lake,2014,3,0.69675
Plumas,2014,3,0.76175
San Mateo,2014,3,0.6447
Siskiyou,2014,3,0.31015000000000004
Santa Cruz,2014,3,0.7433000000000001
Glenn,2014,3,0.46765
San Luis Obispo,2014,3,0.43795
Sierra,2014,4,0.2831
Sacramento,2014,4,0.55245
Santa Barbara,2014,4,0.70265
Calaveras,2014,4,0.69725
Ventura,2014,4,0.5977
Los Angeles,2014,4,0.51565
Sonoma,2014,4,0.84965
Kings,2014,4,0.14070000000000002
San Diego,2014,4,0.40195000000000003
Placer,2014,4,0.7957000000000001
San Francisco,2014,4,
Marin,2014,4,0.77685
Mariposa,2014,4,0.7112
Lassen,2014,4,0.35575
Napa,2014,4,0.74055
Shasta,2014,4,0.74145
Monterey,2014,4,0.5326000000000001
Trinity,2014,4,0.75165
Mendocino,2014,4,0.8041
Inyo,2014,4,0.21610000000000001
Mono,2014,4,0.10880000000000001
Tuolumne,2014,4,0.5075000000000001
Solano,2014,4,0.5183
San Bernardino,2014,4,0.0795
Contra Costa,2014,4,0.46105
Alpine,2014,4,0.32135
El Dorado,2014,4,0.7433500000000001
Yolo,2014,4,0.5167
Yuba,2014,4,0.6898000000000001
San Benito,2014,4,0.5757
Humboldt,2014,4,0.789
Riverside,2014,4,0.1033
Kern,2014,4,0.19935
Colusa,2014,4,0.2728
Del Norte,2014,4,0.77735
Modoc,2014,4,0.23950000000000002
Fresno,2014,4,0.33915
Madera,2014,4,0.5727
Santa Clara,2014,4,0.65705
Tehama,2014,4,0.6249
San Joaquin,2014,4,0.40940000000000004
Alameda,2014,4,0.73595
Nevada,2014,4,0.7434000000000001
Butte,2014,4,0.5788
Merced,2014,4,0.5521
Tulare,2014,4,0.6518
Stanislaus,2014,4,0.6023000000000001
Orange,2014,4,0.3879
Imperial,2014,4,0.5658000000000001
Sutter,2014,4,0.2571
Amador,2014,4,0.6868000000000001
Lake,2014,4,0.73055
Plumas,2014,4,0.73
San Mateo,2014,4,0.7423000000000001
Siskiyou,2014,4,0.34205
Santa Cruz,2014,4,0.7471
Glenn,2014,4,0.60675
San Luis Obispo,2014,4,0.50665
Sierra,2014,5,0.5065000000000001
Sacramento,2014,5,0.4143
Santa Barbara,2014,5,0.6764
Calaveras,2014,5,0.6671
Ventura,2014,5,0.51325
Los Angeles,2014,5,0.5509000000000001
Sonoma,2014,5,0.8123
Kings,2014,5,0.2366
San Diego,2014,5,0.36925
Placer,2014,5,0.8082
San Francisco,2014,5,
Marin,2014,5,0.6459
Mariposa,2014,5,0.68845
Lassen,2014,5,0.39195
Napa,2014,5,0.6686000000000001
Shasta,2014,5,0.7298
Monterey,2014,5,0.29200000000000004
Trinity,2014,5,0.7282500000000001
Mendocino,2014,5,0.7917000000000001
Inyo,2014,5,0.16825
Mono,2014,5,0.1502
Tuolumne,2014,5,0.4993
Solano,2014,5,0.12095
San Bernardino,2014,5,0.0753
Contra Costa,2014,5,0.36610000000000004
Alpine,2014,5,0.50095
El Dorado,2014,5,0.7689
Yolo,2014,5,0.51195
Yuba,2014,5,0.52575
San Benito,2014,5,0.37345
Humboldt,2014,5,0.7787000000000001
Riverside,2014,5,0.0978
Kern,2014,5,0.1675
Colusa,2014,5,0.2431
Del Norte,2014,5,0.7434000000000001
Modoc,2014,5,0.22985
Fresno,2014,5,0.31720000000000004
Madera,2014,5,0.42010000000000003
Santa Clara,2014,5,0.49115000000000003
Tehama,2014,5,0.3815
San Joaquin,2014,5,0.3291
Alameda,2014,5,0.66835
Nevada,2014,5,0.7601
Butte,2014,5,0.47235000000000005
Merced,2014,5,0.4524
Tulare,2014,5,0.5089
Stanislaus,2014,5,0.5710500000000001
Orange,2014,5,0.3672
Imperial,2014,5,0.5547000000000001
Sutter,2014,5,0.2013
Amador,2014,5,0.67625
Lake,2014,5,0.7457
Plumas,2014,5,0.6901
San Mateo,2014,5,0.7487
Siskiyou,2014,5,0.3517
Santa Cruz,2014,5,0.7464500000000001
Glenn,2014,5,0.32270000000000004
San Luis Obispo,2014,5,0.45295
Sierra,2014,6,0.5683
Sacramento,2014,6,0.3206
Santa Barbara,2014,6,0.6117
Calaveras,2014,6,0.5679000000000001
Ventura,2014,6,0.4605
Los Angeles,2014,6,0.5027
Sonoma,2014,6,0.8278500000000001
Kings,2014,6,0.54395
San Diego,2014,6,0.3367
Placer,2014,6,0.80435
San Francisco,2014,6,
Marin,2014,6,0.5079
Mariposa,2014,6,0.6539
Lassen,2014,6,0.3809
Napa,2014,6,0.6318
Shasta,2014,6,0.7152000000000001
Monterey,2014,6,0.27285000000000004
Trinity,2014,6,0.76605
Mendocino,2014,6,0.7887500000000001
Inyo,2014,6,0.14655
Mono,2014,6,0.19255
Tuolumne,2014,6,0.4995
Solano,2014,6,0.1695
San Bernardino,2014,6,0.0732
Contra Costa,2014,6,0.32680000000000003
Alpine,2014,6,0.49805000000000005
El Dorado,2014,6,0.7721
Yolo,2014,6,0.5629500000000001
Yuba,2014,6,0.4218
San Benito,2014,6,0.3057
Humboldt,2014,6,0.7724500000000001
Riverside,2014,6,0.0998
Kern,2014,6,0.1526
Colusa,2014,6,0.3128
Del Norte,2014,6,0.7663000000000001
Modoc,2014,6,0.19875
Fresno,2014,6,0.27
Madera,2014,6,0.37110000000000004
Santa Clara,2014,6,0.33765
Tehama,2014,6,0.24750000000000003
San Joaquin,2014,6,0.31415000000000004
Alameda,2014,6,0.5812
Nevada,2014,6,0.77485
Butte,2014,6,0.38780000000000003
Merced,2014,6,0.46685000000000004
Tulare,2014,6,0.4066
Stanislaus,2014,6,0.60355
Orange,2014,6,0.3808
Imperial,2014,6,0.40785000000000005
Sutter,2014,6,0.69225
Amador,2014,6,0.6215
Lake,2014,6,0.7444500000000001
Plumas,2014,6,0.7040500000000001
San Mateo,2014,6,0.65545
Siskiyou,2014,6,0.2897
Santa Cruz,2014,6,0.7372000000000001
Glenn,2014,6,0.22360000000000002
San Luis Obispo,2014,6,0.41155
Sierra,2014,7,0.6243000000000001
Sacramento,2014,7,0.3287
Santa Barbara,2014,7,0.6102000000000001
Calaveras,2014,7,0.5817
Ventura,2014,7,0.41445000000000004
Los Angeles,2014,7,0.46630000000000005
Sonoma,2014,7,0.83665
Kings,2014,7,0.73485
San Diego,2014,7,0.30185
Placer,2014,7,0.82865
San Francisco,2014,7,
Marin,2014,7,0.50905
Mariposa,2014,7,0.6464500000000001
Lassen,2014,7,0.35810000000000003
Napa,2014,7,0.60405
Shasta,2014,7,0.6841
Monterey,2014,7,0.26555
Trinity,2014,7,0.7647
Mendocino,2014,7,0.8048500000000001
Inyo,2014,7,0.14925
Mono,2014,7,0.17725000000000002
Tuolumne,2014,7,0.5536
Solano,2014,7,0.1827
San Bernardino,2014,7,0.0886
Contra Costa,2014,7,0.2725
Alpine,2014,7,0.5362
El Dorado,2014,7,0.7745000000000001
Yolo,2014,7,0.3795
Yuba,2014,7,0.40575
San Benito,2014,7,0.2969
Humboldt,2014,7,0.7377
Riverside,2014,7,0.10865000000000001
Kern,2014,7,0.15760000000000002
Colusa,2014,7,0.47875
Del Norte,2014,7,0.74555
Modoc,2014,7,0.2046
Fresno,2014,7,0.28240000000000004
Madera,2014,7,0.35935
Santa Clara,2014,7,0.34095000000000003
Tehama,2014,7,0.25255
San Joaquin,2014,7,0.29200000000000004
Alameda,2014,7,0.58185
Nevada,2014,7,0.8057000000000001
Butte,2014,7,0.3635
Merced,2014,7,0.59435
Tulare,2014,7,0.38685
Stanislaus,2014,7,0.6297
Orange,2014,7,0.3678
Imperial,2014,7,0.33935000000000004
Sutter,2014,7,0.88
Amador,2014,7,0.6271
Lake,2014,7,0.73355
Plumas,2014,7,0.7405
San Mateo,2014,7,0.6045
Siskiyou,2014,7,0.2346
Santa Cruz,2014,7,0.7754500000000001
Glenn,2014,7,0.2136
San Luis Obispo,2014,7,0.40700000000000003
Sierra,2014,8,0.60095
Sacramento,2014,8,0.32915
Santa Barbara,2014,8,0.61755
Calaveras,2014,8,0.5737
Ventura,2014,8,0.39280000000000004
Los Angeles,2014,8,0.47305
Sonoma,2014,8,0.83125
Kings,2014,8,0.54905
San Diego,2014,8,0.37485
Placer,2014,8,0.80545
San Francisco,2014,8,
Marin,2014,8,0.51565
Mariposa,2014,8,0.6114
Lassen,2014,8,0.34435
Napa,2014,8,0.6131
Shasta,2014,8,0.682
Monterey,2014,8,0.25630000000000003
Trinity,2014,8,0.76885
Mendocino,2014,8,0.83655
Inyo,2014,8,0.1442
Mono,2014,8,0.1681
Tuolumne,2014,8,0.5286000000000001
Solano,2014,8,0.16965
San Bernardino,2014,8,0.08175
Contra Costa,2014,8,0.259
Alpine,2014,8,0.4884
El Dorado,2014,8,0.7653500000000001
Yolo,2014,8,0.31370000000000003
Yuba,2014,8,0.4197
San Benito,2014,8,0.27975
Humboldt,2014,8,0.70365
Riverside,2014,8,0.1
Kern,2014,8,0.1584
Colusa,2014,8,0.4893
Del Norte,2014,8,0.7596
Modoc,2014,8,0.18665
Fresno,2014,8,0.27665
Madera,2014,8,0.33340000000000003
Santa Clara,2014,8,0.3425
Tehama,2014,8,0.23700000000000002
San Joaquin,2014,8,0.3155
Alameda,2014,8,0.5581
Nevada,2014,8,0.802
Butte,2014,8,0.34035000000000004
Merced,2014,8,0.4778
Tulare,2014,8,0.38255
Stanislaus,2014,8,0.4828
Orange,2014,8,0.3708
Imperial,2014,8,0.33130000000000004
Sutter,2014,8,0.8434
Amador,2014,8,0.6243000000000001
Lake,2014,8,0.73155
Plumas,2014,8,0.7205
San Mateo,2014,8,0.57465
Siskiyou,2014,8,0.23135
Santa Cruz,2014,8,0.7434000000000001
Glenn,2014,8,0.19945000000000002
San Luis Obispo,2014,8,0.4045
Sierra,2014,9,0.5997
Sacramento,2014,9,0.35065
Santa Barbara,2014,9,0.5995
Calaveras,2014,9,0.55755
Ventura,2014,9,0.38280000000000003
Los Angeles,2014,9,0.45265
Sonoma,2014,9,0.83925
Kings,2014,9,0.2731
San Diego,2014,9,0.3687
Placer,2014,9,0.81125
San Francisco,2014,9,
Marin,2014,9,0.47245000000000004
Mariposa,2014,9,0.6144000000000001
Lassen,2014,9,0.3514
Napa,2014,9,0.6161
Shasta,2014,9,0.6821
Monterey,2014,9,0.2531
Trinity,2014,9,0.79425
Mendocino,2014,9,0.83435
Inyo,2014,9,0.14485
Mono,2014,9,0.15085
Tuolumne,2014,9,0.5487000000000001
Solano,2014,9,0.1009
San Bernardino,2014,9,0.0867
Contra Costa,2014,9,0.2952
Alpine,2014,9,0.5084500000000001
El Dorado,2014,9,0.41055
Yolo,2014,9,0.28765
Yuba,2014,9,0.396
San Benito,2014,9,0.29710000000000003
Humboldt,2014,9,0.6896
Riverside,2014,9,0.0951
Kern,2014,9,0.15925
Colusa,2014,9,0.34335000000000004
Del Norte,2014,9,0.7674500000000001
Modoc,2014,9,0.18675
Fresno,2014,9,0.30305000000000004
Madera,2014,9,0.34605
Santa Clara,2014,9,0.35275
Tehama,2014,9,0.3033
San Joaquin,2014,9,0.2868
Alameda,2014,9,0.5577
Nevada,2014,9,0.81705
Butte,2014,9,0.34690000000000004
Merced,2014,9,0.5044500000000001
Tulare,2014,9,0.38620000000000004
Stanislaus,2014,9,0.5007
Orange,2014,9,0.3815
Imperial,2014,9,0.32725000000000004
Sutter,2014,9,0.67035
Amador,2014,9,0.601
Lake,2014,9,0.7323000000000001
Plumas,2014,9,0.7271500000000001
San Mateo,2014,9,0.5282
Siskiyou,2014,9,0.25685
Santa Cruz,2014,9,0.7321500000000001
Glenn,2014,9,0.20335
San Luis Obispo,2014,9,0.42350000000000004
Sierra,2014,10,0.6812
Sacramento,2014,10,0.35900000000000004
Santa Barbara,2014,10,0.6272
Calaveras,2014,10,0.5839
Ventura,2014,10,0.3846
Los Angeles,2014,10,0.49910000000000004
Sonoma,2014,10,0.8486
Kings,2014,10,0.1207
San Diego,2014,10,0.396
Placer,2014,10,0.7658
San Francisco,2014,10,
Marin,2014,10,0.4862
Mariposa,2014,10,0.6404000000000001
Lassen,2014,10,0.38230000000000003
Napa,2014,10,0.621
Shasta,2014,10,0.7514000000000001
Monterey,2014,10,0.2601
Trinity,2014,10,0.8195
Mendocino,2014,10,0.87
Inyo,2014,10,0.1384
Mono,2014,10,0.1557
Tuolumne,2014,10,0.5467000000000001
Solano,2014,10,0.1106
San Bernardino,2014,10,0.0748
Contra Costa,2014,10,0.18610000000000002
Alpine,2014,10,0.48910000000000003
El Dorado,2014,10,0.38170000000000004
Yolo,2014,10,0.3205
Yuba,2014,10,0.41400000000000003
San Benito,2014,10,0.2984
Humboldt,2014,10,0.7506
Riverside,2014,10,0.1027
Kern,2014,10,0.17
Colusa,2014,10,0.2531
Del Norte,2014,10,0.8155
Modoc,2014,10,0.2013
Fresno,2014,10,0.26230000000000003
Madera,2014,10,0.3483
Santa Clara,2014,10,0.33280000000000004
Tehama,2014,10,0.5168
San Joaquin,2014,10,0.3014
Alameda,2014,10,0.5103
Nevada,2014,10,0.8263
Butte,2014,10,0.36960000000000004
Merced,2014,10,0.3415
Tulare,2014,10,0.37460000000000004
Stanislaus,2014,10,0.43820000000000003
Orange,2014,10,0.39640000000000003
Imperial,2014,10,0.41850000000000004
Sutter,2014,10,0.4607
Amador,2014,10,0.6347
Lake,2014,10,0.7369
Plumas,2014,10,0.7926000000000001
San Mateo,2014,10,0.5449
Siskiyou,2014,10,0.45840000000000003
Santa Cruz,2014,10,0.7558
Glenn,2014,10,0.22870000000000001
San Luis Obispo,2014,10,0.4238
Sierra,2014,11,0.68835
Sacramento,2014,11,0.38870000000000005
Santa Barbara,2014,11,0.63805
Calaveras,2014,11,0.5890500000000001
Ventura,2014,11,0.43395
Los Angeles,2014,11,0.51395
Sonoma,2014,11,0.79015
Kings,2014,11,0.068
San Diego,2014,11,0.3438
Placer,2014,11,0.7614000000000001
San Francisco,2014,11,
Marin,2014,11,0.6244500000000001
Mariposa,2014,11,0.66035
Lassen,2014,11,0.4
Napa,2014,11,0.6322
Shasta,2014,11,0.6726000000000001
Monterey,2014,11,0.312
Trinity,2014,11,0.8033
Mendocino,2014,11,0.8435
Inyo,2014,11,0.1501
Mono,2014,11,0.17415
Tuolumne,2014,11,0.5964
Solano,2014,11,0.06620000000000001
San Bernardino,2014,11,0.07690000000000001
Contra Costa,2014,11,0.38115000000000004
Alpine,2014,11,0.5879
El Dorado,2014,11,0.44115000000000004
Yolo,2014,11,0.3316
Yuba,2014,11,0.48395000000000005
San Benito,2014,11,0.3519
Humboldt,2014,11,0.76815
Riverside,2014,11,0.09820000000000001
Kern,2014,11,0.1832
Colusa,2014,11,0.19935
Del Norte,2014,11,0.7956500000000001
Modoc,2014,11,0.24465
Fresno,2014,11,0.35150000000000003
Madera,2014,11,0.49285
Santa Clara,2014,11,0.4344
Tehama,2014,11,0.604
San Joaquin,2014,11,0.2818
Alameda,2014,11,0.5675
Nevada,2014,11,0.8189000000000001
Butte,2014,11,0.52415
Merced,2014,11,0.4909
Tulare,2014,11,0.47545000000000004
Stanislaus,2014,11,0.512
Orange,2014,11,0.3759
Imperial,2014,11,0.30810000000000004
Sutter,2014,11,0.22790000000000002
Amador,2014,11,0.66045
Lake,2014,11,0.6861
Plumas,2014,11,0.7475
San Mateo,2014,11,0.5713
Siskiyou,2014,11,0.64295
Santa Cruz,2014,11,0.7661
Glenn,2014,11,0.2335
San Luis Obispo,2014,11,0.47350000000000003
Sierra,2014,12,0.1119
Sacramento,2014,12,0.5879500000000001
Santa Barbara,2014,12,0.65135
Calaveras,2014,12,0.62765
Ventura,2014,12,0.4383
Los Angeles,2014,12,0.49645
Sonoma,2014,12,0.7436
Kings,2014,12,0.136
San Diego,2014,12,0.41745000000000004
Placer,2014,12,0.5599000000000001
San Francisco,2014,12,
Marin,2014,12,0.7323500000000001
Mariposa,2014,12,0.6049
Lassen,2014,12,0.24780000000000002
Napa,2014,12,0.6684
Shasta,2014,12,0.6622
Monterey,2014,12,0.53115
Trinity,2014,12,0.41485
Mendocino,2014,12,0.5265000000000001
Inyo,2014,12,0.15065
Mono,2014,12,0.028800000000000003
Tuolumne,2014,12,0.3017
Solano,2014,12,0.31705
San Bernardino,2014,12,0.07635
Contra Costa,2014,12,0.4853
Alpine,2014,12,0.1958
El Dorado,2014,12,0.4451
Yolo,2014,12,0.38635
Yuba,2014,12,0.3433
San Benito,2014,12,0.5305
Humboldt,2014,12,0.6072500000000001
Riverside,2014,12,0.0999
Kern,2014,12,0.23705
Colusa,2014,12,0.3151
Del Norte,2014,12,0.82555
Modoc,2014,12,0.14245
Fresno,2014,12,0.58775
Madera,2014,12,0.6456000000000001
Santa Clara,2014,12,0.5891000000000001
Tehama,2014,12,0.5702
San Joaquin,2014,12,0.3803
Alameda,2014,12,0.67345
Nevada,2014,12,0.83135
Butte,2014,12,0.67825
Merced,2014,12,0.57355
Tulare,2014,12,0.61205
Stanislaus,2014,12,0.63005
Orange,2014,12,0.41235
Imperial,2014,12,0.49975
Sutter,2014,12,0.20945
Amador,2014,12,0.72495
Lake,2014,12,0.47855000000000003
Plumas,2014,12,0.47775
San Mateo,2014,12,0.6484500000000001
Siskiyou,2014,12,0.52925
Santa Cruz,2014,12,0.7789
Glenn,2014,12,0.48300000000000004
San Luis Obispo,2014,12,0.5296000000000001
Sierra,2015,1,0.20655
Sacramento,2015,1,0.5537000000000001
Santa Barbara,2015,1,0.67495
Calaveras,2015,1,0.6367
Ventura,2015,1,0.57335
Los Angeles,2015,1,0.5177
Sonoma,2015,1,0.86675
Kings,2015,1,0.08855
San Diego,2015,1,0.4424
Placer,2015,1,0.7797000000000001
San Francisco,2015,1,
Marin,2015,1,0.7019500000000001
Mariposa,2015,1,0.6771
Lassen,2015,1,0.42715000000000003
Napa,2015,1,0.69455
Shasta,2015,1,0.6383
Monterey,2015,1,0.6698000000000001
Trinity,2015,1,0.8250000000000001
Mendocino,2015,1,0.8764500000000001
Inyo,2015,1,0.14120000000000002
Mono,2015,1,0.14445
Tuolumne,2015,1,0.5917
Solano,2015,1,0.23505
San Bernardino,2015,1,0.084
Contra Costa,2015,1,0.44565000000000005
Alpine,2015,1,0.24335
El Dorado,2015,1,0.3432
Yolo,2015,1,0.33495
Yuba,2015,1,0.56135
San Benito,2015,1,0.6183500000000001
Humboldt,2015,1,0.74255
Riverside,2015,1,0.09380000000000001
Kern,2015,1,0.4208
Colusa,2015,1,0.25225000000000003
Del Norte,2015,1,0.795
Modoc,2015,1,0.29425
Fresno,2015,1,0.58775
Madera,2015,1,0.63185
Santa Clara,2015,1,0.5992500000000001
Tehama,2015,1,0.64025
San Joaquin,2015,1,0.402
Alameda,2015,1,0.6913
Nevada,2015,1,0.83275
Butte,2015,1,0.6624
Merced,2015,1,0.37695
Tulare,2015,1,0.61795
Stanislaus,2015,1,0.5773
Orange,2015,1,0.38630000000000003
Imperial,2015,1,0.61555
Sutter,2015,1,0.30385
Amador,2015,1,0.7012
Lake,2015,1,0.73095
Plumas,2015,1,0.79925
San Mateo,2015,1,0.6315000000000001
Siskiyou,2015,1,0.6042000000000001
Santa Cruz,2015,1,0.7726500000000001
Glenn,2015,1,0.467
San Luis Obispo,2015,1,0.5589000000000001
Sierra,2015,2,0.41595000000000004
Sacramento,2015,2,0.5941500000000001
Santa Barbara,2015,2,0.70535
Calaveras,2015,2,0.6427
Ventura,2015,2,0.66795
Los Angeles,2015,2,0.59575
Sonoma,2015,2,0.84875
Kings,2015,2,0.1526
San Diego,2015,2,0.51825
Placer,2015,2,0.69535
San Francisco,2015,2,
Marin,2015,2,0.7637
Mariposa,2015,2,0.6174000000000001
Lassen,2015,2,0.39025000000000004
Napa,2015,2,0.7092
Shasta,2015,2,0.6814
Monterey,2015,2,0.77975
Trinity,2015,2,0.79625
Mendocino,2015,2,0.85675
Inyo,2015,2,0.17755
Mono,2015,2,0.09715
Tuolumne,2015,2,0.6135
Solano,2015,2,0.31095
San Bernardino,2015,2,0.0855
Contra Costa,2015,2,0.55665
Alpine,2015,2,0.433
El Dorado,2015,2,0.42500000000000004
Yolo,2015,2,0.5272
Yuba,2015,2,0.63515
San Benito,2015,2,0.7167
Humboldt,2015,2,0.7859
Riverside,2015,2,0.08835
Kern,2015,2,0.56535
Colusa,2015,2,0.3775
Del Norte,2015,2,0.7825000000000001
Modoc,2015,2,0.29510000000000003
Fresno,2015,2,0.5730500000000001
Madera,2015,2,0.64725
Santa Clara,2015,2,0.6648000000000001
Tehama,2015,2,0.6839000000000001
San Joaquin,2015,2,0.38270000000000004
Alameda,2015,2,0.7324
Nevada,2015,2,0.7455
Butte,2015,2,0.6778500000000001
Merced,2015,2,0.45940000000000003
Tulare,2015,2,0.6621
Stanislaus,2015,2,0.52725
Orange,2015,2,0.42095000000000005
Imperial,2015,2,0.6946
Sutter,2015,2,0.31120000000000003
Amador,2015,2,0.7069500000000001
Lake,2015,2,0.71525
Plumas,2015,2,0.7469
San Mateo,2015,2,0.6855
Siskiyou,2015,2,0.5838
Santa Cruz,2015,2,0.7727
Glenn,2015,2,0.6248
San Luis Obispo,2015,2,0.5889
Sierra,2015,3,0.4465
Sacramento,2015,3,0.55
Santa Barbara,2015,3,0.6837500000000001
Calaveras,2015,3,0.6609
Ventura,2015,3,0.6182500000000001
Los Angeles,2015,3,0.61905
Sonoma,2015,3,0.84265
Kings,2015,3,0.1242
San Diego,2015,3,0.51035
Placer,2015,3,0.7836000000000001
San Francisco,2015,3,
Marin,2015,3,0.71875
Mariposa,2015,3,0.66625
Lassen,2015,3,0.36310000000000003
Napa,2015,3,0.7270500000000001
Shasta,2015,3,0.6781
Monterey,2015,3,0.5402
Trinity,2015,3,0.742
Mendocino,2015,3,0.8501500000000001
Inyo,2015,3,0.21465
Mono,2015,3,0.10455
Tuolumne,2015,3,0.5194
Solano,2015,3,0.19965000000000002
San Bernardino,2015,3,0.0902
Contra Costa,2015,3,0.5252
Alpine,2015,3,0.3231
El Dorado,2015,3,0.34395000000000003
Yolo,2015,3,0.39790000000000003
Yuba,2015,3,0.70555
San Benito,2015,3,0.6129
Humboldt,2015,3,0.79095
Riverside,2015,3,0.09125
Kern,2015,3,0.40775
Colusa,2015,3,0.46455
Del Norte,2015,3,0.77975
Modoc,2015,3,0.25165
Fresno,2015,3,0.4766
Madera,2015,3,0.64065
Santa Clara,2015,3,0.7408
Tehama,2015,3,0.6135
San Joaquin,2015,3,0.37625000000000003
Alameda,2015,3,0.73945
Nevada,2015,3,0.7729
Butte,2015,3,0.7179500000000001
Merced,2015,3,0.49670000000000003
Tulare,2015,3,0.6989000000000001
Stanislaus,2015,3,0.5563
Orange,2015,3,0.39840000000000003
Imperial,2015,3,0.5867
Sutter,2015,3,0.2571
Amador,2015,3,0.6906
Lake,2015,3,0.7266
Plumas,2015,3,0.74105
San Mateo,2015,3,0.7268
Siskiyou,2015,3,0.65375
Santa Cruz,2015,3,0.7664500000000001
Glenn,2015,3,0.62965
San Luis Obispo,2015,3,0.5739500000000001
Sierra,2015,4,0.6153000000000001
Sacramento,2015,4,0.5161
Santa Barbara,2015,4,0.66335
Calaveras,2015,4,0.67105
Ventura,2015,4,0.5117
Los Angeles,2015,4,0.52695
Sonoma,2015,4,0.8325
Kings,2015,4,0.18845
San Diego,2015,4,0.4308
Placer,2015,4,0.8149000000000001
San Francisco,2015,4,
Marin,2015,4,0.7038
Mariposa,2015,4,0.7002
Lassen,2015,4,0.38920000000000005
Napa,2015,4,0.6970000000000001
Shasta,2015,4,0.7475
Monterey,2015,4,0.3446
Trinity,2015,4,0.7533500000000001
Mendocino,2015,4,0.805
Inyo,2015,4,0.1761
Mono,2015,4,0.11645000000000001
Tuolumne,2015,4,0.5609000000000001
Solano,2015,4,0.29860000000000003
San Bernardino,2015,4,0.08635000000000001
Contra Costa,2015,4,0.4433
Alpine,2015,4,0.44325000000000003
El Dorado,2015,4,0.35435
Yolo,2015,4,0.3987
Yuba,2015,4,0.6417
San Benito,2015,4,0.4389
Humboldt,2015,4,0.79645
Riverside,2015,4,0.0979
Kern,2015,4,0.24595
Colusa,2015,4,0.2328
Del Norte,2015,4,0.7329
Modoc,2015,4,0.25405
Fresno,2015,4,0.30985
Madera,2015,4,0.5019
Santa Clara,2015,4,0.6516500000000001
Tehama,2015,4,0.48995
San Joaquin,2015,4,0.36775
Alameda,2015,4,0.7100500000000001
Nevada,2015,4,0.78185
Butte,2015,4,0.61705
Merced,2015,4,0.32715
Tulare,2015,4,0.5698500000000001
Stanislaus,2015,4,0.55525
Orange,2015,4,0.38795
Imperial,2015,4,0.4932
Sutter,2015,4,0.24530000000000002
Amador,2015,4,0.71445
Lake,2015,4,0.7699
Plumas,2015,4,0.6939500000000001
San Mateo,2015,4,0.7535000000000001
Siskiyou,2015,4,0.4859
Santa Cruz,2015,4,0.7695000000000001
Glenn,2015,4,0.4696
San Luis Obispo,2015,4,0.52405
Sierra,2015,5,0.5813
Sacramento,2015,5,0.3693
Santa Barbara,2015,5,0.66825
Calaveras,2015,5,0.6417
Ventura,2015,5,0.4474
Los Angeles,2015,5,0.46515
Sonoma,2015,5,0.83645
Kings,2015,5,0.5972000000000001
San Diego,2015,5,0.4348
Placer,2015,5,0.83125
San Francisco,2015,5,
Marin,2015,5,0.61965
Mariposa,2015,5,0.7003
Lassen,2015,5,0.42735
Napa,2015,5,0.6621
Shasta,2015,5,0.7242500000000001
Monterey,2015,5,0.28385
Trinity,2015,5,0.7305
Mendocino,2015,5,0.7843
Inyo,2015,5,0.1668
Mono,2015,5,0.12905
Tuolumne,2015,5,0.62095
Solano,2015,5,0.325
San Bernardino,2015,5,0.09140000000000001
Contra Costa,2015,5,0.34185000000000004
Alpine,2015,5,0.5205000000000001
El Dorado,2015,5,0.44065000000000004
Yolo,2015,5,0.5296500000000001
Yuba,2015,5,0.5061
San Benito,2015,5,0.35605000000000003
Humboldt,2015,5,0.7982
Riverside,2015,5,0.0884
Kern,2015,5,0.2093
Colusa,2015,5,0.38765
Del Norte,2015,5,0.7625500000000001
Modoc,2015,5,0.26780000000000004
Fresno,2015,5,0.30285
Madera,2015,5,0.4273
Santa Clara,2015,5,0.49605000000000005
Tehama,2015,5,0.35635
San Joaquin,2015,5,0.33705
Alameda,2015,5,0.6576500000000001
Nevada,2015,5,0.7615000000000001
Butte,2015,5,0.4521
Merced,2015,5,0.5181
Tulare,2015,5,0.4652
Stanislaus,2015,5,0.59635
Orange,2015,5,0.37025
Imperial,2015,5,0.257
Sutter,2015,5,0.27985
Amador,2015,5,0.7196
Lake,2015,5,0.7481
Plumas,2015,5,0.6969500000000001
San Mateo,2015,5,0.6655500000000001
Siskiyou,2015,5,0.42815000000000003
Santa Cruz,2015,5,0.7754000000000001
Glenn,2015,5,0.29410000000000003
San Luis Obispo,2015,5,0.44775000000000004
Sierra,2015,6,0.59965
Sacramento,2015,6,0.32680000000000003
Santa Barbara,2015,6,0.6152000000000001
Calaveras,2015,6,0.5670000000000001
Ventura,2015,6,0.4671
Los Angeles,2015,6,0.47355
Sonoma,2015,6,0.8137000000000001
Kings,2015,6,0.4637
San Diego,2015,6,0.3654
Placer,2015,6,0.8071
San Francisco,2015,6,
Marin,2015,6,0.4919
Mariposa,2015,6,0.6723
Lassen,2015,6,0.40485000000000004
Napa,2015,6,0.6437
Shasta,2015,6,0.7029500000000001
Monterey,2015,6,0.2645
Trinity,2015,6,0.7651
Mendocino,2015,6,0.8135
Inyo,2015,6,0.1433
Mono,2015,6,0.17605
Tuolumne,2015,6,0.57775
Solano,2015,6,0.1321
San Bernardino,2015,6,0.08420000000000001
Contra Costa,2015,6,0.26530000000000004
Alpine,2015,6,0.54135
El Dorado,2015,6,0.39795
Yolo,2015,6,0.4586
Yuba,2015,6,0.4404
San Benito,2015,6,0.2847
Humboldt,2015,6,0.76315
Riverside,2015,6,0.07930000000000001
Kern,2015,6,0.18855
Colusa,2015,6,0.52945
Del Norte,2015,6,0.75095
Modoc,2015,6,0.24015
Fresno,2015,6,0.29585
Madera,2015,6,0.3664
Santa Clara,2015,6,0.40025
Tehama,2015,6,0.28625
San Joaquin,2015,6,0.28485
Alameda,2015,6,0.6461
Nevada,2015,6,0.78745
Butte,2015,6,0.37295
Merced,2015,6,0.5455
Tulare,2015,6,0.39525000000000005
Stanislaus,2015,6,0.60385
Orange,2015,6,0.37175
Imperial,2015,6,0.2696
Sutter,2015,6,0.6692
Amador,2015,6,0.6861
Lake,2015,6,0.7179
Plumas,2015,6,0.7158
San Mateo,2015,6,0.67605
Siskiyou,2015,6,0.33925
Santa Cruz,2015,6,0.754
Glenn,2015,6,0.23405
San Luis Obispo,2015,6,0.4007
Sierra,2015,7,0.65615
Sacramento,2015,7,0.29475
Santa Barbara,2015,7,0.61205
Calaveras,2015,7,0.55525
Ventura,2015,7,0.42455000000000004
Los Angeles,2015,7,0.42985
Sonoma,2015,7,0.8482000000000001
Kings,2015,7,0.198
San Diego,2015,7,0.36755000000000004
Placer,2015,7,0.8271000000000001
San Francisco,2015,7,
Marin,2015,7,0.5176000000000001
Mariposa,2015,7,0.65635
Lassen,2015,7,0.38620000000000004
Napa,2015,7,0.6228
Shasta,2015,7,0.65905
Monterey,2015,7,0.2485
Trinity,2015,7,0.76495
Mendocino,2015,7,0.8379000000000001
Inyo,2015,7,0.1376
Mono,2015,7,0.26205
Tuolumne,2015,7,0.6137
Solano,2015,7,0.17045000000000002
San Bernardino,2015,7,0.08375
Contra Costa,2015,7,0.30975
Alpine,2015,7,0.4919
El Dorado,2015,7,0.41100000000000003
Yolo,2015,7,0.35810000000000003
Yuba,2015,7,0.42705000000000004
San Benito,2015,7,0.27535000000000004
Humboldt,2015,7,0.7694000000000001
Riverside,2015,7,0.09005
Kern,2015,7,0.1849
Colusa,2015,7,0.5178
Del Norte,2015,7,0.7594500000000001
Modoc,2015,7,0.1973
Fresno,2015,7,0.2869
Madera,2015,7,0.3514
Santa Clara,2015,7,0.36310000000000003
Tehama,2015,7,0.28315
San Joaquin,2015,7,0.28650000000000003
Alameda,2015,7,0.6216
Nevada,2015,7,0.79825
Butte,2015,7,0.367
Merced,2015,7,0.64125
Tulare,2015,7,0.38235
Stanislaus,2015,7,0.5602
Orange,2015,7,0.40645000000000003
Imperial,2015,7,0.20375000000000001
Sutter,2015,7,0.8685
Amador,2015,7,0.68535
Lake,2015,7,0.75375
Plumas,2015,7,0.7241500000000001
San Mateo,2015,7,0.5508500000000001
Siskiyou,2015,7,0.34490000000000004
Santa Cruz,2015,7,0.7664500000000001
Glenn,2015,7,0.22710000000000002
San Luis Obispo,2015,7,0.3945
Sierra,2015,8,0.62405
Sacramento,2015,8,0.3029
Santa Barbara,2015,8,0.6001000000000001
Calaveras,2015,8,0.5658500000000001
Ventura,2015,8,0.34665
Los Angeles,2015,8,0.44010000000000005
Sonoma,2015,8,0.8311000000000001
Kings,2015,8,0.10625000000000001
San Diego,2015,8,0.36210000000000003
Placer,2015,8,0.8123
San Francisco,2015,8,
Marin,2015,8,0.45285000000000003
Mariposa,2015,8,0.6108
Lassen,2015,8,0.35095000000000004
Napa,2015,8,0.617
Shasta,2015,8,0.68865
Monterey,2015,8,0.24865
Trinity,2015,8,0.7097
Mendocino,2015,8,0.81315
Inyo,2015,8,0.1333
Mono,2015,8,0.20565
Tuolumne,2015,8,0.5770500000000001
Solano,2015,8,0.10985
San Bernardino,2015,8,0.0884
Contra Costa,2015,8,0.278
Alpine,2015,8,0.5517000000000001
El Dorado,2015,8,0.40645000000000003
Yolo,2015,8,0.278
Yuba,2015,8,0.40950000000000003
San Benito,2015,8,0.28055
Humboldt,2015,8,0.7402500000000001
Riverside,2015,8,0.08585000000000001
Kern,2015,8,0.17170000000000002
Colusa,2015,8,0.27935
Del Norte,2015,8,0.72745
Modoc,2015,8,0.19365000000000002
Fresno,2015,8,0.27775
Madera,2015,8,0.32980000000000004
Santa Clara,2015,8,0.37685
Tehama,2015,8,0.2854
San Joaquin,2015,8,0.26735000000000003
Alameda,2015,8,0.60875
Nevada,2015,8,0.803
Butte,2015,8,0.34375
Merced,2015,8,0.6022000000000001
Tulare,2015,8,0.36110000000000003
Stanislaus,2015,8,0.5796
Orange,2015,8,0.3599
Imperial,2015,8,0.1756
Sutter,2015,8,0.7173
Amador,2015,8,0.6475000000000001
Lake,2015,8,0.72065
Plumas,2015,8,0.7418
San Mateo,2015,8,0.57965
Siskiyou,2015,8,0.34005
Santa Cruz,2015,8,0.71255
Glenn,2015,8,0.21845
San Luis Obispo,2015,8,0.3955
Sierra,2015,9,0.6373500000000001
Sacramento,2015,9,0.3267
Santa Barbara,2015,9,0.61095
Calaveras,2015,9,0.22495
Ventura,2015,9,0.3841
Los Angeles,2015,9,0.45375000000000004
Sonoma,2015,9,0.8187500000000001
Kings,2015,9,0.0511
San Diego,2015,9,0.3962
Placer,2015,9,0.7924
San Francisco,2015,9,
Marin,2015,9,0.4848
Mariposa,2015,9,0.62015
Lassen,2015,9,0.3508
Napa,2015,9,0.62815
Shasta,2015,9,0.6847000000000001
Monterey,2015,9,0.26
Trinity,2015,9,0.7614000000000001
Mendocino,2015,9,0.8315
Inyo,2015,9,0.13415000000000002
Mono,2015,9,0.1801
Tuolumne,2015,9,0.58755
Solano,2015,9,0.12715
San Bernardino,2015,9,0.09325
Contra Costa,2015,9,0.29425
Alpine,2015,9,0.5024000000000001
El Dorado,2015,9,0.4073
Yolo,2015,9,0.2
Yuba,2015,9,0.4172
San Benito,2015,9,0.28255
Humboldt,2015,9,0.7412000000000001
Riverside,2015,9,0.0886
Kern,2015,9,0.1859
Colusa,2015,9,0.21465
Del Norte,2015,9,0.6842
Modoc,2015,9,0.1971
Fresno,2015,9,0.29265
Madera,2015,9,0.35335
Santa Clara,2015,9,0.3738
Tehama,2015,9,0.28635
San Joaquin,2015,9,0.2745
Alameda,2015,9,0.5879
Nevada,2015,9,0.8290000000000001
Butte,2015,9,0.3382
Merced,2015,9,0.44525000000000003
Tulare,2015,9,0.366
Stanislaus,2015,9,0.45130000000000003
Orange,2015,9,0.39435000000000003
Imperial,2015,9,0.22215000000000001
Sutter,2015,9,0.54865
Amador,2015,9,0.7034
Lake,2015,9,0.7188
Plumas,2015,9,0.7642
San Mateo,2015,9,0.52295
Siskiyou,2015,9,0.321
Santa Cruz,2015,9,0.7333000000000001
Glenn,2015,9,0.22135000000000002
San Luis Obispo,2015,9,0.40475
Sierra,2015,10,0.6311
Sacramento,2015,10,0.3375
Santa Barbara,2015,10,0.5827
Calaveras,2015,10,0.2127
Ventura,2015,10,0.4481
Los Angeles,2015,10,0.49810000000000004
Sonoma,2015,10,0.8574
Kings,2015,10,0.137
San Diego,2015,10,0.47600000000000003
Placer,2015,10,0.7837000000000001
San Francisco,2015,10,
Marin,2015,10,0.4681
Mariposa,2015,10,0.6049
Lassen,2015,10,0.3549
Napa,2015,10,0.6028
Shasta,2015,10,0.6939000000000001
Monterey,2015,10,0.2479
Trinity,2015,10,0.7865000000000001
Mendocino,2015,10,0.8511000000000001
Inyo,2015,10,0.1421
Mono,2015,10,0.1632
Tuolumne,2015,10,0.5802
Solano,2015,10,0.0713
San Bernardino,2015,10,0.08710000000000001
Contra Costa,2015,10,0.22690000000000002
Alpine,2015,10,0.49050000000000005
El Dorado,2015,10,0.40840000000000004
Yolo,2015,10,0.1951
Yuba,2015,10,0.4038
San Benito,2015,10,0.2816
Humboldt,2015,10,0.7250000000000001
Riverside,2015,10,0.0874
Kern,2015,10,0.21350000000000002
Colusa,2015,10,0.20600000000000002
Del Norte,2015,10,0.6814
Modoc,2015,10,0.1746
Fresno,2015,10,0.32270000000000004
Madera,2015,10,0.3441
Santa Clara,2015,10,0.3766
Tehama,2015,10,0.28200000000000003
San Joaquin,2015,10,0.2831
Alameda,2015,10,0.5099
Nevada,2015,10,0.7916000000000001
Butte,2015,10,0.33990000000000004
Merced,2015,10,0.35710000000000003
Tulare,2015,10,0.5104000000000001
Stanislaus,2015,10,0.4126
Orange,2015,10,0.39840000000000003
Imperial,2015,10,0.2581
Sutter,2015,10,0.3089
Amador,2015,10,0.7206
Lake,2015,10,0.7178
Plumas,2015,10,0.8134
San Mateo,2015,10,0.4948
Siskiyou,2015,10,0.2874
Santa Cruz,2015,10,0.7828
Glenn,2015,10,0.23370000000000002
San Luis Obispo,2015,10,0.4383
Sierra,2015,11,0.33330000000000004
Sacramento,2015,11,0.36945
Santa Barbara,2015,11,0.59935
Calaveras,2015,11,0.34095000000000003
Ventura,2015,11,0.36635
Los Angeles,2015,11,0.48145000000000004
Sonoma,2015,11,0.7817000000000001
Kings,2015,11,0.16425
San Diego,2015,11,0.45480000000000004
Placer,2015,11,0.72475
San Francisco,2015,11,
Marin,2015,11,0.51405
Mariposa,2015,11,0.6104
Lassen,2015,11,0.21055000000000001
Napa,2015,11,0.60695
Shasta,2015,11,0.70855
Monterey,2015,11,0.31175
Trinity,2015,11,0.7835500000000001
Mendocino,2015,11,0.8819
Inyo,2015,11,0.16290000000000002
Mono,2015,11,0.1071
Tuolumne,2015,11,0.38120000000000004
Solano,2015,11,0.15080000000000002
San Bernardino,2015,11,0.09215000000000001
Contra Costa,2015,11,0.37055
Alpine,2015,11,0.5184500000000001
El Dorado,2015,11,0.4646
Yolo,2015,11,0.21580000000000002
Yuba,2015,11,0.46095
San Benito,2015,11,0.3461
Humboldt,2015,11,0.76365
Riverside,2015,11,0.08605
Kern,2015,11,0.30335
Colusa,2015,11,0.20095000000000002
Del Norte,2015,11,0.69845
Modoc,2015,11,0.26080000000000003
Fresno,2015,11,0.34365
Madera,2015,11,0.402
Santa Clara,2015,11,0.4053
Tehama,2015,11,0.32975000000000004
San Joaquin,2015,11,0.3131
Alameda,2015,11,0.59945
Nevada,2015,11,0.82445
Butte,2015,11,0.42905000000000004
Merced,2015,11,0.31625000000000003
Tulare,2015,11,0.48305000000000003
Stanislaus,2015,11,0.46195
Orange,2015,11,0.3405
Imperial,2015,11,0.2384
Sutter,2015,11,0.14365
Amador,2015,11,0.7008500000000001
Lake,2015,11,0.7059500000000001
Plumas,2015,11,0.78645
San Mateo,2015,11,0.5247
Siskiyou,2015,11,0.2801
Santa Cruz,2015,11,0.7609
Glenn,2015,11,0.22035000000000002
San Luis Obispo,2015,11,0.44475000000000003
Sierra,2015,12,0.32965
Sacramento,2015,12,0.47640000000000005
Santa Barbara,2015,12,0.6013000000000001
Calaveras,2015,12,0.29785
Ventura,2015,12,0.37425
Los Angeles,2015,12,0.51165
Sonoma,2015,12,0.8698
Kings,2015,12,0.15385000000000001
San Diego,2015,12,0.47625
Placer,2015,12,0.8445
San Francisco,2015,12,
Marin,2015,12,0.6872
Mariposa,2015,12,0.5297000000000001
Lassen,2015,12,0.055600000000000004
Napa,2015,12,0.6833
Shasta,2015,12,0.7069000000000001
Monterey,2015,12,0.52435
Trinity,2015,12,0.4786
Mendocino,2015,12,0.87155
Inyo,2015,12,0.17370000000000002
Mono,2015,12,0.06695000000000001
Tuolumne,2015,12,0.15545
Solano,2015,12,0.2861
San Bernardino,2015,12,0.08755
Contra Costa,2015,12,0.4531
Alpine,2015,12,0.14020000000000002
El Dorado,2015,12,0.49685
Yolo,2015,12,0.22925
Yuba,2015,12,0.5575
San Benito,2015,12,0.55765
Humboldt,2015,12,0.6856
Riverside,2015,12,0.10045000000000001
Kern,2015,12,0.5982500000000001
Colusa,2015,12,0.2005
Del Norte,2015,12,0.6655500000000001
Modoc,2015,12,-0.004350000000000001
Fresno,2015,12,0.5466500000000001
Madera,2015,12,0.61615
Santa Clara,2015,12,0.5569500000000001
Tehama,2015,12,0.42350000000000004
San Joaquin,2015,12,0.3342
Alameda,2015,12,0.66095
Nevada,2015,12,0.78225
Butte,2015,12,0.5723
Merced,2015,12,0.55565
Tulare,2015,12,0.6656500000000001
Stanislaus,2015,12,0.5535
Orange,2015,12,0.39225000000000004
Imperial,2015,12,0.3645
Sutter,2015,12,0.2505
Amador,2015,12,0.77075
Lake,2015,12,0.7144
Plumas,2015,12,0.30670000000000003
San Mateo,2015,12,0.60255
Siskiyou,2015,12,0.26775
Santa Cruz,2015,12,0.72565
Glenn,2015,12,0.30805
San Luis Obispo,2015,12,0.5135000000000001
Sierra,2016,1,0.112
Sacramento,2016,1,0.51795
Santa Barbara,2016,1,0.59295
Calaveras,2016,1,0.32695
Ventura,2016,1,0.44530000000000003
Los Angeles,2016,1,0.4879
Sonoma,2016,1,0.8361000000000001
Kings,2016,1,0.16685
San Diego,2016,1,0.4839
Placer,2016,1,0.7981
San Francisco,2016,1,
Marin,2016,1,0.7074
Mariposa,2016,1,0.6607500000000001
Lassen,2016,1,0.0269
Napa,2016,1,0.6273000000000001
Shasta,2016,1,0.6873
Monterey,2016,1,0.6397
Trinity,2016,1,0.69855
Mendocino,2016,1,0.8308000000000001
Inyo,2016,1,0.16770000000000002
Mono,2016,1,0.035250000000000004
Tuolumne,2016,1,0.10645
Solano,2016,1,0.23625000000000002
San Bernardino,2016,1,0.07955000000000001
Contra Costa,2016,1,0.44805
Alpine,2016,1,0.14305
El Dorado,2016,1,0.4983
Yolo,2016,1,0.47675
Yuba,2016,1,0.606
San Benito,2016,1,0.654
Humboldt,2016,1,0.5598000000000001
Riverside,2016,1,0.09630000000000001
Kern,2016,1,0.7089500000000001
Colusa,2016,1,0.22555
Del Norte,2016,1,0.6647500000000001
Modoc,2016,1,-0.0002
Fresno,2016,1,0.54445
Madera,2016,1,0.5921000000000001
Santa Clara,2016,1,0.59465
Tehama,2016,1,0.5221
San Joaquin,2016,1,0.38075000000000003
Alameda,2016,1,0.6848500000000001
Nevada,2016,1,0.6822
Butte,2016,1,0.58145
Merced,2016,1,0.5366500000000001
Tulare,2016,1,0.627
Stanislaus,2016,1,0.6969500000000001
Orange,2016,1,0.38855
Imperial,2016,1,0.6732
Sutter,2016,1,0.20765
Amador,2016,1,0.7593000000000001
Lake,2016,1,0.38395
Plumas,2016,1,0.3647
San Mateo,2016,1,0.6193000000000001
Siskiyou,2016,1,0.30910000000000004
Santa Cruz,2016,1,0.47505000000000003
Glenn,2016,1,0.51625
San Luis Obispo,2016,1,0.49445
Sierra,2016,2,0.17220000000000002
Sacramento,2016,2,0.606
Santa Barbara,2016,2,0.6665
Calaveras,2016,2,0.30575
Ventura,2016,2,0.57685
Los Angeles,2016,2,0.5627
Sonoma,2016,2,0.85265
Kings,2016,2,0.15395
San Diego,2016,2,0.50765
Placer,2016,2,0.7548
San Francisco,2016,2,
Marin,2016,2,0.6980000000000001
Mariposa,2016,2,0.56405
Lassen,2016,2,0.1275
Napa,2016,2,0.6342
Shasta,2016,2,0.6111
Monterey,2016,2,0.7000500000000001
Trinity,2016,2,0.5548500000000001
Mendocino,2016,2,0.58255
Inyo,2016,2,0.23065000000000002
Mono,2016,2,0.08120000000000001
Tuolumne,2016,2,0.20625000000000002
Solano,2016,2,0.33840000000000003
San Bernardino,2016,2,0.08635000000000001
Contra Costa,2016,2,0.5351
Alpine,2016,2,0.134
El Dorado,2016,2,0.4524
Yolo,2016,2,0.4762
Yuba,2016,2,0.67195
San Benito,2016,2,0.6634
Humboldt,2016,2,0.78005
Riverside,2016,2,0.10265
Kern,2016,2,0.7721
Colusa,2016,2,0.35165
Del Norte,2016,2,0.6696500000000001
Modoc,2016,2,0.32320000000000004
Fresno,2016,2,0.5143
Madera,2016,2,0.69225
Santa Clara,2016,2,0.7291000000000001
Tehama,2016,2,0.5888
San Joaquin,2016,2,0.5071
Alameda,2016,2,0.69925
Nevada,2016,2,0.8207
Butte,2016,2,0.6442
Merced,2016,2,0.61175
Tulare,2016,2,0.71445
Stanislaus,2016,2,0.6319
Orange,2016,2,0.35365
Imperial,2016,2,0.5425
Sutter,2016,2,0.32845
Amador,2016,2,0.6833
Lake,2016,2,0.71425
Plumas,2016,2,0.5643
San Mateo,2016,2,0.62965
Siskiyou,2016,2,0.35245000000000004
Santa Cruz,2016,2,0.7423000000000001
Glenn,2016,2,0.61865
San Luis Obispo,2016,2,0.5414
Sierra,2016,3,0.14625000000000002
Sacramento,2016,3,0.6388
Santa Barbara,2016,3,0.7183
Calaveras,2016,3,0.3614
Ventura,2016,3,0.69115
Los Angeles,2016,3,0.62115
Sonoma,2016,3,0.81225
Kings,2016,3,0.11675
San Diego,2016,3,0.533
Placer,2016,3,0.7805000000000001
San Francisco,2016,3,
Marin,2016,3,0.7696000000000001
Mariposa,2016,3,0.5786
Lassen,2016,3,0.3426
Napa,2016,3,0.72475
Shasta,2016,3,0.69715
Monterey,2016,3,0.65005
Trinity,2016,3,0.74805
Mendocino,2016,3,0.8523000000000001
Inyo,2016,3,0.2611
Mono,2016,3,0.08460000000000001
Tuolumne,2016,3,0.2974
Solano,2016,3,0.3373
San Bernardino,2016,3,0.0805
Contra Costa,2016,3,0.50295
Alpine,2016,3,0.1456
El Dorado,2016,3,0.45945
Yolo,2016,3,0.57175
Yuba,2016,3,0.7210000000000001
San Benito,2016,3,0.7561
Humboldt,2016,3,0.7706000000000001
Riverside,2016,3,0.11325
Kern,2016,3,0.5256500000000001
Colusa,2016,3,0.49615000000000004
Del Norte,2016,3,0.66605
Modoc,2016,3,0.325
Fresno,2016,3,0.49645
Madera,2016,3,0.73605
Santa Clara,2016,3,0.75085
Tehama,2016,3,0.68865
San Joaquin,2016,3,0.4551
Alameda,2016,3,0.7139500000000001
Nevada,2016,3,0.78415
Butte,2016,3,0.71775
Merced,2016,3,0.5438500000000001
Tulare,2016,3,0.7657
Stanislaus,2016,3,0.7118
Orange,2016,3,0.3632
Imperial,2016,3,0.638
Sutter,2016,3,0.395
Amador,2016,3,0.7230500000000001
Lake,2016,3,0.68125
Plumas,2016,3,0.69445
San Mateo,2016,3,0.7364
Siskiyou,2016,3,0.48210000000000003
Santa Cruz,2016,3,0.755
Glenn,2016,3,0.7221000000000001
San Luis Obispo,2016,3,0.5941000000000001
Sierra,2016,4,0.23655
Sacramento,2016,4,0.55015
Santa Barbara,2016,4,0.7062
Calaveras,2016,4,0.4436
Ventura,2016,4,0.5999
Los Angeles,2016,4,0.6104
Sonoma,2016,4,0.75465
Kings,2016,4,0.15425
San Diego,2016,4,0.48375
Placer,2016,4,0.79415
San Francisco,2016,4,
Marin,2016,4,0.7885000000000001
Mariposa,2016,4,0.65735
Lassen,2016,4,0.38485
Napa,2016,4,0.7491
Shasta,2016,4,0.7343000000000001
Monterey,2016,4,0.47125
Trinity,2016,4,0.77285
Mendocino,2016,4,0.80515
Inyo,2016,4,0.24070000000000003
Mono,2016,4,0.15755
Tuolumne,2016,4,0.56015
Solano,2016,4,0.2235
San Bernardino,2016,4,0.08595
Contra Costa,2016,4,0.5075500000000001
Alpine,2016,4,0.16515000000000002
El Dorado,2016,4,0.5710000000000001
Yolo,2016,4,0.44920000000000004
Yuba,2016,4,0.6952
San Benito,2016,4,0.70025
Humboldt,2016,4,0.7667
Riverside,2016,4,0.10045000000000001
Kern,2016,4,0.2674
Colusa,2016,4,0.39535000000000003
Del Norte,2016,4,0.62505
Modoc,2016,4,0.3154
Fresno,2016,4,0.39975
Madera,2016,4,0.6659
Santa Clara,2016,4,0.7493500000000001
Tehama,2016,4,0.64305
San Joaquin,2016,4,0.4006
Alameda,2016,4,0.7822
Nevada,2016,4,0.7832
Butte,2016,4,0.63775
Merced,2016,4,0.42365
Tulare,2016,4,0.7253000000000001
Stanislaus,2016,4,0.58965
Orange,2016,4,0.39130000000000004
Imperial,2016,4,0.71875
Sutter,2016,4,0.2781
Amador,2016,4,0.7361500000000001
Lake,2016,4,0.7716000000000001
Plumas,2016,4,0.69305
San Mateo,2016,4,0.78695
Siskiyou,2016,4,0.5628000000000001
Santa Cruz,2016,4,0.7516
Glenn,2016,4,0.6083500000000001
San Luis Obispo,2016,4,0.5761000000000001
Sierra,2016,5,0.44755
Sacramento,2016,5,0.393
Santa Barbara,2016,5,0.678
Calaveras,2016,5,0.398
Ventura,2016,5,0.5424
Los Angeles,2016,5,0.54045
Sonoma,2016,5,0.85155
Kings,2016,5,0.35215
San Diego,2016,5,0.4698
Placer,2016,5,0.81835
San Francisco,2016,5,
Marin,2016,5,0.66895
Mariposa,2016,5,0.6899500000000001
Lassen,2016,5,0.43175
Napa,2016,5,0.71045
Shasta,2016,5,0.7581
Monterey,2016,5,0.2914
Trinity,2016,5,0.7077
Mendocino,2016,5,0.80745
Inyo,2016,5,0.1709
Mono,2016,5,0.18895
Tuolumne,2016,5,0.5668500000000001
Solano,2016,5,0.18630000000000002
San Bernardino,2016,5,0.08195000000000001
Contra Costa,2016,5,0.42410000000000003
Alpine,2016,5,0.4385
El Dorado,2016,5,0.6194000000000001
Yolo,2016,5,0.39880000000000004
Yuba,2016,5,0.5547000000000001
San Benito,2016,5,0.4806
Humboldt,2016,5,0.8048000000000001
Riverside,2016,5,0.08645
Kern,2016,5,0.2295
Colusa,2016,5,0.23835
Del Norte,2016,5,0.6112000000000001
Modoc,2016,5,0.26895
Fresno,2016,5,0.33180000000000004
Madera,2016,5,0.49115000000000003
Santa Clara,2016,5,0.5639500000000001
Tehama,2016,5,0.4717
San Joaquin,2016,5,0.3276
Alameda,2016,5,0.7125
Nevada,2016,5,0.7454000000000001
Butte,2016,5,0.4923
Merced,2016,5,0.33915
Tulare,2016,5,0.56045
Stanislaus,2016,5,0.5187
Orange,2016,5,0.3024
Imperial,2016,5,0.5976
Sutter,2016,5,0.18295
Amador,2016,5,0.7161500000000001
Lake,2016,5,0.7674500000000001
Plumas,2016,5,0.6759000000000001
San Mateo,2016,5,0.7816000000000001
Siskiyou,2016,5,0.51615
Santa Cruz,2016,5,0.773
Glenn,2016,5,0.36405000000000004
San Luis Obispo,2016,5,0.47495000000000004
Sierra,2016,6,0.60685
Sacramento,2016,6,0.30770000000000003
Santa Barbara,2016,6,0.62215
Calaveras,2016,6,0.3315
Ventura,2016,6,0.41255000000000003
Los Angeles,2016,6,0.49035
Sonoma,2016,6,0.84685
Kings,2016,6,0.5685
San Diego,2016,6,0.39715
Placer,2016,6,0.8321500000000001
San Francisco,2016,6,
Marin,2016,6,0.53955
Mariposa,2016,6,0.654
Lassen,2016,6,0.4253
Napa,2016,6,0.64415
Shasta,2016,6,0.7635000000000001
Monterey,2016,6,0.2587
Trinity,2016,6,0.72835
Mendocino,2016,6,0.8016500000000001
Inyo,2016,6,0.1506
Mono,2016,6,0.25620000000000004
Tuolumne,2016,6,0.6033000000000001
Solano,2016,6,0.15255000000000002
San Bernardino,2016,6,0.0821
Contra Costa,2016,6,0.2821
Alpine,2016,6,0.4746
El Dorado,2016,6,0.5751000000000001
Yolo,2016,6,0.46635000000000004
Yuba,2016,6,0.42760000000000004
San Benito,2016,6,0.3347
Humboldt,2016,6,0.7817000000000001
Riverside,2016,6,0.0818
Kern,2016,6,0.20520000000000002
Colusa,2016,6,0.3062
Del Norte,2016,6,0.62075
Modoc,2016,6,0.22795
Fresno,2016,6,0.30945
Madera,2016,6,0.3798
Santa Clara,2016,6,0.40605
Tehama,2016,6,0.28785
San Joaquin,2016,6,0.31265000000000004
Alameda,2016,6,0.6194000000000001
Nevada,2016,6,0.79315
Butte,2016,6,0.36505000000000004
Merced,2016,6,0.3672
Tulare,2016,6,0.40850000000000003
Stanislaus,2016,6,0.5702
Orange,2016,6,0.33385000000000004
Imperial,2016,6,0.57785
Sutter,2016,6,0.77915
Amador,2016,6,0.7023
Lake,2016,6,0.76485
Plumas,2016,6,0.70925
San Mateo,2016,6,0.6861
Siskiyou,2016,6,0.37015000000000003
Santa Cruz,2016,6,0.76195
Glenn,2016,6,0.2258
San Luis Obispo,2016,6,0.41955000000000003
Sierra,2016,7,0.6172500000000001
Sacramento,2016,7,0.312
Santa Barbara,2016,7,0.6011000000000001
Calaveras,2016,7,0.34635
Ventura,2016,7,0.36665000000000003
Los Angeles,2016,7,0.43760000000000004
Sonoma,2016,7,0.8488
Kings,2016,7,0.6051000000000001
San Diego,2016,7,0.3687
Placer,2016,7,0.8237500000000001
San Francisco,2016,7,
Marin,2016,7,0.5405
Mariposa,2016,7,0.6444500000000001
Lassen,2016,7,0.40845000000000004
Napa,2016,7,0.64
Shasta,2016,7,0.7199
Monterey,2016,7,0.25120000000000003
Trinity,2016,7,0.74185
Mendocino,2016,7,0.8238000000000001
Inyo,2016,7,0.1466
Mono,2016,7,0.22305
Tuolumne,2016,7,0.5884
Solano,2016,7,0.15505000000000002
San Bernardino,2016,7,0.081
Contra Costa,2016,7,0.27825
Alpine,2016,7,0.49400000000000005
El Dorado,2016,7,0.47465
Yolo,2016,7,0.373
Yuba,2016,7,0.4273
San Benito,2016,7,0.32085
Humboldt,2016,7,0.7584000000000001
Riverside,2016,7,0.08995
Kern,2016,7,0.2
Colusa,2016,7,0.28515
Del Norte,2016,7,0.5938
Modoc,2016,7,0.1956
Fresno,2016,7,0.31370000000000003
Madera,2016,7,0.34885
Santa Clara,2016,7,0.36710000000000004
Tehama,2016,7,0.25075000000000003
San Joaquin,2016,7,0.30360000000000004
Alameda,2016,7,0.6159
Nevada,2016,7,0.79625
Butte,2016,7,0.33085000000000003
Merced,2016,7,0.5609500000000001
Tulare,2016,7,0.3734
Stanislaus,2016,7,0.6229
Orange,2016,7,0.36410000000000003
Imperial,2016,7,0.34290000000000004
Sutter,2016,7,0.8705
Amador,2016,7,0.62255
Lake,2016,7,0.7496
Plumas,2016,7,0.7285
San Mateo,2016,7,0.6446000000000001
Siskiyou,2016,7,0.28700000000000003
Santa Cruz,2016,7,0.76175
Glenn,2016,7,0.19940000000000002
San Luis Obispo,2016,7,0.39315
Sierra,2016,8,0.6119
Sacramento,2016,8,0.3022
Santa Barbara,2016,8,0.58525
Calaveras,2016,8,0.33230000000000004
Ventura,2016,8,0.3753
Los Angeles,2016,8,0.433
Sonoma,2016,8,0.83535
Kings,2016,8,0.7663000000000001
San Diego,2016,8,0.37260000000000004
Placer,2016,8,0.8105
San Francisco,2016,8,
Marin,2016,8,0.4955
Mariposa,2016,8,0.6242500000000001
Lassen,2016,8,0.36865000000000003
Napa,2016,8,0.6131
Shasta,2016,8,0.6942
Monterey,2016,8,0.25685
Trinity,2016,8,0.73275
Mendocino,2016,8,0.8250500000000001
Inyo,2016,8,0.1453
Mono,2016,8,0.18610000000000002
Tuolumne,2016,8,0.5534
Solano,2016,8,0.13525
San Bernardino,2016,8,0.08235
Contra Costa,2016,8,0.23035
Alpine,2016,8,0.4944
El Dorado,2016,8,0.42550000000000004
Yolo,2016,8,0.23445000000000002
Yuba,2016,8,0.40590000000000004
San Benito,2016,8,0.29860000000000003
Humboldt,2016,8,0.7361000000000001
Riverside,2016,8,0.0848
Kern,2016,8,0.20195000000000002
Colusa,2016,8,0.3558
Del Norte,2016,8,0.60335
Modoc,2016,8,0.19075
Fresno,2016,8,0.28935
Madera,2016,8,0.32685000000000003
Santa Clara,2016,8,0.3588
Tehama,2016,8,0.25070000000000003
San Joaquin,2016,8,0.29135
Alameda,2016,8,0.5992000000000001
Nevada,2016,8,0.79335
Butte,2016,8,0.30585
Merced,2016,8,0.46765
Tulare,2016,8,0.3567
Stanislaus,2016,8,0.5760500000000001
Orange,2016,8,0.33095
Imperial,2016,8,0.23125
Sutter,2016,8,0.8334
Amador,2016,8,0.6705
Lake,2016,8,0.7378
Plumas,2016,8,0.73085
San Mateo,2016,8,0.5999
Siskiyou,2016,8,0.25755
Santa Cruz,2016,8,0.74205
Glenn,2016,8,0.19875
San Luis Obispo,2016,8,0.38605
Sierra,2016,9,0.64535
Sacramento,2016,9,0.30660000000000004
Santa Barbara,2016,9,0.5988
Calaveras,2016,9,0.3382
Ventura,2016,9,0.364
Los Angeles,2016,9,0.4475
Sonoma,2016,9,0.82645
Kings,2016,9,0.57475
San Diego,2016,9,0.39665
Placer,2016,9,0.8117500000000001
San Francisco,2016,9,
Marin,2016,9,0.4728
Mariposa,2016,9,0.6281
Lassen,2016,9,0.3597
Napa,2016,9,0.60955
Shasta,2016,9,0.6928500000000001
Monterey,2016,9,0.24605000000000002
Trinity,2016,9,0.7665000000000001
Mendocino,2016,9,0.873
Inyo,2016,9,0.1504
Mono,2016,9,0.1763
Tuolumne,2016,9,0.5548500000000001
Solano,2016,9,0.15535000000000002
San Bernardino,2016,9,0.0786
Contra Costa,2016,9,0.2967
Alpine,2016,9,0.4995
El Dorado,2016,9,0.48355000000000004
Yolo,2016,9,0.20025
Yuba,2016,9,0.4062
San Benito,2016,9,0.2931
Humboldt,2016,9,0.7091500000000001
Riverside,2016,9,0.08515
Kern,2016,9,0.21610000000000001
Colusa,2016,9,0.22130000000000002
Del Norte,2016,9,0.6565000000000001
Modoc,2016,9,0.21195
Fresno,2016,9,0.29265
Madera,2016,9,0.32530000000000003
Santa Clara,2016,9,0.3502
Tehama,2016,9,0.24075000000000002
San Joaquin,2016,9,0.28505
Alameda,2016,9,0.5769000000000001
Nevada,2016,9,0.8144
Butte,2016,9,0.3109
Merced,2016,9,0.536
Tulare,2016,9,0.35965
Stanislaus,2016,9,0.42850000000000005
Orange,2016,9,0.35245000000000004
Imperial,2016,9,0.2639
Sutter,2016,9,0.6869000000000001
Amador,2016,9,0.64015
Lake,2016,9,0.7526
Plumas,2016,9,0.75215
San Mateo,2016,9,0.5194
Siskiyou,2016,9,0.25020000000000003
Santa Cruz,2016,9,0.7526
Glenn,2016,9,0.20020000000000002
San Luis Obispo,2016,9,0.39245
Sierra,2016,10,0.61605
Sacramento,2016,10,0.437
Santa Barbara,2016,10,0.62475
Calaveras,2016,10,0.40765
Ventura,2016,10,0.38175000000000003
Los Angeles,2016,10,0.45185000000000003
Sonoma,2016,10,0.86355
Kings,2016,10,0.22215000000000001
San Diego,2016,10,0.40190000000000003
Placer,2016,10,0.79405
San Francisco,2016,10,
Marin,2016,10,0.606
Mariposa,2016,10,0.6636500000000001
Lassen,2016,10,0.44680000000000003
Napa,2016,10,0.67905
Shasta,2016,10,0.7095
Monterey,2016,10,0.31465000000000004
Trinity,2016,10,0.78195
Mendocino,2016,10,0.8875500000000001
Inyo,2016,10,0.1476
Mono,2016,10,0.15610000000000002
Tuolumne,2016,10,0.56955
Solano,2016,10,0.0818
San Bernardino,2016,10,0.0789
Contra Costa,2016,10,0.36245
Alpine,2016,10,0.5339
El Dorado,2016,10,0.4677
Yolo,2016,10,0.21085
Yuba,2016,10,0.50615
San Benito,2016,10,0.31770000000000004
Humboldt,2016,10,0.74965
Riverside,2016,10,0.08650000000000001
Kern,2016,10,0.24055
Colusa,2016,10,0.22545
Del Norte,2016,10,0.6674
Modoc,2016,10,0.23040000000000002
Fresno,2016,10,0.3466
Madera,2016,10,0.38535
Santa Clara,2016,10,0.4113
Tehama,2016,10,0.40495000000000003
San Joaquin,2016,10,0.3637
Alameda,2016,10,0.6414500000000001
Nevada,2016,10,0.79105
Butte,2016,10,0.4838
Merced,2016,10,0.29145
Tulare,2016,10,0.3861
Stanislaus,2016,10,0.4551
Orange,2016,10,0.35375
Imperial,2016,10,0.27890000000000004
Sutter,2016,10,0.38470000000000004
Amador,2016,10,0.6955
Lake,2016,10,0.7574500000000001
Plumas,2016,10,0.80325
San Mateo,2016,10,0.5481
Siskiyou,2016,10,0.31085
Santa Cruz,2016,10,0.77315
Glenn,2016,10,0.36510000000000004
San Luis Obispo,2016,10,0.435
Sierra,2016,11,0.44160000000000005
Sacramento,2016,11,0.6171
Santa Barbara,2016,11,0.5940000000000001
Calaveras,2016,11,0.5036
Ventura,2016,11,0.3771
Los Angeles,2016,11,0.42960000000000004
Sonoma,2016,11,0.8717
Kings,2016,11,0.15990000000000001
San Diego,2016,11,0.4435
Placer,2016,11,0.7905000000000001
San Francisco,2016,11,
Marin,2016,11,0.7311000000000001
Mariposa,2016,11,0.6768000000000001
Lassen,2016,11,0.40940000000000004
Napa,2016,11,0.7048
Shasta,2016,11,0.7061000000000001
Monterey,2016,11,0.36910000000000004
Trinity,2016,11,0.804
Mendocino,2016,11,0.8796
Inyo,2016,11,0.1472
Mono,2016,11,0.1666
Tuolumne,2016,11,0.6571
Solano,2016,11,0.1233
San Bernardino,2016,11,0.08660000000000001
Contra Costa,2016,11,0.45020000000000004
Alpine,2016,11,0.5918
El Dorado,2016,11,0.46830000000000005
Yolo,2016,11,0.2053
Yuba,2016,11,0.6312
San Benito,2016,11,0.3582
Humboldt,2016,11,0.75
Riverside,2016,11,0.08460000000000001
Kern,2016,11,0.23040000000000002
Colusa,2016,11,0.2459
Del Norte,2016,11,0.6815
Modoc,2016,11,0.024800000000000003
Fresno,2016,11,0.3768
Madera,2016,11,0.4934
Santa Clara,2016,11,0.5385
Tehama,2016,11,0.5481
San Joaquin,2016,11,0.4571
Alameda,2016,11,0.7378
Nevada,2016,11,0.8334
Butte,2016,11,0.5821000000000001
Merced,2016,11,0.2998
Tulare,2016,11,0.42160000000000003
Stanislaus,2016,11,0.4562
Orange,2016,11,0.3381
Imperial,2016,11,0.5637
Sutter,2016,11,0.2333
Amador,2016,11,0.7294
Lake,2016,11,0.7443000000000001
Plumas,2016,11,0.8089000000000001
San Mateo,2016,11,0.6323000000000001
Siskiyou,2016,11,0.4441
Santa Cruz,2016,11,0.8033
Glenn,2016,11,0.5754
San Luis Obispo,2016,11,0.5088
Sierra,2016,12,0.31815
Sacramento,2016,12,0.6239
Santa Barbara,2016,12,0.64475
Calaveras,2016,12,0.53305
Ventura,2016,12,0.41440000000000005
Los Angeles,2016,12,0.44825000000000004
Sonoma,2016,12,0.82365
Kings,2016,12,0.04125
San Diego,2016,12,0.43570000000000003
Placer,2016,12,0.7842
San Francisco,2016,12,
Marin,2016,12,0.75015
Mariposa,2016,12,0.67015
Lassen,2016,12,0.10895
Napa,2016,12,0.7121000000000001
Shasta,2016,12,0.70325
Monterey,2016,12,0.42460000000000003
Trinity,2016,12,0.81555
Mendocino,2016,12,0.87105
Inyo,2016,12,0.1441
Mono,2016,12,0.0358
Tuolumne,2016,12,0.6916
Solano,2016,12,0.37135
San Bernardino,2016,12,0.0775
Contra Costa,2016,12,0.49310000000000004
Alpine,2016,12,0.16425
El Dorado,2016,12,0.49860000000000004
Yolo,2016,12,0.2803
Yuba,2016,12,0.5994
San Benito,2016,12,0.4315
Humboldt,2016,12,0.80245
Riverside,2016,12,0.09395
Kern,2016,12,0.46290000000000003
Colusa,2016,12,0.3453
Del Norte,2016,12,0.65705
Modoc,2016,12,0.13305
Fresno,2016,12,0.46055
Madera,2016,12,0.5471
Santa Clara,2016,12,0.6082500000000001
Tehama,2016,12,0.5941500000000001
San Joaquin,2016,12,0.42660000000000003
Alameda,2016,12,0.7387
Nevada,2016,12,0.8270500000000001
Butte,2016,12,0.57675
Merced,2016,12,0.4827
Tulare,2016,12,0.4647
Stanislaus,2016,12,0.47925
Orange,2016,12,0.36445
Imperial,2016,12,0.63505
Sutter,2016,12,-0.0119
Amador,2016,12,0.7401
Lake,2016,12,0.7183
Plumas,2016,12,0.8118500000000001
San Mateo,2016,12,0.6419
Siskiyou,2016,12,0.44170000000000004
Santa Cruz,2016,12,0.7948000000000001
Glenn,2016,12,0.6192000000000001
San Luis Obispo,2016,12,0.554
Sierra,2017,1,0.15330000000000002
Sacramento,2017,1,0.64325
Santa Barbara,2017,1,0.6698500000000001
Calaveras,2017,1,0.5588000000000001
Ventura,2017,1,0.48760000000000003
Los Angeles,2017,1,0.513
Sonoma,2017,1,0.8699
Kings,2017,1,0.1655
San Diego,2017,1,0.53815
Placer,2017,1,0.8208500000000001
San Francisco,2017,1,
Marin,2017,1,0.73975
Mariposa,2017,1,0.6892
Lassen,2017,1,0.015700000000000002
Napa,2017,1,0.7310500000000001
Shasta,2017,1,0.72355
Monterey,2017,1,0.5627
Trinity,2017,1,0.6893
Mendocino,2017,1,0.8915500000000001
Inyo,2017,1,0.14055
Mono,2017,1,-0.06770000000000001
Tuolumne,2017,1,0.13040000000000002
Solano,2017,1,0.5731
San Bernardino,2017,1,0.059300000000000005
Contra Costa,2017,1,0.5083
Alpine,2017,1,0.10295
El Dorado,2017,1,0.04075
Yolo,2017,1,0.3116
Yuba,2017,1,0.5902000000000001
San Benito,2017,1,0.5231
Humboldt,2017,1,0.8691500000000001
Riverside,2017,1,0.1008
Kern,2017,1,0.63095
Colusa,2017,1,0.46205
Del Norte,2017,1,0.6422
Modoc,2017,1,-0.0152
Fresno,2017,1,0.5645
Madera,2017,1,0.5881000000000001
Santa Clara,2017,1,0.63695
Tehama,2017,1,0.5668500000000001
San Joaquin,2017,1,0.3622
Alameda,2017,1,0.728
Nevada,2017,1,0.53545
Butte,2017,1,0.59295
Merced,2017,1,0.44695
Tulare,2017,1,0.5153
Stanislaus,2017,1,0.40845000000000004
Orange,2017,1,0.41440000000000005
Imperial,2017,1,0.6781
Sutter,2017,1,-0.060700000000000004
Amador,2017,1,0.77215
Lake,2017,1,0.7691
Plumas,2017,1,0.2706
San Mateo,2017,1,0.6279
Siskiyou,2017,1,0.3942
Santa Cruz,2017,1,0.7987000000000001
Glenn,2017,1,0.64935
San Luis Obispo,2017,1,0.5472
Sierra,2017,2,0.10475000000000001
Sacramento,2017,2,0.62285
Santa Barbara,2017,2,0.682
Calaveras,2017,2,0.5958
Ventura,2017,2,0.64515
Los Angeles,2017,2,0.5735
Sonoma,2017,2,0.83165
Kings,2017,2,0.16620000000000001
San Diego,2017,2,0.5519000000000001
Placer,2017,2,0.78
San Francisco,2017,2,
Marin,2017,2,0.7435
Mariposa,2017,2,0.6561
Lassen,2017,2,-0.02125
Napa,2017,2,0.6845
Shasta,2017,2,0.7048
Monterey,2017,2,0.7118
Trinity,2017,2,0.66445
Mendocino,2017,2,0.86285
Inyo,2017,2,0.14200000000000002
Mono,2017,2,-0.0263
Tuolumne,2017,2,0.12525
Solano,2017,2,0.21810000000000002
San Bernardino,2017,2,0.08815
Contra Costa,2017,2,0.5495
Alpine,2017,2,0.07390000000000001
El Dorado,2017,2,0.38870000000000005
Yolo,2017,2,0.33065
Yuba,2017,2,0.62475
San Benito,2017,2,0.6184000000000001
Humboldt,2017,2,0.4953
Riverside,2017,2,0.13355
Kern,2017,2,0.7216
Colusa,2017,2,0.5032
Del Norte,2017,2,0.73295
Modoc,2017,2,0.11635000000000001
Fresno,2017,2,0.5512
Madera,2017,2,0.63665
Santa Clara,2017,2,0.71085
Tehama,2017,2,0.6102500000000001
San Joaquin,2017,2,0.38215000000000005
Alameda,2017,2,0.7354
Nevada,2017,2,0.8319500000000001
Butte,2017,2,0.6255000000000001
Merced,2017,2,0.68535
Tulare,2017,2,0.5822
Stanislaus,2017,2,0.49695
Orange,2017,2,0.386
Imperial,2017,2,0.7427
Sutter,2017,2,0.12135
Amador,2017,2,0.7263000000000001
Lake,2017,2,0.7302000000000001
Plumas,2017,2,0.38095
San Mateo,2017,2,0.6206
Siskiyou,2017,2,0.44115000000000004
Santa Cruz,2017,2,0.7805000000000001
Glenn,2017,2,0.7100500000000001
San Luis Obispo,2017,2,0.5678000000000001
Sierra,2017,3,0.1086
Sacramento,2017,3,0.6255000000000001
Santa Barbara,2017,3,0.6835
Calaveras,2017,3,0.6267
Ventura,2017,3,0.6524500000000001
Los Angeles,2017,3,0.6163500000000001
Sonoma,2017,3,0.8129000000000001
Kings,2017,3,0.13185
San Diego,2017,3,0.5556
Placer,2017,3,0.75785
San Francisco,2017,3,
Marin,2017,3,0.768
Mariposa,2017,3,0.63505
Lassen,2017,3,0.033350000000000005
Napa,2017,3,0.69755
Shasta,2017,3,0.6869000000000001
Monterey,2017,3,0.7062
Trinity,2017,3,0.6697500000000001
Mendocino,2017,3,0.8561500000000001
Inyo,2017,3,0.15225
Mono,2017,3,0.04065
Tuolumne,2017,3,0.1264
Solano,2017,3,0.31770000000000004
San Bernardino,2017,3,0.08295000000000001
Contra Costa,2017,3,0.541
Alpine,2017,3,0.1376
El Dorado,2017,3,0.3768
Yolo,2017,3,0.49400000000000005
Yuba,2017,3,0.7125
San Benito,2017,3,0.67715
Humboldt,2017,3,0.71665
Riverside,2017,3,0.17475000000000002
Kern,2017,3,0.6354500000000001
Colusa,2017,3,0.46130000000000004
Del Norte,2017,3,0.6363500000000001
Modoc,2017,3,0.2702
Fresno,2017,3,0.47650000000000003
Madera,2017,3,0.68235
Santa Clara,2017,3,0.7347
Tehama,2017,3,0.6446000000000001
San Joaquin,2017,3,0.42405000000000004
Alameda,2017,3,0.78005
Nevada,2017,3,0.78805
Butte,2017,3,0.66995
Merced,2017,3,0.67725
Tulare,2017,3,0.67835
Stanislaus,2017,3,0.5439
Orange,2017,3,0.38430000000000003
Imperial,2017,3,0.65375
Sutter,2017,3,0.27745000000000003
Amador,2017,3,0.7135
Lake,2017,3,0.7252500000000001
Plumas,2017,3,0.554
San Mateo,2017,3,0.70055
Siskiyou,2017,3,0.49675
Santa Cruz,2017,3,0.77695
Glenn,2017,3,0.7245
San Luis Obispo,2017,3,0.5670000000000001
Sierra,2017,4,0.16010000000000002
Sacramento,2017,4,0.58775
Santa Barbara,2017,4,0.6801
Calaveras,2017,4,0.63585
Ventura,2017,4,0.64525
Los Angeles,2017,4,0.6252
Sonoma,2017,4,0.81565
Kings,2017,4,0.12390000000000001
San Diego,2017,4,0.5441
Placer,2017,4,0.76385
San Francisco,2017,4,
Marin,2017,4,0.78635
Mariposa,2017,4,0.6384000000000001
Lassen,2017,4,0.35565
Napa,2017,4,0.72945
Shasta,2017,4,0.7302000000000001
Monterey,2017,4,0.5857
Trinity,2017,4,0.58135
Mendocino,2017,4,0.8174
Inyo,2017,4,0.17355
Mono,2017,4,0.0711
Tuolumne,2017,4,0.37970000000000004
Solano,2017,4,0.3129
San Bernardino,2017,4,0.083
Contra Costa,2017,4,0.53205
Alpine,2017,4,0.13655
El Dorado,2017,4,0.3971
Yolo,2017,4,0.25980000000000003
Yuba,2017,4,0.77225
San Benito,2017,4,0.72965
Humboldt,2017,4,0.7696000000000001
Riverside,2017,4,0.12575
Kern,2017,4,0.35595000000000004
Colusa,2017,4,0.34945000000000004
Del Norte,2017,4,0.6357
Modoc,2017,4,0.28035
Fresno,2017,4,0.4011
Madera,2017,4,0.6948500000000001
Santa Clara,2017,4,0.76365
Tehama,2017,4,0.61845
San Joaquin,2017,4,0.47015
Alameda,2017,4,0.76375
Nevada,2017,4,0.7572
Butte,2017,4,0.7098
Merced,2017,4,0.47935
Tulare,2017,4,0.74495
Stanislaus,2017,4,0.5092
Orange,2017,4,0.38555
Imperial,2017,4,0.6325500000000001
Sutter,2017,4,0.2968
Amador,2017,4,0.752
Lake,2017,4,0.73995
Plumas,2017,4,0.7627
San Mateo,2017,4,0.7878000000000001
Siskiyou,2017,4,0.5426
Santa Cruz,2017,4,0.7725500000000001
Glenn,2017,4,0.67025
San Luis Obispo,2017,4,0.5433
Sierra,2017,5,0.14205
Sacramento,2017,5,0.42785
Santa Barbara,2017,5,0.6452
Calaveras,2017,5,0.6052500000000001
Ventura,2017,5,0.5730500000000001
Los Angeles,2017,5,0.61575
Sonoma,2017,5,0.8451500000000001
Kings,2017,5,0.2348
San Diego,2017,5,0.5091
Placer,2017,5,0.82235
San Francisco,2017,5,
Marin,2017,5,0.68745
Mariposa,2017,5,0.663
Lassen,2017,5,0.40665
Napa,2017,5,0.71755
Shasta,2017,5,0.7622
Monterey,2017,5,0.36515000000000003
Trinity,2017,5,0.7282500000000001
Mendocino,2017,5,0.8216
Inyo,2017,5,0.17355
Mono,2017,5,0.18545
Tuolumne,2017,5,0.5941500000000001
Solano,2017,5,0.21525
San Bernardino,2017,5,0.08750000000000001
Contra Costa,2017,5,0.38915
Alpine,2017,5,0.21335
El Dorado,2017,5,0.4873
Yolo,2017,5,0.2707
Yuba,2017,5,0.5965
San Benito,2017,5,0.50965
Humboldt,2017,5,0.81115
Riverside,2017,5,0.1076
Kern,2017,5,0.24070000000000003
Colusa,2017,5,0.3099
Del Norte,2017,5,0.6212
Modoc,2017,5,0.27455
Fresno,2017,5,0.3563
Madera,2017,5,0.47025
Santa Clara,2017,5,0.57465
Tehama,2017,5,0.45795
San Joaquin,2017,5,0.3894
Alameda,2017,5,0.6648000000000001
Nevada,2017,5,0.7704000000000001
Butte,2017,5,0.54325
Merced,2017,5,0.445
Tulare,2017,5,0.60095
Stanislaus,2017,5,0.54315
Orange,2017,5,0.37195
Imperial,2017,5,0.5369
Sutter,2017,5,0.13995000000000002
Amador,2017,5,0.69445
Lake,2017,5,0.7534500000000001
Plumas,2017,5,0.7133
San Mateo,2017,5,0.8342
Siskiyou,2017,5,0.4606
Santa Cruz,2017,5,0.8007000000000001
Glenn,2017,5,0.37615000000000004
San Luis Obispo,2017,5,0.511
Sierra,2017,6,0.59155
Sacramento,2017,6,0.33390000000000003
Santa Barbara,2017,6,0.6484500000000001
Calaveras,2017,6,0.50775
Ventura,2017,6,0.50815
Los Angeles,2017,6,0.52095
Sonoma,2017,6,0.85595
Kings,2017,6,0.56775
San Diego,2017,6,0.46645000000000003
Placer,2017,6,0.8285
San Francisco,2017,6,
Marin,2017,6,0.5654
Mariposa,2017,6,0.7074
Lassen,2017,6,0.43745
Napa,2017,6,0.6785
Shasta,2017,6,0.73875
Monterey,2017,6,0.3088
Trinity,2017,6,0.72885
Mendocino,2017,6,0.81115
Inyo,2017,6,0.15835000000000002
Mono,2017,6,0.25915
Tuolumne,2017,6,0.6152000000000001
Solano,2017,6,0.16625
San Bernardino,2017,6,0.08555
Contra Costa,2017,6,0.32995
Alpine,2017,6,0.54185
El Dorado,2017,6,0.45875000000000005
Yolo,2017,6,0.5076
Yuba,2017,6,0.4893
San Benito,2017,6,0.35885
Humboldt,2017,6,0.80625
Riverside,2017,6,0.1022
Kern,2017,6,0.22305
Colusa,2017,6,0.4025
Del Norte,2017,6,0.6585500000000001
Modoc,2017,6,0.25675000000000003
Fresno,2017,6,0.3267
Madera,2017,6,0.37035
Santa Clara,2017,6,0.397
Tehama,2017,6,0.28255
San Joaquin,2017,6,0.32425000000000004
Alameda,2017,6,0.61155
Nevada,2017,6,0.79135
Butte,2017,6,0.4081
Merced,2017,6,0.5669000000000001
Tulare,2017,6,0.4223
Stanislaus,2017,6,0.5622
Orange,2017,6,0.4209
Imperial,2017,6,0.29935
Sutter,2017,6,0.55525
Amador,2017,6,0.6918000000000001
Lake,2017,6,0.77075
Plumas,2017,6,0.7189500000000001
San Mateo,2017,6,0.7233
Siskiyou,2017,6,0.3261
Santa Cruz,2017,6,0.77835
Glenn,2017,6,0.24480000000000002
San Luis Obispo,2017,6,0.4592
Sierra,2017,7,0.6327
Sacramento,2017,7,0.31120000000000003
Santa Barbara,2017,7,0.6272500000000001
Calaveras,2017,7,0.43675
Ventura,2017,7,0.4713
Los Angeles,2017,7,0.48595000000000005
Sonoma,2017,7,0.85275
Kings,2017,7,0.8274
San Diego,2017,7,0.43895
Placer,2017,7,0.8297
San Francisco,2017,7,
Marin,2017,7,0.44005
Mariposa,2017,7,0.6734
Lassen,2017,7,0.40390000000000004
Napa,2017,7,0.6344500000000001
Shasta,2017,7,0.70135
Monterey,2017,7,0.3009
Trinity,2017,7,0.7535000000000001
Mendocino,2017,7,0.83575
Inyo,2017,7,0.149
Mono,2017,7,0.26435000000000003
Tuolumne,2017,7,0.5883
Solano,2017,7,0.1107
San Bernardino,2017,7,0.08635000000000001
Contra Costa,2017,7,0.33675
Alpine,2017,7,0.49765000000000004
El Dorado,2017,7,0.43755
Yolo,2017,7,0.49935
Yuba,2017,7,0.446
San Benito,2017,7,0.31525000000000003
Humboldt,2017,7,0.7773
Riverside,2017,7,0.0975
Kern,2017,7,0.23855
Colusa,2017,7,0.36760000000000004
Del Norte,2017,7,0.6267
Modoc,2017,7,0.20595000000000002
Fresno,2017,7,0.3165
Madera,2017,7,0.3382
Santa Clara,2017,7,0.3578
Tehama,2017,7,0.2323
San Joaquin,2017,7,0.28635
Alameda,2017,7,0.56975
Nevada,2017,7,0.8067500000000001
Butte,2017,7,0.35675
Merced,2017,7,0.6777500000000001
Tulare,2017,7,0.3774
Stanislaus,2017,7,0.50115
Orange,2017,7,0.35045000000000004
Imperial,2017,7,0.34245000000000003
Sutter,2017,7,0.9102
Amador,2017,7,0.6844
Lake,2017,7,0.7567
Plumas,2017,7,0.75405
San Mateo,2017,7,0.6586000000000001
Siskiyou,2017,7,0.28425
Santa Cruz,2017,7,0.7928000000000001
Glenn,2017,7,0.21565
San Luis Obispo,2017,7,0.4298
Sierra,2017,8,0.64695
Sacramento,2017,8,0.3126
Santa Barbara,2017,8,0.6059
Calaveras,2017,8,0.43615000000000004
Ventura,2017,8,0.43620000000000003
Los Angeles,2017,8,0.4882
Sonoma,2017,8,0.85055
Kings,2017,8,0.7592500000000001
San Diego,2017,8,0.44675000000000004
Placer,2017,8,0.83725
San Francisco,2017,8,
Marin,2017,8,0.4726
Mariposa,2017,8,0.6437
Lassen,2017,8,0.37785
Napa,2017,8,0.6071500000000001
Shasta,2017,8,0.7158
Monterey,2017,8,0.30260000000000004
Trinity,2017,8,0.7705000000000001
Mendocino,2017,8,0.8454
Inyo,2017,8,0.14875
Mono,2017,8,0.21280000000000002
Tuolumne,2017,8,0.5910000000000001
Solano,2017,8,0.12810000000000002
San Bernardino,2017,8,0.07625
Contra Costa,2017,8,0.29245
Alpine,2017,8,0.53585
El Dorado,2017,8,0.37925000000000003
Yolo,2017,8,0.3451
Yuba,2017,8,0.43725
San Benito,2017,8,0.30010000000000003
Humboldt,2017,8,0.7373500000000001
Riverside,2017,8,0.10045000000000001
Kern,2017,8,0.24345
Colusa,2017,8,0.32205
Del Norte,2017,8,0.62915
Modoc,2017,8,0.19765000000000002
Fresno,2017,8,0.30345
Madera,2017,8,0.3281
Santa Clara,2017,8,0.3478
Tehama,2017,8,0.25075000000000003
San Joaquin,2017,8,0.3153
Alameda,2017,8,0.5308
Nevada,2017,8,0.81945
Butte,2017,8,0.33965
Merced,2017,8,0.5397000000000001
Tulare,2017,8,0.36715000000000003
Stanislaus,2017,8,0.53075
Orange,2017,8,0.37065000000000003
Imperial,2017,8,0.2933
Sutter,2017,8,0.84945
Amador,2017,8,0.6663
Lake,2017,8,0.7413000000000001
Plumas,2017,8,0.7657
San Mateo,2017,8,0.5368
Siskiyou,2017,8,0.2992
Santa Cruz,2017,8,0.7645000000000001
Glenn,2017,8,0.2091
San Luis Obispo,2017,8,0.43210000000000004
Sierra,2017,9,0.64935
Sacramento,2017,9,0.30865000000000004
Santa Barbara,2017,9,0.6121500000000001
Calaveras,2017,9,0.4194
Ventura,2017,9,0.41575
Los Angeles,2017,9,0.5003500000000001
Sonoma,2017,9,0.8410500000000001
Kings,2017,9,0.62895
San Diego,2017,9,0.41055
Placer,2017,9,0.82035
San Francisco,2017,9,
Marin,2017,9,0.4848
Mariposa,2017,9,0.6748000000000001
Lassen,2017,9,0.3936
Napa,2017,9,0.6154000000000001
Shasta,2017,9,0.66425
Monterey,2017,9,0.29675
Trinity,2017,9,0.7675500000000001
Mendocino,2017,9,0.8492000000000001
Inyo,2017,9,0.14665
Mono,2017,9,0.1776
Tuolumne,2017,9,0.5871500000000001
Solano,2017,9,0.0983
San Bernardino,2017,9,0.08285000000000001
Contra Costa,2017,9,0.31575000000000003
Alpine,2017,9,0.48935
El Dorado,2017,9,0.40245000000000003
Yolo,2017,9,0.25185
Yuba,2017,9,0.43210000000000004
San Benito,2017,9,0.30025
Humboldt,2017,9,0.7675500000000001
Riverside,2017,9,0.0974
Kern,2017,9,0.23965
Colusa,2017,9,0.35095000000000004
Del Norte,2017,9,0.6483
Modoc,2017,9,0.19625
Fresno,2017,9,0.3099
Madera,2017,9,0.33480000000000004
Santa Clara,2017,9,0.3593
Tehama,2017,9,0.2439
San Joaquin,2017,9,0.30145
Alameda,2017,9,0.5742
Nevada,2017,9,0.8144
Butte,2017,9,0.32120000000000004
Merced,2017,9,0.52225
Tulare,2017,9,0.35315
Stanislaus,2017,9,0.45120000000000005
Orange,2017,9,0.36795
Imperial,2017,9,0.37185
Sutter,2017,9,0.6677000000000001
Amador,2017,9,0.6276
Lake,2017,9,0.7341000000000001
Plumas,2017,9,0.7748
San Mateo,2017,9,0.55645
Siskiyou,2017,9,0.2592
Santa Cruz,2017,9,0.7465
Glenn,2017,9,0.22085000000000002
San Luis Obispo,2017,9,0.44870000000000004
Sierra,2017,10,0.7030000000000001
Sacramento,2017,10,0.37770000000000004
Santa Barbara,2017,10,0.5971000000000001
Calaveras,2017,10,0.4242
Ventura,2017,10,0.379
Los Angeles,2017,10,0.48810000000000003
Sonoma,2017,10,0.8470000000000001
Kings,2017,10,0.3568
San Diego,2017,10,0.4053
Placer,2017,10,0.8177000000000001
San Francisco,2017,10,
Marin,2017,10,0.39440000000000003
Mariposa,2017,10,0.6748000000000001
Lassen,2017,10,0.4031
Napa,2017,10,0.5978
Shasta,2017,10,0.6648000000000001
Monterey,2017,10,0.2916
Trinity,2017,10,0.7548
Mendocino,2017,10,0.8361000000000001
Inyo,2017,10,0.1439
Mono,2017,10,0.1568
Tuolumne,2017,10,0.5633
Solano,2017,10,0.099
San Bernardino,2017,10,0.0766
Contra Costa,2017,10,0.32120000000000004
Alpine,2017,10,0.5082
El Dorado,2017,10,0.4007
Yolo,2017,10,0.1998
Yuba,2017,10,0.4188
San Benito,2017,10,0.28300000000000003
Humboldt,2017,10,0.7657
Riverside,2017,10,0.09960000000000001
Kern,2017,10,0.2291
Colusa,2017,10,0.3315
Del Norte,2017,10,0.6503
Modoc,2017,10,0.2187
Fresno,2017,10,0.3367
Madera,2017,10,0.32530000000000003
Santa Clara,2017,10,0.3508
Tehama,2017,10,0.24630000000000002
San Joaquin,2017,10,0.3111
Alameda,2017,10,0.5911000000000001
Nevada,2017,10,0.7965
Butte,2017,10,0.3069
Merced,2017,10,0.47590000000000005
Tulare,2017,10,0.3744
Stanislaus,2017,10,0.434
Orange,2017,10,0.36050000000000004
Imperial,2017,10,0.2849
Sutter,2017,10,0.2675
Amador,2017,10,0.6699
Lake,2017,10,0.7058
Plumas,2017,10,0.7844
San Mateo,2017,10,0.5385
Siskiyou,2017,10,0.2646
Santa Cruz,2017,10,0.7278
Glenn,2017,10,0.20770000000000002
San Luis Obispo,2017,10,0.4625
Sierra,2017,11,0.4491
Sacramento,2017,11,0.36615000000000003
Santa Barbara,2017,11,0.62315
Calaveras,2017,11,0.44265000000000004
Ventura,2017,11,0.37610000000000005
Los Angeles,2017,11,0.4849
Sonoma,2017,11,0.86045
Kings,2017,11,0.24965
San Diego,2017,11,0.47185000000000005
Placer,2017,11,0.76825
San Francisco,2017,11,
Marin,2017,11,0.56125
Mariposa,2017,11,0.66025
Lassen,2017,11,0.40390000000000004
Napa,2017,11,0.62
Shasta,2017,11,0.66245
Monterey,2017,11,0.2731
Trinity,2017,11,0.81445
Mendocino,2017,11,0.8646
Inyo,2017,11,0.1527
Mono,2017,11,0.15810000000000002
Tuolumne,2017,11,0.603
Solano,2017,11,0.1452
San Bernardino,2017,11,0.0689
Contra Costa,2017,11,0.32380000000000003
Alpine,2017,11,0.5833
El Dorado,2017,11,0.41440000000000005
Yolo,2017,11,0.23045000000000002
Yuba,2017,11,0.5032
San Benito,2017,11,0.28205
Humboldt,2017,11,0.80095
Riverside,2017,11,0.09965
Kern,2017,11,0.22135000000000002
Colusa,2017,11,0.35615
Del Norte,2017,11,0.6634
Modoc,2017,11,0.23370000000000002
Fresno,2017,11,0.34555
Madera,2017,11,0.3176
Santa Clara,2017,11,0.37220000000000003
Tehama,2017,11,0.32645
San Joaquin,2017,11,0.31255
Alameda,2017,11,0.5971000000000001
Nevada,2017,11,0.7676000000000001
Butte,2017,11,0.48650000000000004
Merced,2017,11,0.5382
Tulare,2017,11,0.35495000000000004
Stanislaus,2017,11,0.48085
Orange,2017,11,0.35575
Imperial,2017,11,0.40175
Sutter,2017,11,0.17975000000000002
Amador,2017,11,0.72185
Lake,2017,11,0.7391500000000001
Plumas,2017,11,0.8117000000000001
San Mateo,2017,11,0.5367000000000001
Siskiyou,2017,11,0.228
Santa Cruz,2017,11,0.783
Glenn,2017,11,0.20905
San Luis Obispo,2017,11,0.50415
Sierra,2017,12,0.5269
Sacramento,2017,12,0.48085
Santa Barbara,2017,12,0.58575
Calaveras,2017,12,0.47515
Ventura,2017,12,0.29405000000000003
Los Angeles,2017,12,0.4728
Sonoma,2017,12,0.8915000000000001
Kings,2017,12,0.12545
San Diego,2017,12,0.42485
Placer,2017,12,0.7581
San Francisco,2017,12,
Marin,2017,12,0.6706000000000001
Mariposa,2017,12,0.66925
Lassen,2017,12,0.40265
Napa,2017,12,0.6829000000000001
Shasta,2017,12,0.7104
Monterey,2017,12,0.24430000000000002
Trinity,2017,12,0.8027500000000001
Mendocino,2017,12,0.8611500000000001
Inyo,2017,12,0.15085
Mono,2017,12,0.1252
Tuolumne,2017,12,0.65995
Solano,2017,12,0.17135
San Bernardino,2017,12,0.0772
Contra Costa,2017,12,0.3941
Alpine,2017,12,0.5272
El Dorado,2017,12,0.40795000000000003
Yolo,2017,12,0.2286
Yuba,2017,12,0.5728500000000001
San Benito,2017,12,0.2864
Humboldt,2017,12,0.8036000000000001
Riverside,2017,12,0.09530000000000001
Kern,2017,12,0.20305
Colusa,2017,12,0.36975
Del Norte,2017,12,0.7307
Modoc,2017,12,0.1462
Fresno,2017,12,0.3371
Madera,2017,12,0.39890000000000003
Santa Clara,2017,12,0.4308
Tehama,2017,12,0.33505
San Joaquin,2017,12,0.30005000000000004
Alameda,2017,12,0.66915
Nevada,2017,12,0.7972
Butte,2017,12,0.5885
Merced,2017,12,0.31570000000000004
Tulare,2017,12,0.4088
Stanislaus,2017,12,0.48310000000000003
Orange,2017,12,0.33385000000000004
Imperial,2017,12,0.5417000000000001
Sutter,2017,12,-0.06555
Amador,2017,12,0.7082
Lake,2017,12,0.7131500000000001
Plumas,2017,12,0.808
San Mateo,2017,12,0.5347000000000001
Siskiyou,2017,12,0.27055
Santa Cruz,2017,12,0.7664500000000001
Glenn,2017,12,0.24515
San Luis Obispo,2017,12,0.49285
Sierra,2018,1,0.4087
Sacramento,2018,1,0.57355
Santa Barbara,2018,1,0.63165
Calaveras,2018,1,0.46495000000000003
Ventura,2018,1,0.26425000000000004
Los Angeles,2018,1,0.50455
Sonoma,2018,1,0.8409500000000001
Kings,2018,1,0.16135000000000002
San Diego,2018,1,0.45835000000000004
Placer,2018,1,0.6857500000000001
San Francisco,2018,1,
Marin,2018,1,0.7270500000000001
Mariposa,2018,1,0.7180500000000001
Lassen,2018,1,0.25575000000000003
Napa,2018,1,0.68505
Shasta,2018,1,0.7187
Monterey,2018,1,0.3967
Trinity,2018,1,0.7041000000000001
Mendocino,2018,1,0.8550000000000001
Inyo,2018,1,0.1728
Mono,2018,1,0.16425
Tuolumne,2018,1,0.6122000000000001
Solano,2018,1,0.1741
San Bernardino,2018,1,0.08070000000000001
Contra Costa,2018,1,0.48995
Alpine,2018,1,0.37160000000000004
El Dorado,2018,1,0.43010000000000004
Yolo,2018,1,0.263
Yuba,2018,1,0.6374500000000001
San Benito,2018,1,0.298
Humboldt,2018,1,0.8059000000000001
Riverside,2018,1,0.0874
Kern,2018,1,0.33080000000000004
Colusa,2018,1,0.31805
Del Norte,2018,1,0.6797500000000001
Modoc,2018,1,0.305
Fresno,2018,1,0.37525000000000003
Madera,2018,1,0.44010000000000005
Santa Clara,2018,1,0.4309
Tehama,2018,1,0.43555000000000005
San Joaquin,2018,1,0.30565000000000003
Alameda,2018,1,0.6684
Nevada,2018,1,0.8552000000000001
Butte,2018,1,0.6208
Merced,2018,1,0.23215000000000002
Tulare,2018,1,0.43715000000000004
Stanislaus,2018,1,0.28815
Orange,2018,1,0.3093
Imperial,2018,1,0.50215
Sutter,2018,1,0.03885
Amador,2018,1,0.7263000000000001
Lake,2018,1,0.77535
Plumas,2018,1,0.72095
San Mateo,2018,1,0.5849500000000001
Siskiyou,2018,1,0.30235
Santa Cruz,2018,1,0.71985
Glenn,2018,1,0.2606
San Luis Obispo,2018,1,0.51805
Sierra,2018,2,0.317
Sacramento,2018,2,0.6291
Santa Barbara,2018,2,0.65115
Calaveras,2018,2,0.48755000000000004
Ventura,2018,2,0.2671
Los Angeles,2018,2,0.5116
Sonoma,2018,2,0.8549
Kings,2018,2,0.1265
San Diego,2018,2,0.49085
Placer,2018,2,0.779
San Francisco,2018,2,
Marin,2018,2,0.72785
Mariposa,2018,2,0.5982000000000001
Lassen,2018,2,0.2439
Napa,2018,2,0.6851
Shasta,2018,2,0.70855
Monterey,2018,2,0.48660000000000003
Trinity,2018,2,0.7300500000000001
Mendocino,2018,2,0.8507
Inyo,2018,2,0.15005000000000002
Mono,2018,2,0.16215000000000002
Tuolumne,2018,2,0.5780500000000001
Solano,2018,2,0.30705
San Bernardino,2018,2,0.08225
Contra Costa,2018,2,0.47935
Alpine,2018,2,0.19990000000000002
El Dorado,2018,2,0.40105
Yolo,2018,2,0.49710000000000004
Yuba,2018,2,0.68225
San Benito,2018,2,0.39055
Humboldt,2018,2,0.47965
Riverside,2018,2,0.0906
Kern,2018,2,0.41175
Colusa,2018,2,0.33290000000000003
Del Norte,2018,2,0.7082
Modoc,2018,2,0.13845000000000002
Fresno,2018,2,0.42355000000000004
Madera,2018,2,0.51785
Santa Clara,2018,2,0.6107
Tehama,2018,2,0.48005000000000003
San Joaquin,2018,2,0.3604
Alameda,2018,2,0.69525
Nevada,2018,2,0.78585
Butte,2018,2,0.7039500000000001
Merced,2018,2,0.57525
Tulare,2018,2,0.48845000000000005
Stanislaus,2018,2,0.50925
Orange,2018,2,0.34935
Imperial,2018,2,0.60945
Sutter,2018,2,0.31020000000000003
Amador,2018,2,0.71755
Lake,2018,2,0.73385
Plumas,2018,2,0.5880000000000001
San Mateo,2018,2,0.63325
Siskiyou,2018,2,0.31675000000000003
Santa Cruz,2018,2,0.7839
Glenn,2018,2,0.36010000000000003
San Luis Obispo,2018,2,0.53105
Sierra,2018,3,0.151
Sacramento,2018,3,0.58245
Santa Barbara,2018,3,0.6814
Calaveras,2018,3,0.55355
Ventura,2018,3,0.3623
Los Angeles,2018,3,0.5293
Sonoma,2018,3,0.81505
Kings,2018,3,0.1434
San Diego,2018,3,0.5014500000000001
Placer,2018,3,0.7945
San Francisco,2018,3,
Marin,2018,3,0.7260000000000001
Mariposa,2018,3,0.6646500000000001
Lassen,2018,3,0.03055
Napa,2018,3,0.67305
Shasta,2018,3,0.6877
Monterey,2018,3,0.60265
Trinity,2018,3,0.6959500000000001
Mendocino,2018,3,0.8264
Inyo,2018,3,0.163
Mono,2018,3,0.024200000000000003
Tuolumne,2018,3,0.1274
Solano,2018,3,0.2541
San Bernardino,2018,3,0.08165
Contra Costa,2018,3,0.39345
Alpine,2018,3,0.1404
El Dorado,2018,3,0.27445
Yolo,2018,3,0.69515
Yuba,2018,3,0.71745
San Benito,2018,3,0.4923
Humboldt,2018,3,0.7984
Riverside,2018,3,0.08625000000000001
Kern,2018,3,0.4763
Colusa,2018,3,0.3511
Del Norte,2018,3,0.6684
Modoc,2018,3,0.29175
Fresno,2018,3,0.4939
Madera,2018,3,0.6031500000000001
Santa Clara,2018,3,0.66395
Tehama,2018,3,0.57485
San Joaquin,2018,3,0.41825
Alameda,2018,3,0.7134
Nevada,2018,3,0.78095
Butte,2018,3,0.6961
Merced,2018,3,0.7438
Tulare,2018,3,0.5819500000000001
Stanislaus,2018,3,0.5972000000000001
Orange,2018,3,0.33635000000000004
Imperial,2018,3,0.59785
Sutter,2018,3,0.3038
Amador,2018,3,0.73485
Lake,2018,3,0.72235
Plumas,2018,3,0.5987
San Mateo,2018,3,0.66445
Siskiyou,2018,3,0.3775
Santa Cruz,2018,3,0.7656000000000001
Glenn,2018,3,0.41235
San Luis Obispo,2018,3,0.5710500000000001
Sierra,2018,4,0.3572
Sacramento,2018,4,0.5908
Santa Barbara,2018,4,0.6796500000000001
Calaveras,2018,4,0.5527500000000001
Ventura,2018,4,0.54815
Los Angeles,2018,4,0.5634
Sonoma,2018,4,0.8360000000000001
Kings,2018,4,0.3277
San Diego,2018,4,0.49925
Placer,2018,4,0.7552
San Francisco,2018,4,
Marin,2018,4,0.7851
Mariposa,2018,4,0.6454000000000001
Lassen,2018,4,0.37895
Napa,2018,4,0.7124
Shasta,2018,4,0.7424000000000001
Monterey,2018,4,0.551
Trinity,2018,4,0.7522500000000001
Mendocino,2018,4,0.85985
Inyo,2018,4,0.16870000000000002
Mono,2018,4,0.14600000000000002
Tuolumne,2018,4,0.5666
Solano,2018,4,0.39685000000000004
San Bernardino,2018,4,0.08095000000000001
Contra Costa,2018,4,0.5203
Alpine,2018,4,0.20905
El Dorado,2018,4,0.43885
Yolo,2018,4,0.47035000000000005
Yuba,2018,4,0.7058
San Benito,2018,4,0.6338
Humboldt,2018,4,0.7877500000000001
Riverside,2018,4,0.08075
Kern,2018,4,0.38625000000000004
Colusa,2018,4,0.43905
Del Norte,2018,4,0.66845
Modoc,2018,4,0.30195
Fresno,2018,4,0.44730000000000003
Madera,2018,4,0.655
Santa Clara,2018,4,0.72675
Tehama,2018,4,0.5407000000000001
San Joaquin,2018,4,0.43445
Alameda,2018,4,0.7564000000000001
Nevada,2018,4,0.7488
Butte,2018,4,0.7422500000000001
Merced,2018,4,0.66905
Tulare,2018,4,0.7206
Stanislaus,2018,4,0.6124
Orange,2018,4,0.35875
Imperial,2018,4,0.61245
Sutter,2018,4,0.3004
Amador,2018,4,0.7271000000000001
Lake,2018,4,0.7332500000000001
Plumas,2018,4,0.7431500000000001
San Mateo,2018,4,0.7673500000000001
Siskiyou,2018,4,0.42615000000000003
Santa Cruz,2018,4,0.77095
Glenn,2018,4,0.50215
San Luis Obispo,2018,4,0.5421
Sierra,2018,5,0.52135
Sacramento,2018,5,0.41045000000000004
Santa Barbara,2018,5,0.67405
Calaveras,2018,5,0.58145
Ventura,2018,5,0.5215000000000001
Los Angeles,2018,5,0.57355
Sonoma,2018,5,0.82975
Kings,2018,5,0.42995
San Diego,2018,5,0.4263
Placer,2018,5,0.8497
San Francisco,2018,5,
Marin,2018,5,0.68455
Mariposa,2018,5,0.6803
Lassen,2018,5,0.50375
Napa,2018,5,0.6960500000000001
Shasta,2018,5,0.8114
Monterey,2018,5,0.3165
Trinity,2018,5,0.7358
Mendocino,2018,5,0.8401500000000001
Inyo,2018,5,0.14335
Mono,2018,5,0.16295
Tuolumne,2018,5,0.57215
Solano,2018,5,0.28175
San Bernardino,2018,5,0.07915
Contra Costa,2018,5,0.36285
Alpine,2018,5,0.4308
El Dorado,2018,5,0.5906
Yolo,2018,5,0.3201
Yuba,2018,5,0.5666
San Benito,2018,5,0.48925
Humboldt,2018,5,0.8393
Riverside,2018,5,0.0779
Kern,2018,5,0.2348
Colusa,2018,5,0.36575
Del Norte,2018,5,0.6124
Modoc,2018,5,0.3723
Fresno,2018,5,0.3356
Madera,2018,5,0.4499
Santa Clara,2018,5,0.5124000000000001
Tehama,2018,5,0.33515
San Joaquin,2018,5,0.3311
Alameda,2018,5,0.6559
Nevada,2018,5,0.78925
Butte,2018,5,0.5118
Merced,2018,5,0.49945
Tulare,2018,5,0.57445
Stanislaus,2018,5,0.47865
Orange,2018,5,0.31135
Imperial,2018,5,0.5411
Sutter,2018,5,0.11995
Amador,2018,5,0.7686000000000001
Lake,2018,5,0.7886500000000001
Plumas,2018,5,0.79435
San Mateo,2018,5,0.78725
Siskiyou,2018,5,0.44270000000000004
Santa Cruz,2018,5,0.7634500000000001
Glenn,2018,5,0.2705
San Luis Obispo,2018,5,0.4994
Sierra,2018,6,0.60345
Sacramento,2018,6,0.3224
Santa Barbara,2018,6,0.6474000000000001
Calaveras,2018,6,0.48765000000000003
Ventura,2018,6,0.3911
Los Angeles,2018,6,0.5109
Sonoma,2018,6,0.8248500000000001
Kings,2018,6,0.49615000000000004
San Diego,2018,6,0.3677
Placer,2018,6,0.8268000000000001
San Francisco,2018,6,
Marin,2018,6,0.53075
Mariposa,2018,6,0.6625500000000001
Lassen,2018,6,0.4788
Napa,2018,6,0.6208
Shasta,2018,6,0.7363000000000001
Monterey,2018,6,0.24745
Trinity,2018,6,0.74565
Mendocino,2018,6,0.80295
Inyo,2018,6,0.13425
Mono,2018,6,0.2409
Tuolumne,2018,6,0.60565
Solano,2018,6,0.1024
San Bernardino,2018,6,0.07795
Contra Costa,2018,6,0.24515
Alpine,2018,6,0.4796
El Dorado,2018,6,0.48355000000000004
Yolo,2018,6,0.32885000000000003
Yuba,2018,6,0.44265000000000004
San Benito,2018,6,0.32315
Humboldt,2018,6,0.791
Riverside,2018,6,0.07725
Kern,2018,6,0.2078
Colusa,2018,6,0.38765
Del Norte,2018,6,0.6677000000000001
Modoc,2018,6,0.2627
Fresno,2018,6,0.33025000000000004
Madera,2018,6,0.36360000000000003
Santa Clara,2018,6,0.37515000000000004
Tehama,2018,6,0.23505
San Joaquin,2018,6,0.299
Alameda,2018,6,0.5981000000000001
Nevada,2018,6,0.7603500000000001
Butte,2018,6,0.37285
Merced,2018,6,0.44010000000000005
Tulare,2018,6,0.43155000000000004
Stanislaus,2018,6,0.5011
Orange,2018,6,0.34375
Imperial,2018,6,0.4444
Sutter,2018,6,0.5997
Amador,2018,6,0.67445
Lake,2018,6,0.7754500000000001
Plumas,2018,6,0.7456
San Mateo,2018,6,0.74265
Siskiyou,2018,6,0.31485
Santa Cruz,2018,6,0.7663500000000001
Glenn,2018,6,0.19840000000000002
San Luis Obispo,2018,6,0.46105
Sierra,2018,7,0.64235
Sacramento,2018,7,0.3069
Santa Barbara,2018,7,0.62365
Calaveras,2018,7,0.47025
Ventura,2018,7,0.31235
Los Angeles,2018,7,0.42260000000000003
Sonoma,2018,7,0.8540500000000001
Kings,2018,7,0.5800500000000001
San Diego,2018,7,0.35350000000000004
Placer,2018,7,0.8394
San Francisco,2018,7,
Marin,2018,7,0.4864
Mariposa,2018,7,0.6950500000000001
Lassen,2018,7,0.4182
Napa,2018,7,0.60445
Shasta,2018,7,0.763
Monterey,2018,7,0.2417
Trinity,2018,7,0.7382000000000001
Mendocino,2018,7,0.8368500000000001
Inyo,2018,7,0.1333
Mono,2018,7,0.25235
Tuolumne,2018,7,0.6774
Solano,2018,7,0.11960000000000001
San Bernardino,2018,7,0.07475
Contra Costa,2018,7,0.2207
Alpine,2018,7,0.5388000000000001
El Dorado,2018,7,0.4166
Yolo,2018,7,0.29660000000000003
Yuba,2018,7,0.4017
San Benito,2018,7,0.27835
Humboldt,2018,7,0.7623000000000001
Riverside,2018,7,0.08305
Kern,2018,7,0.1993
Colusa,2018,7,0.4459
Del Norte,2018,7,0.6283000000000001
Modoc,2018,7,0.20800000000000002
Fresno,2018,7,0.29545
Madera,2018,7,0.35505000000000003
Santa Clara,2018,7,0.3583
Tehama,2018,7,0.26235
San Joaquin,2018,7,0.2899
Alameda,2018,7,0.5487000000000001
Nevada,2018,7,0.8220000000000001
Butte,2018,7,0.33895000000000003
Merced,2018,7,0.53
Tulare,2018,7,0.40355
Stanislaus,2018,7,0.5225000000000001
Orange,2018,7,0.34155
Imperial,2018,7,0.42515000000000003
Sutter,2018,7,0.7832
Amador,2018,7,0.70425
Lake,2018,7,0.6199
Plumas,2018,7,0.7565000000000001
San Mateo,2018,7,0.7067
Siskiyou,2018,7,0.30995
Santa Cruz,2018,7,0.77125
Glenn,2018,7,0.18915
San Luis Obispo,2018,7,0.4294
Sierra,2018,8,0.6353500000000001
Sacramento,2018,8,0.32075000000000004
Santa Barbara,2018,8,0.5973
Calaveras,2018,8,0.4496
Ventura,2018,8,0.29150000000000004
Los Angeles,2018,8,0.4384
Sonoma,2018,8,0.85135
Kings,2018,8,0.33280000000000004
San Diego,2018,8,0.35375
Placer,2018,8,0.83565
San Francisco,2018,8,
Marin,2018,8,0.46630000000000005
Mariposa,2018,8,0.61785
Lassen,2018,8,0.39405
Napa,2018,8,0.6017
Shasta,2018,8,0.69255
Monterey,2018,8,0.24550000000000002
Trinity,2018,8,0.7280500000000001
Mendocino,2018,8,0.85755
Inyo,2018,8,0.13515000000000002
Mono,2018,8,0.24200000000000002
Tuolumne,2018,8,0.5912000000000001
Solano,2018,8,0.11995
San Bernardino,2018,8,0.0712
Contra Costa,2018,8,0.2821
Alpine,2018,8,0.51525
El Dorado,2018,8,0.4117
Yolo,2018,8,0.2464
Yuba,2018,8,0.41015
San Benito,2018,8,0.27865
Humboldt,2018,8,0.74685
Riverside,2018,8,0.08015
Kern,2018,8,0.19820000000000002
Colusa,2018,8,0.45430000000000004
Del Norte,2018,8,0.6251
Modoc,2018,8,0.19935
Fresno,2018,8,0.31
Madera,2018,8,0.3297
Santa Clara,2018,8,0.34225
Tehama,2018,8,0.2389
San Joaquin,2018,8,0.2992
Alameda,2018,8,0.5417500000000001
Nevada,2018,8,0.78405
Butte,2018,8,0.3241
Merced,2018,8,0.6373
Tulare,2018,8,0.3834
Stanislaus,2018,8,0.50995
Orange,2018,8,0.34845000000000004
Imperial,2018,8,0.29835
Sutter,2018,8,0.8173
Amador,2018,8,0.6786
Lake,2018,8,0.4907
Plumas,2018,8,0.7681
San Mateo,2018,8,0.6095
Siskiyou,2018,8,0.2531
Santa Cruz,2018,8,0.7694500000000001
Glenn,2018,8,0.19140000000000001
San Luis Obispo,2018,8,0.42035
Sierra,2018,9,0.6718000000000001
Sacramento,2018,9,0.32435
Santa Barbara,2018,9,0.6103000000000001
Calaveras,2018,9,0.43735
Ventura,2018,9,0.2911
Los Angeles,2018,9,0.44170000000000004
Sonoma,2018,9,0.8449000000000001
Kings,2018,9,0.28645000000000004
San Diego,2018,9,0.36505000000000004
Placer,2018,9,0.8084
San Francisco,2018,9,
Marin,2018,9,0.46855
Mariposa,2018,9,0.6131
Lassen,2018,9,0.4208
Napa,2018,9,0.6137
Shasta,2018,9,0.6969500000000001
Monterey,2018,9,0.2534
Trinity,2018,9,0.7131500000000001
Mendocino,2018,9,0.8631000000000001
Inyo,2018,9,0.134
Mono,2018,9,0.2063
Tuolumne,2018,9,0.5509000000000001
Solano,2018,9,0.12425
San Bernardino,2018,9,0.07440000000000001
Contra Costa,2018,9,0.29425
Alpine,2018,9,0.50095
El Dorado,2018,9,0.44780000000000003
Yolo,2018,9,0.23435
Yuba,2018,9,0.42210000000000003
San Benito,2018,9,0.2798
Humboldt,2018,9,0.75555
Riverside,2018,9,0.0811
Kern,2018,9,0.19755
Colusa,2018,9,0.39575000000000005
Del Norte,2018,9,0.6693
Modoc,2018,9,0.196
Fresno,2018,9,0.3111
Madera,2018,9,0.3229
Santa Clara,2018,9,0.34525
Tehama,2018,9,0.2682
San Joaquin,2018,9,0.2963
Alameda,2018,9,0.5845
Nevada,2018,9,0.80855
Butte,2018,9,0.339
Merced,2018,9,0.47785
Tulare,2018,9,0.3749
Stanislaus,2018,9,0.49620000000000003
Orange,2018,9,0.30975
Imperial,2018,9,0.3584
Sutter,2018,9,0.639
Amador,2018,9,0.6652
Lake,2018,9,0.44325000000000003
Plumas,2018,9,0.7962
San Mateo,2018,9,0.56365
Siskiyou,2018,9,0.26075000000000004
Santa Cruz,2018,9,0.75105
Glenn,2018,9,0.1966
San Luis Obispo,2018,9,0.43710000000000004
Sierra,2018,10,0.6277
Sacramento,2018,10,0.3259
Santa Barbara,2018,10,0.6736000000000001
Calaveras,2018,10,0.46240000000000003
Ventura,2018,10,0.3073
Los Angeles,2018,10,0.4521
Sonoma,2018,10,0.8731
Kings,2018,10,0.328
San Diego,2018,10,0.3251
Placer,2018,10,0.8078000000000001
San Francisco,2018,10,
Marin,2018,10,0.5108
Mariposa,2018,10,0.6488
Lassen,2018,10,0.38770000000000004
Napa,2018,10,0.6493
Shasta,2018,10,0.6958000000000001
Monterey,2018,10,0.24830000000000002
Trinity,2018,10,0.77
Mendocino,2018,10,0.9116000000000001
Inyo,2018,10,0.1361
Mono,2018,10,0.1867
Tuolumne,2018,10,0.5822
Solano,2018,10,0.1376
San Bernardino,2018,10,0.0818
Contra Costa,2018,10,0.2975
Alpine,2018,10,0.5365
El Dorado,2018,10,0.38220000000000004
Yolo,2018,10,0.2248
Yuba,2018,10,0.3962
San Benito,2018,10,0.2952
Humboldt,2018,10,0.7483000000000001
Riverside,2018,10,0.08310000000000001
Kern,2018,10,0.23550000000000001
Colusa,2018,10,0.24700000000000003
Del Norte,2018,10,0.6606000000000001
Modoc,2018,10,0.2107
Fresno,2018,10,0.35660000000000003
Madera,2018,10,0.34850000000000003
Santa Clara,2018,10,0.3396
Tehama,2018,10,0.2404
San Joaquin,2018,10,0.3305
Alameda,2018,10,0.5574
Nevada,2018,10,0.7811
Butte,2018,10,0.30810000000000004
Merced,2018,10,0.4239
Tulare,2018,10,0.3783
Stanislaus,2018,10,0.438
Orange,2018,10,0.3881
Imperial,2018,10,0.34240000000000004
Sutter,2018,10,0.308
Amador,2018,10,0.6837000000000001
Lake,2018,10,0.42310000000000003
Plumas,2018,10,0.7956000000000001
San Mateo,2018,10,0.506
Siskiyou,2018,10,0.3241
Santa Cruz,2018,10,0.8085
Glenn,2018,10,0.1965
San Luis Obispo,2018,10,0.4471
Sierra,2018,11,0.6118
Sacramento,2018,11,0.34165
Santa Barbara,2018,11,0.6227
Calaveras,2018,11,0.4666
Ventura,2018,11,0.30160000000000003
Los Angeles,2018,11,0.45575000000000004
Sonoma,2018,11,0.85165
Kings,2018,11,0.133
San Diego,2018,11,0.3679
Placer,2018,11,0.733
San Francisco,2018,11,
Marin,2018,11,0.5356000000000001
Mariposa,2018,11,0.6221
Lassen,2018,11,0.37535
Napa,2018,11,0.61355
Shasta,2018,11,0.65995
Monterey,2018,11,0.24150000000000002
Trinity,2018,11,0.7534000000000001
Mendocino,2018,11,0.8489
Inyo,2018,11,0.14450000000000002
Mono,2018,11,0.1597
Tuolumne,2018,11,0.60185
Solano,2018,11,0.13305
San Bernardino,2018,11,0.08020000000000001
Contra Costa,2018,11,0.2888
Alpine,2018,11,0.57925
El Dorado,2018,11,0.36785
Yolo,2018,11,0.21415
Yuba,2018,11,0.41725
San Benito,2018,11,0.2778
Humboldt,2018,11,0.70565
Riverside,2018,11,0.10930000000000001
Kern,2018,11,0.21865
Colusa,2018,11,0.35665
Del Norte,2018,11,0.6635500000000001
Modoc,2018,11,0.21685000000000001
Fresno,2018,11,0.36565000000000003
Madera,2018,11,0.33895000000000003
Santa Clara,2018,11,0.3885
Tehama,2018,11,0.275
San Joaquin,2018,11,0.2932
Alameda,2018,11,0.51405
Nevada,2018,11,0.7951
Butte,2018,11,0.36310000000000003
Merced,2018,11,0.37215000000000004
Tulare,2018,11,0.3956
Stanislaus,2018,11,0.4169
Orange,2018,11,0.38370000000000004
Imperial,2018,11,0.3995
Sutter,2018,11,0.0388
Amador,2018,11,0.6867500000000001
Lake,2018,11,0.44745
Plumas,2018,11,0.80445
San Mateo,2018,11,0.53545
Siskiyou,2018,11,0.28615
Santa Cruz,2018,11,0.78385
Glenn,2018,11,0.25045
San Luis Obispo,2018,11,0.44720000000000004
Sierra,2018,12,0.24350000000000002
Sacramento,2018,12,0.4514
Santa Barbara,2018,12,0.6316
Calaveras,2018,12,0.543
Ventura,2018,12,0.30465000000000003
Los Angeles,2018,12,0.49345
Sonoma,2018,12,0.8839
Kings,2018,12,0.11180000000000001
San Diego,2018,12,0.42655000000000004
Placer,2018,12,0.7812
San Francisco,2018,12,
Marin,2018,12,0.65195
Mariposa,2018,12,0.6908500000000001
Lassen,2018,12,0.0747
Napa,2018,12,0.67115
Shasta,2018,12,0.6919000000000001
Monterey,2018,12,0.5623
Trinity,2018,12,0.7997000000000001
Mendocino,2018,12,0.8772000000000001
Inyo,2018,12,0.1386
Mono,2018,12,0.030600000000000002
Tuolumne,2018,12,0.41825
Solano,2018,12,0.26830000000000004
San Bernardino,2018,12,0.0745
Contra Costa,2018,12,0.40490000000000004
Alpine,2018,12,0.1801
El Dorado,2018,12,0.382
Yolo,2018,12,0.27965
Yuba,2018,12,0.50375
San Benito,2018,12,0.4586
Humboldt,2018,12,0.7453000000000001
Riverside,2018,12,0.14625000000000002
Kern,2018,12,0.47350000000000003
Colusa,2018,12,0.3816
Del Norte,2018,12,0.7230500000000001
Modoc,2018,12,0.24465
Fresno,2018,12,0.5513
Madera,2018,12,0.53605
Santa Clara,2018,12,0.5149
Tehama,2018,12,0.33995000000000003
San Joaquin,2018,12,0.30195
Alameda,2018,12,0.64915
Nevada,2018,12,0.82765
Butte,2018,12,0.4879
Merced,2018,12,0.4441
Tulare,2018,12,0.47285000000000005
Stanislaus,2018,12,0.4576
Orange,2018,12,0.36665000000000003
Imperial,2018,12,0.5756
Sutter,2018,12,-0.0034000000000000002
Amador,2018,12,0.73585
Lake,2018,12,0.47340000000000004
Plumas,2018,12,0.7958500000000001
San Mateo,2018,12,0.59985
Siskiyou,2018,12,0.32385
Santa Cruz,2018,12,0.8267
Glenn,2018,12,0.4531
San Luis Obispo,2018,12,0.57325
Sierra,2019,1,0.23605
Sacramento,2019,1,0.48005000000000003
Santa Barbara,2019,1,0.6990000000000001
Calaveras,2019,1,0.61155
Ventura,2019,1,0.5238
Los Angeles,2019,1,0.5486
Sonoma,2019,1,0.8479500000000001
Kings,2019,1,0.15555
San Diego,2019,1,0.4484
Placer,2019,1,0.79615
San Francisco,2019,1,
Marin,2019,1,0.7226
Mariposa,2019,1,0.68125
Lassen,2019,1,0.02705
Napa,2019,1,0.6746500000000001
Shasta,2019,1,0.7105
Monterey,2019,1,0.6288
Trinity,2019,1,0.78285
Mendocino,2019,1,0.8723500000000001
Inyo,2019,1,0.14735
Mono,2019,1,-0.0031000000000000003
Tuolumne,2019,1,0.36710000000000004
Solano,2019,1,0.42535
San Bernardino,2019,1,0.0776
Contra Costa,2019,1,0.4264
Alpine,2019,1,0.1756
El Dorado,2019,1,0.40750000000000003
Yolo,2019,1,0.34515
Yuba,2019,1,0.54915
San Benito,2019,1,0.5228
Humboldt,2019,1,0.7374
Riverside,2019,1,0.17295000000000002
Kern,2019,1,0.5441
Colusa,2019,1,0.34440000000000004
Del Norte,2019,1,0.72475
Modoc,2019,1,0.23335
Fresno,2019,1,0.54865
Madera,2019,1,0.5866
Santa Clara,2019,1,0.5903
Tehama,2019,1,0.37955
San Joaquin,2019,1,0.38320000000000004
Alameda,2019,1,0.65605
Nevada,2019,1,0.8238000000000001
Butte,2019,1,0.54655
Merced,2019,1,0.5076
Tulare,2019,1,0.5920500000000001
Stanislaus,2019,1,0.46725
Orange,2019,1,0.3594
Imperial,2019,1,0.5826
Sutter,2019,1,-0.028450000000000003
Amador,2019,1,0.7006
Lake,2019,1,0.4319
Plumas,2019,1,0.6992
San Mateo,2019,1,0.59395
Siskiyou,2019,1,0.34895000000000004
Santa Cruz,2019,1,0.796
Glenn,2019,1,0.61855
San Luis Obispo,2019,1,0.5684
Sierra,2019,2,0.07815
Sacramento,2019,2,0.5327500000000001
Santa Barbara,2019,2,0.68225
Calaveras,2019,2,0.55305
Ventura,2019,2,0.6990500000000001
Los Angeles,2019,2,0.54055
Sonoma,2019,2,0.86275
Kings,2019,2,0.1424
San Diego,2019,2,0.5078
Placer,2019,2,0.5193
San Francisco,2019,2,
Marin,2019,2,0.74165
Mariposa,2019,2,0.35925
Lassen,2019,2,0.0437
Napa,2019,2,0.6748500000000001
Shasta,2019,2,0.6169
Monterey,2019,2,0.7054
Trinity,2019,2,0.41985
Mendocino,2019,2,0.8600500000000001
Inyo,2019,2,0.14565
Mono,2019,2,-0.03375
Tuolumne,2019,2,0.09480000000000001
Solano,2019,2,0.38880000000000003
San Bernardino,2019,2,0.07930000000000001
Contra Costa,2019,2,0.4985
Alpine,2019,2,0.0786
El Dorado,2019,2,0.0056
Yolo,2019,2,0.44275000000000003
Yuba,2019,2,0.5861500000000001
San Benito,2019,2,0.6144000000000001
Humboldt,2019,2,0.2735
Riverside,2019,2,0.20585
Kern,2019,2,0.5967
Colusa,2019,2,0.4097
Del Norte,2019,2,0.48815000000000003
Modoc,2019,2,-0.014750000000000001
Fresno,2019,2,0.5882000000000001
Madera,2019,2,0.6569
Santa Clara,2019,2,0.6311
Tehama,2019,2,0.4743
San Joaquin,2019,2,0.39095
Alameda,2019,2,0.7118
Nevada,2019,2,0.33185000000000003
Butte,2019,2,0.6499
Merced,2019,2,0.55445
Tulare,2019,2,0.64835
Stanislaus,2019,2,0.49160000000000004
Orange,2019,2,0.4045
Imperial,2019,2,0.6243500000000001
Sutter,2019,2,0.23835
Amador,2019,2,0.7362000000000001
Lake,2019,2,0.35335
Plumas,2019,2,0.1996
San Mateo,2019,2,0.62275
Siskiyou,2019,2,0.37875000000000003
Santa Cruz,2019,2,0.7756000000000001
Glenn,2019,2,0.68345
San Luis Obispo,2019,2,0.56565
Sierra,2019,3,0.16010000000000002
Sacramento,2019,3,0.6054
Santa Barbara,2019,3,0.66635
Calaveras,2019,3,0.5723
Ventura,2019,3,0.7775500000000001
Los Angeles,2019,3,0.6334500000000001
Sonoma,2019,3,0.84555
Kings,2019,3,0.14125000000000001
San Diego,2019,3,0.5429
Placer,2019,3,0.7082
San Francisco,2019,3,
Marin,2019,3,0.7593500000000001
Mariposa,2019,3,0.6295000000000001
Lassen,2019,3,0.01305
Napa,2019,3,0.68035
Shasta,2019,3,0.66745
Monterey,2019,3,0.7563500000000001
Trinity,2019,3,0.6454500000000001
Mendocino,2019,3,0.86805
Inyo,2019,3,0.15485000000000002
Mono,2019,3,-0.05405
Tuolumne,2019,3,0.08545
Solano,2019,3,0.3552
San Bernardino,2019,3,0.07945
Contra Costa,2019,3,0.5670000000000001
Alpine,2019,3,0.11370000000000001
El Dorado,2019,3,0.374
Yolo,2019,3,0.45625000000000004
Yuba,2019,3,0.70025
San Benito,2019,3,0.6253500000000001
Humboldt,2019,3,0.71285
Riverside,2019,3,0.25020000000000003
Kern,2019,3,0.58755
Colusa,2019,3,0.47100000000000003
Del Norte,2019,3,0.6454000000000001
Modoc,2019,3,0.10185000000000001
Fresno,2019,3,0.5147
Madera,2019,3,0.68415
Santa Clara,2019,3,0.71025
Tehama,2019,3,0.58475
San Joaquin,2019,3,0.42960000000000004
Alameda,2019,3,0.7431
Nevada,2019,3,0.645
Butte,2019,3,0.71135
Merced,2019,3,0.7251500000000001
Tulare,2019,3,0.6946
Stanislaus,2019,3,0.5613
Orange,2019,3,0.34855
Imperial,2019,3,0.58555
Sutter,2019,3,0.33415
Amador,2019,3,0.72665
Lake,2019,3,0.39745
Plumas,2019,3,0.35000000000000003
San Mateo,2019,3,0.69255
Siskiyou,2019,3,0.47905000000000003
Santa Cruz,2019,3,0.78385
Glenn,2019,3,0.72835
San Luis Obispo,2019,3,0.5678000000000001
Sierra,2019,4,0.1761
Sacramento,2019,4,0.60305
Santa Barbara,2019,4,0.7305
Calaveras,2019,4,0.6334500000000001
Ventura,2019,4,0.7248
Los Angeles,2019,4,0.65185
Sonoma,2019,4,0.8339000000000001
Kings,2019,4,0.1221
San Diego,2019,4,0.5544
Placer,2019,4,0.76675
San Francisco,2019,4,
Marin,2019,4,0.78505
Mariposa,2019,4,0.63675
Lassen,2019,4,0.24365
Napa,2019,4,0.7433000000000001
Shasta,2019,4,0.7061000000000001
Monterey,2019,4,0.6904
Trinity,2019,4,0.7270500000000001
Mendocino,2019,4,0.79135
Inyo,2019,4,0.21535
Mono,2019,4,0.03535
Tuolumne,2019,4,0.32370000000000004
Solano,2019,4,0.2847
San Bernardino,2019,4,0.0845
Contra Costa,2019,4,0.5623
Alpine,2019,4,0.14715
El Dorado,2019,4,0.38675000000000004
Yolo,2019,4,0.4116
Yuba,2019,4,0.7591
San Benito,2019,4,0.72185
Humboldt,2019,4,0.7626000000000001
Riverside,2019,4,0.1418
Kern,2019,4,0.3791
Colusa,2019,4,0.48710000000000003
Del Norte,2019,4,0.669
Modoc,2019,4,0.2798
Fresno,2019,4,0.39035000000000003
Madera,2019,4,0.7222500000000001
Santa Clara,2019,4,0.78615
Tehama,2019,4,0.62675
San Joaquin,2019,4,0.41305000000000003
Alameda,2019,4,0.7874
Nevada,2019,4,0.75355
Butte,2019,4,0.7693
Merced,2019,4,0.6543
Tulare,2019,4,0.7595500000000001
Stanislaus,2019,4,0.5895
Orange,2019,4,0.3785
Imperial,2019,4,0.64795
Sutter,2019,4,0.27645000000000003
Amador,2019,4,0.7263000000000001
Lake,2019,4,0.39985000000000004
Plumas,2019,4,0.78435
San Mateo,2019,4,0.79335
Siskiyou,2019,4,0.5498500000000001
Santa Cruz,2019,4,0.80425
Glenn,2019,4,0.7034
San Luis Obispo,2019,4,0.62175
Sierra,2019,5,0.13365000000000002
Sacramento,2019,5,0.4243
Santa Barbara,2019,5,0.7265
Calaveras,2019,5,0.6099
Ventura,2019,5,0.63415
Los Angeles,2019,5,0.6145
Sonoma,2019,5,0.8400500000000001
Kings,2019,5,0.39175000000000004
San Diego,2019,5,0.5316500000000001
Placer,2019,5,0.8261000000000001
San Francisco,2019,5,
Marin,2019,5,0.7396
Mariposa,2019,5,0.7172000000000001
Lassen,2019,5,0.41705000000000003
Napa,2019,5,0.6946
Shasta,2019,5,0.7846500000000001
Monterey,2019,5,0.40775
Trinity,2019,5,0.7124
Mendocino,2019,5,0.8459500000000001
Inyo,2019,5,0.19285000000000002
Mono,2019,5,0.18965
Tuolumne,2019,5,0.5853
Solano,2019,5,0.15615
San Bernardino,2019,5,0.08235
Contra Costa,2019,5,0.4212
Alpine,2019,5,0.33840000000000003
El Dorado,2019,5,0.51115
Yolo,2019,5,0.29050000000000004
Yuba,2019,5,0.61595
San Benito,2019,5,0.5111
Humboldt,2019,5,0.8045
Riverside,2019,5,0.1292
Kern,2019,5,0.2842
Colusa,2019,5,0.459
Del Norte,2019,5,0.60895
Modoc,2019,5,0.26565
Fresno,2019,5,0.40215
Madera,2019,5,0.4363
Santa Clara,2019,5,0.62395
Tehama,2019,5,0.4338
San Joaquin,2019,5,0.394
Alameda,2019,5,0.70965
Nevada,2019,5,0.7423000000000001
Butte,2019,5,0.53845
Merced,2019,5,0.5073
Tulare,2019,5,0.62505
Stanislaus,2019,5,0.55745
Orange,2019,5,0.38965
Imperial,2019,5,0.6492
Sutter,2019,5,0.11835000000000001
Amador,2019,5,0.7454500000000001
Lake,2019,5,0.508
Plumas,2019,5,0.79045
San Mateo,2019,5,0.80315
Siskiyou,2019,5,0.44930000000000003
Santa Cruz,2019,5,0.78185
Glenn,2019,5,0.40940000000000004
San Luis Obispo,2019,5,0.5523
Sierra,2019,6,0.5722
Sacramento,2019,6,0.3704
Santa Barbara,2019,6,0.68815
Calaveras,2019,6,0.5678000000000001
Ventura,2019,6,0.55195
Los Angeles,2019,6,0.6157
Sonoma,2019,6,0.8530000000000001
Kings,2019,6,0.6693
San Diego,2019,6,0.47535000000000005
Placer,2019,6,0.8405
San Francisco,2019,6,
Marin,2019,6,0.6223500000000001
Mariposa,2019,6,0.68625
Lassen,2019,6,0.4733
Napa,2019,6,0.6757000000000001
Shasta,2019,6,0.7715000000000001
Monterey,2019,6,0.32445
Trinity,2019,6,0.71845
Mendocino,2019,6,0.81865
Inyo,2019,6,0.17105
Mono,2019,6,0.29795
Tuolumne,2019,6,0.61065
Solano,2019,6,0.24755000000000002
San Bernardino,2019,6,0.0765
Contra Costa,2019,6,0.38535
Alpine,2019,6,0.47005
El Dorado,2019,6,0.53535
Yolo,2019,6,0.38915
Yuba,2019,6,0.5486
San Benito,2019,6,0.37945
Humboldt,2019,6,0.7782
Riverside,2019,6,0.1207
Kern,2019,6,0.34440000000000004
Colusa,2019,6,0.49195
Del Norte,2019,6,0.6678000000000001
Modoc,2019,6,0.274
Fresno,2019,6,0.3714
Madera,2019,6,0.4232
Santa Clara,2019,6,0.4559
Tehama,2019,6,0.3679
San Joaquin,2019,6,0.33155
Alameda,2019,6,0.69745
Nevada,2019,6,0.7795000000000001
Butte,2019,6,0.39755
Merced,2019,6,0.42985
Tulare,2019,6,0.51885
Stanislaus,2019,6,0.55805
Orange,2019,6,0.41140000000000004
Imperial,2019,6,0.63295
Sutter,2019,6,0.5916
Amador,2019,6,0.7169
Lake,2019,6,0.5094500000000001
Plumas,2019,6,0.7302500000000001
San Mateo,2019,6,0.7657
Siskiyou,2019,6,0.37065000000000003
Santa Cruz,2019,6,0.77815
Glenn,2019,6,0.2757
San Luis Obispo,2019,6,0.4878
Sierra,2019,7,0.62905
Sacramento,2019,7,0.3423
Santa Barbara,2019,7,0.66845
Calaveras,2019,7,0.54335
Ventura,2019,7,0.45180000000000003
Los Angeles,2019,7,0.5317000000000001
Sonoma,2019,7,0.8420000000000001
Kings,2019,7,0.67845
San Diego,2019,7,0.44670000000000004
Placer,2019,7,0.84245
San Francisco,2019,7,
Marin,2019,7,0.49065000000000003
Mariposa,2019,7,0.6776500000000001
Lassen,2019,7,0.42345
Napa,2019,7,0.66345
Shasta,2019,7,0.7264
Monterey,2019,7,0.31765
Trinity,2019,7,0.72445
Mendocino,2019,7,0.8308500000000001
Inyo,2019,7,0.1647
Mono,2019,7,0.25220000000000004
Tuolumne,2019,7,0.6274000000000001
Solano,2019,7,0.134
San Bernardino,2019,7,0.0738
Contra Costa,2019,7,0.3451
Alpine,2019,7,0.4887
El Dorado,2019,7,0.52775
Yolo,2019,7,0.35795
Yuba,2019,7,0.4782
San Benito,2019,7,0.3247
Humboldt,2019,7,0.7753
Riverside,2019,7,0.11620000000000001
Kern,2019,7,0.23170000000000002
Colusa,2019,7,0.53125
Del Norte,2019,7,0.6305000000000001
Modoc,2019,7,0.2131
Fresno,2019,7,0.3366
Madera,2019,7,0.36910000000000004
Santa Clara,2019,7,0.43165000000000003
Tehama,2019,7,0.3327
San Joaquin,2019,7,0.32285
Alameda,2019,7,0.6248
Nevada,2019,7,0.7906500000000001
Butte,2019,7,0.343
Merced,2019,7,0.5896
Tulare,2019,7,0.42585
Stanislaus,2019,7,0.5053500000000001
Orange,2019,7,0.36555000000000004
Imperial,2019,7,0.42050000000000004
Sutter,2019,7,0.8861
Amador,2019,7,0.7072
Lake,2019,7,0.4844
Plumas,2019,7,0.7585000000000001
San Mateo,2019,7,0.7132000000000001
Siskiyou,2019,7,0.2879
Santa Cruz,2019,7,0.8008500000000001
Glenn,2019,7,0.25765
San Luis Obispo,2019,7,0.4596
Sierra,2019,8,0.66395
Sacramento,2019,8,0.33685000000000004
Santa Barbara,2019,8,0.7320500000000001
Calaveras,2019,8,0.50665
Ventura,2019,8,0.41440000000000005
Los Angeles,2019,8,0.5266000000000001
Sonoma,2019,8,0.8403
Kings,2019,8,0.6393
San Diego,2019,8,0.437
Placer,2019,8,0.82955
San Francisco,2019,8,
Marin,2019,8,0.4762
Mariposa,2019,8,0.6795
Lassen,2019,8,0.39130000000000004
Napa,2019,8,0.62965
Shasta,2019,8,0.7205
Monterey,2019,8,0.32880000000000004
Trinity,2019,8,0.7437
Mendocino,2019,8,0.85265
Inyo,2019,8,0.1579
Mono,2019,8,0.23025
Tuolumne,2019,8,0.5936
Solano,2019,8,0.1638
San Bernardino,2019,8,0.07200000000000001
Contra Costa,2019,8,0.3402
Alpine,2019,8,0.5142
El Dorado,2019,8,0.46995000000000003
Yolo,2019,8,0.24275000000000002
Yuba,2019,8,0.4534
San Benito,2019,8,0.31065000000000004
Humboldt,2019,8,0.7874
Riverside,2019,8,0.12100000000000001
Kern,2019,8,0.2114
Colusa,2019,8,0.52825
Del Norte,2019,8,0.6764
Modoc,2019,8,0.2083
Fresno,2019,8,0.3161
Madera,2019,8,0.35245000000000004
Santa Clara,2019,8,0.40950000000000003
Tehama,2019,8,0.30945
San Joaquin,2019,8,0.318
Alameda,2019,8,0.6344000000000001
Nevada,2019,8,0.81035
Butte,2019,8,0.32655
Merced,2019,8,0.5890000000000001
Tulare,2019,8,0.41425
Stanislaus,2019,8,0.47435000000000005
Orange,2019,8,0.3357
Imperial,2019,8,0.42860000000000004
Sutter,2019,8,0.8180000000000001
Amador,2019,8,0.7241500000000001
Lake,2019,8,0.49825
Plumas,2019,8,0.7719
San Mateo,2019,8,0.6367
Siskiyou,2019,8,0.27690000000000003
Santa Cruz,2019,8,0.78435
Glenn,2019,8,0.24530000000000002
San Luis Obispo,2019,8,0.45125000000000004
Sierra,2019,9,0.70865
Sacramento,2019,9,0.34235000000000004
Santa Barbara,2019,9,0.6485000000000001
Calaveras,2019,9,0.5253
Ventura,2019,9,0.3851
Los Angeles,2019,9,0.52215
Sonoma,2019,9,0.8643500000000001
Kings,2019,9,0.49810000000000004
San Diego,2019,9,0.45045
Placer,2019,9,0.8371000000000001
San Francisco,2019,9,
Marin,2019,9,0.5191
Mariposa,2019,9,0.6852
Lassen,2019,9,0.40375
Napa,2019,9,0.64105
Shasta,2019,9,0.7313500000000001
Monterey,2019,9,0.30535
Trinity,2019,9,0.7685000000000001
Mendocino,2019,9,0.86065
Inyo,2019,9,0.16415000000000002
Mono,2019,9,0.21125000000000002
Tuolumne,2019,9,0.60395
Solano,2019,9,0.19745000000000001
San Bernardino,2019,9,0.07325000000000001
Contra Costa,2019,9,0.34085000000000004
Alpine,2019,9,0.5054500000000001
El Dorado,2019,9,0.4666
Yolo,2019,9,0.22915000000000002
Yuba,2019,9,0.47085000000000005
San Benito,2019,9,0.32605
Humboldt,2019,9,0.7861
Riverside,2019,9,0.11705
Kern,2019,9,0.21215
Colusa,2019,9,0.43405000000000005
Del Norte,2019,9,0.686
Modoc,2019,9,0.21395
Fresno,2019,9,0.3366
Madera,2019,9,0.34385
Santa Clara,2019,9,0.40835000000000005
Tehama,2019,9,0.29775
San Joaquin,2019,9,0.30125
Alameda,2019,9,0.64615
Nevada,2019,9,0.8280000000000001
Butte,2019,9,0.33430000000000004
Merced,2019,9,0.47400000000000003
Tulare,2019,9,0.42365
Stanislaus,2019,9,0.46605
Orange,2019,9,0.34940000000000004
Imperial,2019,9,0.50475
Sutter,2019,9,0.6387
Amador,2019,9,0.69425
Lake,2019,9,0.49235
Plumas,2019,9,0.7951
San Mateo,2019,9,0.6058
Siskiyou,2019,9,0.2661
Santa Cruz,2019,9,0.7973
Glenn,2019,9,0.24555000000000002
San Luis Obispo,2019,9,0.45505
Sierra,2019,10,0.6684
Sacramento,2019,10,0.3073
Santa Barbara,2019,10,0.6419
Calaveras,2019,10,0.49060000000000004
Ventura,2019,10,0.3501
Los Angeles,2019,10,0.5296000000000001
Sonoma,2019,10,0.8659
Kings,2019,10,0.37360000000000004
San Diego,2019,10,0.44830000000000003
Placer,2019,10,0.8218000000000001
San Francisco,2019,10,
Marin,2019,10,0.4242
Mariposa,2019,10,0.6768000000000001
Lassen,2019,10,0.40180000000000005
Napa,2019,10,0.6378
Shasta,2019,10,0.6787000000000001
Monterey,2019,10,0.3034
Trinity,2019,10,0.7875000000000001
Mendocino,2019,10,0.8884000000000001
Inyo,2019,10,0.16670000000000001
Mono,2019,10,0.1416
Tuolumne,2019,10,0.5853
Solano,2019,10,0.1585
San Bernardino,2019,10,0.0675
Contra Costa,2019,10,0.3196
Alpine,2019,10,0.557
El Dorado,2019,10,0.4304
Yolo,2019,10,0.22590000000000002
Yuba,2019,10,0.4651
San Benito,2019,10,0.324
Humboldt,2019,10,0.7635000000000001
Riverside,2019,10,0.1144
Kern,2019,10,0.21030000000000001
Colusa,2019,10,0.3986
Del Norte,2019,10,0.6734
Modoc,2019,10,0.23720000000000002
Fresno,2019,10,0.3139
Madera,2019,10,0.3471
Santa Clara,2019,10,0.3886
Tehama,2019,10,0.2775
San Joaquin,2019,10,0.29710000000000003
Alameda,2019,10,0.6125
Nevada,2019,10,0.7841
Butte,2019,10,0.32780000000000004
Merced,2019,10,0.3894
Tulare,2019,10,0.3899
Stanislaus,2019,10,0.43470000000000003
Orange,2019,10,0.3451
Imperial,2019,10,0.5764
Sutter,2019,10,0.2682
Amador,2019,10,0.7173
Lake,2019,10,0.4902
Plumas,2019,10,0.7856000000000001
San Mateo,2019,10,0.5576
Siskiyou,2019,10,0.3075
Santa Cruz,2019,10,0.7851
Glenn,2019,10,0.2353
San Luis Obispo,2019,10,0.4833
Sierra,2019,11,0.638
Sacramento,2019,11,0.3179
Santa Barbara,2019,11,0.5940000000000001
Calaveras,2019,11,0.5045000000000001
Ventura,2019,11,0.34440000000000004
Los Angeles,2019,11,0.52575
Sonoma,2019,11,0.8460500000000001
Kings,2019,11,0.2082
San Diego,2019,11,0.42785
Placer,2019,11,0.7726500000000001
San Francisco,2019,11,
Marin,2019,11,0.4302
Mariposa,2019,11,0.62065
Lassen,2019,11,0.41290000000000004
Napa,2019,11,0.61365
Shasta,2019,11,0.6837500000000001
Monterey,2019,11,0.2838
Trinity,2019,11,0.78525
Mendocino,2019,11,0.8771
Inyo,2019,11,0.17170000000000002
Mono,2019,11,0.17565
Tuolumne,2019,11,0.61385
Solano,2019,11,0.17485
San Bernardino,2019,11,0.0687
Contra Costa,2019,11,0.32455
Alpine,2019,11,0.5685
El Dorado,2019,11,0.4295
Yolo,2019,11,0.21475
Yuba,2019,11,0.42685
San Benito,2019,11,0.3134
Humboldt,2019,11,0.79425
Riverside,2019,11,0.11295000000000001
Kern,2019,11,0.2124
Colusa,2019,11,0.46395000000000003
Del Norte,2019,11,0.7031000000000001
Modoc,2019,11,0.22915000000000002
Fresno,2019,11,0.377
Madera,2019,11,0.3466
Santa Clara,2019,11,0.37920000000000004
Tehama,2019,11,0.29255000000000003
San Joaquin,2019,11,0.2816
Alameda,2019,11,0.6544
Nevada,2019,11,0.81135
Butte,2019,11,0.27925
Merced,2019,11,0.35885
Tulare,2019,11,0.39445
Stanislaus,2019,11,0.42395
Orange,2019,11,0.37215000000000004
Imperial,2019,11,0.5132
Sutter,2019,11,0.07435
Amador,2019,11,0.70875
Lake,2019,11,0.49100000000000005
Plumas,2019,11,0.8089000000000001
San Mateo,2019,11,0.5407500000000001
Siskiyou,2019,11,0.2723
Santa Cruz,2019,11,0.7894
Glenn,2019,11,0.2293
San Luis Obispo,2019,11,0.47835
Sierra,2019,12,0.1947
Sacramento,2019,12,0.3996
Santa Barbara,2019,12,0.6893
Calaveras,2019,12,0.5184500000000001
Ventura,2019,12,0.38865
Los Angeles,2019,12,0.5996
Sonoma,2019,12,0.8869
Kings,2019,12,0.1431
San Diego,2019,12,0.5135500000000001
Placer,2019,12,0.7915000000000001
San Francisco,2019,12,
Marin,2019,12,0.5815
Mariposa,2019,12,0.70255
Lassen,2019,12,0.11305000000000001
Napa,2019,12,0.6423
Shasta,2019,12,0.7091500000000001
Monterey,2019,12,0.44025000000000003
Trinity,2019,12,0.7714000000000001
Mendocino,2019,12,0.88405
Inyo,2019,12,0.18105000000000002
Mono,2019,12,0.01795
Tuolumne,2019,12,0.16485
Solano,2019,12,0.19535
San Bernardino,2019,12,0.08075
Contra Costa,2019,12,0.45480000000000004
Alpine,2019,12,0.15635000000000002
El Dorado,2019,12,0.40515
Yolo,2019,12,0.30975
Yuba,2019,12,0.5288
San Benito,2019,12,0.45170000000000005
Humboldt,2019,12,0.7871
Riverside,2019,12,0.11575
Kern,2019,12,0.47645000000000004
Colusa,2019,12,0.49565000000000003
Del Norte,2019,12,0.7301500000000001
Modoc,2019,12,0.2485
Fresno,2019,12,0.40145000000000003
Madera,2019,12,0.43975000000000003
Santa Clara,2019,12,0.5404
Tehama,2019,12,0.39745
San Joaquin,2019,12,0.32665
Alameda,2019,12,0.7147
Nevada,2019,12,0.8565
Butte,2019,12,0.38525000000000004
Merced,2019,12,0.44630000000000003
Tulare,2019,12,0.45480000000000004
Stanislaus,2019,12,0.5142
Orange,2019,12,0.31975000000000003
Imperial,2019,12,0.59835
Sutter,2019,12,-0.0046500000000000005
Amador,2019,12,0.74385
Lake,2019,12,0.5773
Plumas,2019,12,0.47885
San Mateo,2019,12,0.6521
Siskiyou,2019,12,0.2926
Santa Cruz,2019,12,0.8189500000000001
Glenn,2019,12,0.3864
San Luis Obispo,2019,12,0.5398000000000001
Sierra,2020,1,0.30845
Sacramento,2020,1,0.50025
Santa Barbara,2020,1,0.67345
Calaveras,2020,1,0.5868
Ventura,2020,1,0.53505
Los Angeles,2020,1,0.59185
Sonoma,2020,1,0.8641000000000001
Kings,2020,1,0.17855000000000001
San Diego,2020,1,0.51115
Placer,2020,1,0.8069500000000001
San Francisco,2020,1,
Marin,2020,1,0.7070500000000001
Mariposa,2020,1,0.6396000000000001
Lassen,2020,1,0.12375000000000001
Napa,2020,1,0.6558
Shasta,2020,1,0.5910000000000001
Monterey,2020,1,0.5075000000000001
Trinity,2020,1,0.8036500000000001
Mendocino,2020,1,0.8692000000000001
Inyo,2020,1,0.17170000000000002
Mono,2020,1,0.025150000000000002
Tuolumne,2020,1,0.2657
Solano,2020,1,0.35715
San Bernardino,2020,1,0.08170000000000001
Contra Costa,2020,1,0.4449
Alpine,2020,1,0.24925
El Dorado,2020,1,0.41865
Yolo,2020,1,0.42750000000000005
Yuba,2020,1,0.58355
San Benito,2020,1,0.56935
Humboldt,2020,1,0.75555
Riverside,2020,1,0.11180000000000001
Kern,2020,1,0.59325
Colusa,2020,1,0.41535
Del Norte,2020,1,0.6173500000000001
Modoc,2020,1,0.25915
Fresno,2020,1,0.50315
Madera,2020,1,0.5411
Santa Clara,2020,1,0.6278
Tehama,2020,1,0.4607
San Joaquin,2020,1,0.40850000000000003
Alameda,2020,1,0.72755
Nevada,2020,1,0.8242
Butte,2020,1,0.50295
Merced,2020,1,0.5834
Tulare,2020,1,0.53185
Stanislaus,2020,1,0.5088
Orange,2020,1,0.3798
Imperial,2020,1,0.53435
Sutter,2020,1,0.09620000000000001
Amador,2020,1,0.7302000000000001
Lake,2020,1,0.5537500000000001
Plumas,2020,1,0.71975
San Mateo,2020,1,0.5959
Siskiyou,2020,1,0.30870000000000003
Santa Cruz,2020,1,0.79995
Glenn,2020,1,0.4601
San Luis Obispo,2020,1,0.5692
Sierra,2020,2,0.3286
Sacramento,2020,2,0.54255
Santa Barbara,2020,2,0.6923
Calaveras,2020,2,0.54925
Ventura,2020,2,0.6263000000000001
Los Angeles,2020,2,0.5942500000000001
Sonoma,2020,2,0.8679
Kings,2020,2,0.14705000000000001
San Diego,2020,2,0.5365
Placer,2020,2,0.7779
San Francisco,2020,2,
Marin,2020,2,0.7443500000000001
Mariposa,2020,2,0.6617000000000001
Lassen,2020,2,0.36215
Napa,2020,2,0.669
Shasta,2020,2,0.6303500000000001
Monterey,2020,2,0.63795
Trinity,2020,2,0.7833
Mendocino,2020,2,0.8398
Inyo,2020,2,0.1718
Mono,2020,2,0.117
Tuolumne,2020,2,0.52785
Solano,2020,2,0.341
San Bernardino,2020,2,0.08020000000000001
Contra Costa,2020,2,0.5266500000000001
Alpine,2020,2,0.26530000000000004
El Dorado,2020,2,0.39265
Yolo,2020,2,0.3961
Yuba,2020,2,0.6424000000000001
San Benito,2020,2,0.6354500000000001
Humboldt,2020,2,0.7351000000000001
Riverside,2020,2,0.13455
Kern,2020,2,0.55645
Colusa,2020,2,0.42745
Del Norte,2020,2,0.70645
Modoc,2020,2,0.26230000000000003
Fresno,2020,2,0.50685
Madera,2020,2,0.6023000000000001
Santa Clara,2020,2,0.6929000000000001
Tehama,2020,2,0.5345
San Joaquin,2020,2,0.38065000000000004
Alameda,2020,2,0.7345
Nevada,2020,2,0.8263
Butte,2020,2,0.56765
Merced,2020,2,0.70975
Tulare,2020,2,0.60555
Stanislaus,2020,2,0.41350000000000003
Orange,2020,2,0.36810000000000004
Imperial,2020,2,0.5780500000000001
Sutter,2020,2,0.2601
Amador,2020,2,0.7189500000000001
Lake,2020,2,0.5348
Plumas,2020,2,0.78305
San Mateo,2020,2,0.6289
Siskiyou,2020,2,0.37320000000000003
Santa Cruz,2020,2,0.8067000000000001
Glenn,2020,2,0.56945
San Luis Obispo,2020,2,0.55235
Sierra,2020,3,0.08055000000000001
Sacramento,2020,3,0.5809000000000001
Santa Barbara,2020,3,0.6879000000000001
Calaveras,2020,3,0.5714
Ventura,2020,3,0.64815
Los Angeles,2020,3,0.6163000000000001
Sonoma,2020,3,0.8539
Kings,2020,3,0.15005000000000002
San Diego,2020,3,0.5720000000000001
Placer,2020,3,0.7756000000000001
San Francisco,2020,3,
Marin,2020,3,0.77085
Mariposa,2020,3,0.6499
Lassen,2020,3,0.18165
Napa,2020,3,0.67615
Shasta,2020,3,0.6676000000000001
Monterey,2020,3,0.65285
Trinity,2020,3,0.7333500000000001
Mendocino,2020,3,0.8598
Inyo,2020,3,0.22840000000000002
Mono,2020,3,0.07
Tuolumne,2020,3,0.3462
Solano,2020,3,0.3342
San Bernardino,2020,3,0.09545000000000001
Contra Costa,2020,3,0.56125
Alpine,2020,3,0.14165
El Dorado,2020,3,0.18080000000000002
Yolo,2020,3,0.47405
Yuba,2020,3,0.7012
San Benito,2020,3,0.66385
Humboldt,2020,3,0.7625500000000001
Riverside,2020,3,0.13485
Kern,2020,3,0.35875
Colusa,2020,3,0.4888
Del Norte,2020,3,0.7012
Modoc,2020,3,0.26785000000000003
Fresno,2020,3,0.46195
Madera,2020,3,0.64835
Santa Clara,2020,3,0.7337
Tehama,2020,3,0.62255
San Joaquin,2020,3,0.41290000000000004
Alameda,2020,3,0.7307
Nevada,2020,3,0.6289
Butte,2020,3,0.6032500000000001
Merced,2020,3,0.70035
Tulare,2020,3,0.6821
Stanislaus,2020,3,0.5548000000000001
Orange,2020,3,0.3931
Imperial,2020,3,0.6
Sutter,2020,3,0.26085
Amador,2020,3,0.7099500000000001
Lake,2020,3,0.53325
Plumas,2020,3,0.6502
San Mateo,2020,3,0.779
Siskiyou,2020,3,0.39985000000000004
Santa Cruz,2020,3,0.7925500000000001
Glenn,2020,3,0.5740000000000001
San Luis Obispo,2020,3,0.5508000000000001
Sierra,2020,4,0.12445
Sacramento,2020,4,0.5211
Santa Barbara,2020,4,0.6989000000000001
Calaveras,2020,4,0.60475
Ventura,2020,4,0.70985
Los Angeles,2020,4,0.64905
Sonoma,2020,4,0.8550500000000001
Kings,2020,4,0.23805
San Diego,2020,4,0.54695
Placer,2020,4,0.75795
San Francisco,2020,4,
Marin,2020,4,0.76375
Mariposa,2020,4,0.6385000000000001
Lassen,2020,4,0.40690000000000004
Napa,2020,4,0.67535
Shasta,2020,4,0.73865
Monterey,2020,4,0.6611
Trinity,2020,4,0.7601
Mendocino,2020,4,0.8358
Inyo,2020,4,0.25665
Mono,2020,4,0.14265
Tuolumne,2020,4,0.31875000000000003
Solano,2020,4,0.37275
San Bernardino,2020,4,0.0719
Contra Costa,2020,4,0.53105
Alpine,2020,4,0.28750000000000003
El Dorado,2020,4,0.44120000000000004
Yolo,2020,4,0.4218
Yuba,2020,4,0.6866
San Benito,2020,4,0.6758500000000001
Humboldt,2020,4,0.7816500000000001
Riverside,2020,4,0.1481
Kern,2020,4,0.43315000000000003
Colusa,2020,4,0.49660000000000004
Del Norte,2020,4,0.6943
Modoc,2020,4,0.28815
Fresno,2020,4,0.48055000000000003
Madera,2020,4,0.66995
Santa Clara,2020,4,0.7751
Tehama,2020,4,0.53825
San Joaquin,2020,4,0.40140000000000003
Alameda,2020,4,0.73745
Nevada,2020,4,0.6932
Butte,2020,4,0.58985
Merced,2020,4,0.6355500000000001
Tulare,2020,4,0.73385
Stanislaus,2020,4,0.5858
Orange,2020,4,0.40455
Imperial,2020,4,0.5754
Sutter,2020,4,0.23665
Amador,2020,4,0.7296
Lake,2020,4,0.6017
Plumas,2020,4,0.7904
San Mateo,2020,4,0.7556
Siskiyou,2020,4,0.37905
Santa Cruz,2020,4,0.7729
Glenn,2020,4,0.4274
San Luis Obispo,2020,4,0.5815
Sierra,2020,5,0.4917
Sacramento,2020,5,0.36310000000000003
Santa Barbara,2020,5,0.6776
Calaveras,2020,5,0.57615
Ventura,2020,5,0.57215
Los Angeles,2020,5,0.62575
Sonoma,2020,5,0.8672500000000001
Kings,2020,5,0.4393
San Diego,2020,5,0.5463
Placer,2020,5,0.8271000000000001
San Francisco,2020,5,
Marin,2020,5,0.6665500000000001
Mariposa,2020,5,0.67835
Lassen,2020,5,0.4289
Napa,2020,5,0.6627000000000001
Shasta,2020,5,0.7734500000000001
Monterey,2020,5,0.35965
Trinity,2020,5,0.7479
Mendocino,2020,5,0.8466
Inyo,2020,5,0.226
Mono,2020,5,0.1967
Tuolumne,2020,5,0.5972500000000001
Solano,2020,5,0.13715
San Bernardino,2020,5,0.08185
Contra Costa,2020,5,0.387
Alpine,2020,5,0.46480000000000005
El Dorado,2020,5,0.5315
Yolo,2020,5,0.42750000000000005
Yuba,2020,5,0.5861500000000001
San Benito,2020,5,0.49210000000000004
Humboldt,2020,5,0.8086
Riverside,2020,5,0.13355
Kern,2020,5,0.24605000000000002
Colusa,2020,5,0.5805
Del Norte,2020,5,0.67505
Modoc,2020,5,0.27845000000000003
Fresno,2020,5,0.30575
Madera,2020,5,0.45045
Santa Clara,2020,5,0.49805000000000005
Tehama,2020,5,0.3801
San Joaquin,2020,5,0.33190000000000003
Alameda,2020,5,0.6435000000000001
Nevada,2020,5,0.7542
Butte,2020,5,0.43185
Merced,2020,5,0.49355000000000004
Tulare,2020,5,0.6458
Stanislaus,2020,5,0.5335
Orange,2020,5,0.40280000000000005
Imperial,2020,5,0.6224000000000001
Sutter,2020,5,0.20325000000000001
Amador,2020,5,0.70725
Lake,2020,5,0.6913
Plumas,2020,5,0.76785
San Mateo,2020,5,0.8019000000000001
Siskiyou,2020,5,0.30855
Santa Cruz,2020,5,0.7986000000000001
Glenn,2020,5,0.2388
San Luis Obispo,2020,5,0.52
Sierra,2020,6,0.6077
Sacramento,2020,6,0.3373
Santa Barbara,2020,6,0.7253000000000001
Calaveras,2020,6,0.53815
Ventura,2020,6,0.4642
Los Angeles,2020,6,0.6105
Sonoma,2020,6,0.8258500000000001
Kings,2020,6,0.45905
San Diego,2020,6,0.4863
Placer,2020,6,0.8157500000000001
San Francisco,2020,6,
Marin,2020,6,0.5195500000000001
Mariposa,2020,6,0.6890000000000001
Lassen,2020,6,0.3915
Napa,2020,6,0.5556
Shasta,2020,6,0.7667
Monterey,2020,6,0.27935
Trinity,2020,6,0.7702
Mendocino,2020,6,0.81505
Inyo,2020,6,0.19065000000000001
Mono,2020,6,0.24095000000000003
Tuolumne,2020,6,0.6375500000000001
Solano,2020,6,0.19895000000000002
San Bernardino,2020,6,0.0828
Contra Costa,2020,6,0.2898
Alpine,2020,6,0.48460000000000003
El Dorado,2020,6,0.5920500000000001
Yolo,2020,6,0.44830000000000003
Yuba,2020,6,0.45435000000000003
San Benito,2020,6,0.31575000000000003
Humboldt,2020,6,0.8057000000000001
Riverside,2020,6,0.124
Kern,2020,6,0.1918
Colusa,2020,6,0.56925
Del Norte,2020,6,0.6910000000000001
Modoc,2020,6,0.2539
Fresno,2020,6,0.3336
Madera,2020,6,0.3675
Santa Clara,2020,6,0.38155
Tehama,2020,6,0.28965
San Joaquin,2020,6,0.3261
Alameda,2020,6,0.61815
Nevada,2020,6,0.78705
Butte,2020,6,0.3297
Merced,2020,6,0.41895000000000004
Tulare,2020,6,0.4323
Stanislaus,2020,6,0.57555
Orange,2020,6,0.42125
Imperial,2020,6,0.5416000000000001
Sutter,2020,6,0.7773
Amador,2020,6,0.73385
Lake,2020,6,0.6153500000000001
Plumas,2020,6,0.7414000000000001
San Mateo,2020,6,0.6901
Siskiyou,2020,6,0.28755000000000003
Santa Cruz,2020,6,0.75965
Glenn,2020,6,0.1963
San Luis Obispo,2020,6,0.4742
Sierra,2020,7,0.6395500000000001
Sacramento,2020,7,0.30795
Santa Barbara,2020,7,0.68095
Calaveras,2020,7,0.4969
Ventura,2020,7,0.3886
Los Angeles,2020,7,0.5498000000000001
Sonoma,2020,7,0.82875
Kings,2020,7,0.48175
San Diego,2020,7,0.4556
Placer,2020,7,0.8248000000000001
San Francisco,2020,7,
Marin,2020,7,0.548
Mariposa,2020,7,0.6688000000000001
Lassen,2020,7,0.3779
Napa,2020,7,0.5979
Shasta,2020,7,0.7247
Monterey,2020,7,0.27205
Trinity,2020,7,0.7539
Mendocino,2020,7,0.84775
Inyo,2020,7,0.17
Mono,2020,7,0.2305
Tuolumne,2020,7,0.62975
Solano,2020,7,0.12055
San Bernardino,2020,7,0.08045000000000001
Contra Costa,2020,7,0.30360000000000004
Alpine,2020,7,0.49010000000000004
El Dorado,2020,7,0.5413
Yolo,2020,7,0.4439
Yuba,2020,7,0.43635
San Benito,2020,7,0.29255000000000003
Humboldt,2020,7,0.79225
Riverside,2020,7,0.11875000000000001
Kern,2020,7,0.18695
Colusa,2020,7,0.5753
Del Norte,2020,7,0.68165
Modoc,2020,7,0.2056
Fresno,2020,7,0.35365
Madera,2020,7,0.33565
Santa Clara,2020,7,0.3664
Tehama,2020,7,0.31195
San Joaquin,2020,7,0.27745000000000003
Alameda,2020,7,0.5921500000000001
Nevada,2020,7,0.8142
Butte,2020,7,0.30885
Merced,2020,7,0.48245000000000005
Tulare,2020,7,0.378
Stanislaus,2020,7,0.5454
Orange,2020,7,0.4405
Imperial,2020,7,0.37885
Sutter,2020,7,0.90515
Amador,2020,7,0.69765
Lake,2020,7,0.5624
Plumas,2020,7,0.7537
San Mateo,2020,7,0.61355
Siskiyou,2020,7,0.23950000000000002
Santa Cruz,2020,7,0.7769
Glenn,2020,7,0.19445
San Luis Obispo,2020,7,0.4283
Sierra,2020,8,0.6988000000000001
Sacramento,2020,8,0.3425
Santa Barbara,2020,8,0.6624
Calaveras,2020,8,0.49845
Ventura,2020,8,0.37695
Los Angeles,2020,8,0.50305
Sonoma,2020,8,0.84555
Kings,2020,8,0.29325
San Diego,2020,8,0.43535
Placer,2020,8,0.79695
San Francisco,2020,8,
Marin,2020,8,0.50565
Mariposa,2020,8,0.68
Lassen,2020,8,0.3986
Napa,2020,8,0.4763
Shasta,2020,8,0.71025
Monterey,2020,8,0.2667
Trinity,2020,8,0.7614000000000001
Mendocino,2020,8,0.83765
Inyo,2020,8,0.1759
Mono,2020,8,0.18205000000000002
Tuolumne,2020,8,0.6093500000000001
Solano,2020,8,0.114
San Bernardino,2020,8,0.08600000000000001
Contra Costa,2020,8,0.26705
Alpine,2020,8,0.5067
El Dorado,2020,8,0.4943
Yolo,2020,8,0.3335
Yuba,2020,8,0.41655000000000003
San Benito,2020,8,0.3073
Humboldt,2020,8,0.7235
Riverside,2020,8,0.11810000000000001
Kern,2020,8,0.18975
Colusa,2020,8,0.5740000000000001
Del Norte,2020,8,0.6681
Modoc,2020,8,0.2003
Fresno,2020,8,0.32115
Madera,2020,8,0.33455
Santa Clara,2020,8,0.3516
Tehama,2020,8,0.30565000000000003
San Joaquin,2020,8,0.30010000000000003
Alameda,2020,8,0.54905
Nevada,2020,8,0.8147500000000001
Butte,2020,8,0.2901
Merced,2020,8,0.5074000000000001
Tulare,2020,8,0.35550000000000004
Stanislaus,2020,8,0.48075
Orange,2020,8,0.35755000000000003
Imperial,2020,8,0.3242
Sutter,2020,8,0.8081
Amador,2020,8,0.69945
Lake,2020,8,0.61445
Plumas,2020,8,0.7977500000000001
San Mateo,2020,8,0.57225
Siskiyou,2020,8,0.23475000000000001
Santa Cruz,2020,8,0.75805
Glenn,2020,8,0.18975
San Luis Obispo,2020,8,0.45825000000000005
Sierra,2020,9,0.6355500000000001
Sacramento,2020,9,0.34340000000000004
Santa Barbara,2020,9,0.6428
Calaveras,2020,9,0.4748
Ventura,2020,9,0.38645
Los Angeles,2020,9,0.51165
Sonoma,2020,9,0.8091
Kings,2020,9,0.5107
San Diego,2020,9,0.44480000000000003
Placer,2020,9,0.79315
San Francisco,2020,9,
Marin,2020,9,0.48850000000000005
Mariposa,2020,9,0.6798000000000001
Lassen,2020,9,0.37255
Napa,2020,9,0.33705
Shasta,2020,9,0.6912
Monterey,2020,9,0.2579
Trinity,2020,9,0.7686000000000001
Mendocino,2020,9,0.8353
Inyo,2020,9,0.1754
Mono,2020,9,0.14585
Tuolumne,2020,9,0.5873
Solano,2020,9,0.132
San Bernardino,2020,9,0.08935
Contra Costa,2020,9,0.28105
Alpine,2020,9,0.49865000000000004
El Dorado,2020,9,0.4257
Yolo,2020,9,0.20805
Yuba,2020,9,0.4189
San Benito,2020,9,0.2888
Humboldt,2020,9,0.6964
Riverside,2020,9,0.1188
Kern,2020,9,0.1874
Colusa,2020,9,0.42360000000000003
Del Norte,2020,9,0.6436000000000001
Modoc,2020,9,0.1998
Fresno,2020,9,0.2828
Madera,2020,9,0.33890000000000003
Santa Clara,2020,9,0.34990000000000004
Tehama,2020,9,0.26955
San Joaquin,2020,9,0.2783
Alameda,2020,9,0.5311
Nevada,2020,9,0.8054
Butte,2020,9,0.27925
Merced,2020,9,0.3153
Tulare,2020,9,0.3282
Stanislaus,2020,9,0.39515
Orange,2020,9,0.37560000000000004
Imperial,2020,9,0.41575
Sutter,2020,9,0.53625
Amador,2020,9,0.7222500000000001
Lake,2020,9,0.58115
Plumas,2020,9,0.7776500000000001
San Mateo,2020,9,0.58925
Siskiyou,2020,9,0.229
Santa Cruz,2020,9,0.7559
Glenn,2020,9,0.19485000000000002
San Luis Obispo,2020,9,0.44925000000000004
Sierra,2020,10,0.6477
Sacramento,2020,10,0.31920000000000004
Santa Barbara,2020,10,0.6353500000000001
Calaveras,2020,10,0.5034500000000001
Ventura,2020,10,0.36625
Los Angeles,2020,10,0.5047
Sonoma,2020,10,0.81005
Kings,2020,10,0.17800000000000002
San Diego,2020,10,0.43870000000000003
Placer,2020,10,0.7796500000000001
San Francisco,2020,10,
Marin,2020,10,0.4309
Mariposa,2020,10,0.648
Lassen,2020,10,0.36525
Napa,2020,10,0.31875000000000003
Shasta,2020,10,0.68845
Monterey,2020,10,0.2614
Trinity,2020,10,0.7705500000000001
Mendocino,2020,10,0.8345
Inyo,2020,10,0.1764
Mono,2020,10,0.15460000000000002
Tuolumne,2020,10,0.5954
Solano,2020,10,0.12040000000000001
San Bernardino,2020,10,0.08365
Contra Costa,2020,10,0.26325000000000004
Alpine,2020,10,0.4696
El Dorado,2020,10,0.40290000000000004
Yolo,2020,10,0.20445000000000002
Yuba,2020,10,0.4106
San Benito,2020,10,0.2763
Humboldt,2020,10,0.73985
Riverside,2020,10,0.11795
Kern,2020,10,0.19425
Colusa,2020,10,0.4161
Del Norte,2020,10,0.70225
Modoc,2020,10,0.19190000000000002
Fresno,2020,10,0.33080000000000004
Madera,2020,10,0.3518
Santa Clara,2020,10,0.36010000000000003
Tehama,2020,10,0.29175
San Joaquin,2020,10,0.28545000000000004
Alameda,2020,10,0.5411
Nevada,2020,10,0.80595
Butte,2020,10,0.27395
Merced,2020,10,0.34795000000000004
Tulare,2020,10,0.342
Stanislaus,2020,10,0.41185
Orange,2020,10,0.34815
Imperial,2020,10,0.2546
Sutter,2020,10,0.23290000000000002
Amador,2020,10,0.6911
Lake,2020,10,0.5647
Plumas,2020,10,0.76705
San Mateo,2020,10,0.53145
Siskiyou,2020,10,0.2255
Santa Cruz,2020,10,0.7373000000000001
Glenn,2020,10,0.19290000000000002
San Luis Obispo,2020,10,0.4491
Sierra,2020,11,0.35960000000000003
Sacramento,2020,11,0.3769
Santa Barbara,2020,11,0.649
Calaveras,2020,11,0.5197
Ventura,2020,11,0.3395
Los Angeles,2020,11,0.5114000000000001
Sonoma,2020,11,0.8178000000000001
Kings,2020,11,0.1718
San Diego,2020,11,0.459
Placer,2020,11,0.7686000000000001
San Francisco,2020,11,
Marin,2020,11,0.499
Mariposa,2020,11,0.6466000000000001
Lassen,2020,11,0.07930000000000001
Napa,2020,11,0.368
Shasta,2020,11,0.6751
Monterey,2020,11,0.2671
Trinity,2020,11,0.7731
Mendocino,2020,11,0.8485
Inyo,2020,11,0.186
Mono,2020,11,0.20770000000000002
Tuolumne,2020,11,0.6269
Solano,2020,11,0.1638
San Bernardino,2020,11,0.0809
Contra Costa,2020,11,0.3047
Alpine,2020,11,0.1497
El Dorado,2020,11,0.42810000000000004
Yolo,2020,11,0.2245
Yuba,2020,11,0.4294
San Benito,2020,11,0.2968
Humboldt,2020,11,0.7453000000000001
Riverside,2020,11,0.1169
Kern,2020,11,0.229
Colusa,2020,11,0.41390000000000005
Del Norte,2020,11,0.6910000000000001
Modoc,2020,11,0.21980000000000002
Fresno,2020,11,0.3785
Madera,2020,11,0.38970000000000005
Santa Clara,2020,11,0.36410000000000003
Tehama,2020,11,0.2914
San Joaquin,2020,11,0.252
Alameda,2020,11,0.5453
Nevada,2020,11,0.8018000000000001
Butte,2020,11,0.342
Merced,2020,11,0.45070000000000005
Tulare,2020,11,0.38720000000000004
Stanislaus,2020,11,0.385
Orange,2020,11,0.3724
Imperial,2020,11,0.48700000000000004
Sutter,2020,11,0.034800000000000005
Amador,2020,11,0.6827000000000001
Lake,2020,11,0.5539000000000001
Plumas,2020,11,0.7995
San Mateo,2020,11,0.5137
Siskiyou,2020,11,0.22990000000000002
Santa Cruz,2020,11,0.7478
Glenn,2020,11,0.2049
San Luis Obispo,2020,11,0.44320000000000004
Sierra,2020,12,0.45835000000000004
Sacramento,2020,12,0.3628
Santa Barbara,2020,12,0.6204000000000001
Calaveras,2020,12,0.52525
Ventura,2020,12,0.3452
Los Angeles,2020,12,0.5033500000000001
Sonoma,2020,12,0.83985
Kings,2020,12,0.12390000000000001
San Diego,2020,12,0.48995
Placer,2020,12,0.76595
San Francisco,2020,12,
Marin,2020,12,0.58335
Mariposa,2020,12,0.7010000000000001
Lassen,2020,12,0.098
Napa,2020,12,0.34605
Shasta,2020,12,0.64705
Monterey,2020,12,0.23885
Trinity,2020,12,0.808
Mendocino,2020,12,0.8601500000000001
Inyo,2020,12,0.18230000000000002
Mono,2020,12,0.09795000000000001
Tuolumne,2020,12,0.4707
Solano,2020,12,0.1711
San Bernardino,2020,12,0.07300000000000001
Contra Costa,2020,12,0.31605
Alpine,2020,12,0.23835
El Dorado,2020,12,0.39080000000000004
Yolo,2020,12,0.20095000000000002
Yuba,2020,12,0.46485000000000004
San Benito,2020,12,0.2616
Humboldt,2020,12,0.7626000000000001
Riverside,2020,12,0.11415
Kern,2020,12,0.21155000000000002
Colusa,2020,12,0.34190000000000004
Del Norte,2020,12,0.7155
Modoc,2020,12,0.1066
Fresno,2020,12,0.3922
Madera,2020,12,0.42415
Santa Clara,2020,12,0.35850000000000004
Tehama,2020,12,0.26630000000000004
San Joaquin,2020,12,0.26245
Alameda,2020,12,0.5969
Nevada,2020,12,0.8425
Butte,2020,12,0.4071
Merced,2020,12,0.37060000000000004
Tulare,2020,12,0.3805
Stanislaus,2020,12,0.34295000000000003
Orange,2020,12,0.3664
Imperial,2020,12,0.5997
Sutter,2020,12,-0.1298
Amador,2020,12,0.74065
Lake,2020,12,0.5542
Plumas,2020,12,0.7935
San Mateo,2020,12,0.52675
Siskiyou,2020,12,0.25880000000000003
Santa Cruz,2020,12,0.7222000000000001
Glenn,2020,12,0.2026
San Luis Obispo,2020,12,0.4116
